date,signal_date,strategy_equity,buy_and_hold_equity,strategy_net_return,buy_and_hold_net_return,strategy_drawdown,buy_and_hold_drawdown,strategy_weight,buy_and_hold_weight
2023-01-04,,1.0,1.0,0.0,0.0,0.0,0.0,0.0,0.0
2023-01-05,2023-01-03,1.0,1.0065064396262269,0.0,0.006506439626226879,0.0,0.0,0.0,1.0
2023-01-06,2023-01-04,1.0,1.0209235424845502,0.0,0.0143239052337083,0.0,0.0,0.0,1.0
2023-01-09,2023-01-05,1.0067965489432265,1.0283764875521144,0.006796548943226455,0.0073001990427477015,0.0,0.0,1.0,1.0
2023-01-10,2023-01-06,1.010871723837767,1.0325390108033183,0.004047664743008772,0.004047664743008772,0.0,0.0,1.0,1.0
2023-01-11,2023-01-09,1.0121739658958262,1.0338691654557308,0.0012882367043716147,0.0012882367043716147,0.0,0.0,1.0,1.0
2023-01-12,2023-01-10,1.0116678789128783,1.0343501856313735,-0.0004999999999999449,0.00046526213539865857,0.0004999999999999449,0.0,0.0,1.0
2023-01-13,2023-01-11,1.0116678789128783,1.0370599009008783,0.0,0.002619727155412921,0.0004999999999999449,0.0,0.0,1.0
2023-01-16,2023-01-12,1.0116678789128783,1.0487848030456297,0.0,0.011305906374902808,0.0004999999999999449,0.0,0.0,1.0
2023-01-17,2023-01-13,1.026278844264112,1.0644640598428758,0.014442452563517616,0.014949927527281304,0.0,0.0,1.0,1.0
2023-01-18,2023-01-16,1.0265909301440943,1.0647877576416587,0.0003040946246983811,0.0003040946246983811,0.0,0.0,1.0,1.0
2023-01-19,2023-01-17,1.0229893460180939,1.0610521677656177,-0.0035082952909927245,-0.0035082952909927245,0.0035082952909927245,0.0035082952909927245,1.0,1.0
2023-01-20,2023-01-18,1.0332220731962443,1.0716656285966542,0.010002770036638742,0.010002770036638742,0.0,0.0,1.0,1.0
2023-01-30,2023-01-19,1.058211855350228,1.0975852167425955,0.024186264310709582,0.024186264310709582,0.0,0.0,1.0,1.0
2023-01-31,2023-01-20,1.0415875667004448,1.0803423807560106,-0.015709792482225704,-0.015709792482225704,0.015709792482225704,0.015709792482225593,1.0,1.0
2023-02-01,2023-01-30,1.0340373250286032,1.0725112138682569,-0.007248782448276869,-0.007248782448276869,0.022844698062491342,0.02284469806249123,1.0,1.0
2023-02-02,2023-01-31,1.0432814000439705,1.0820992373136837,0.008939788527567494,0.008939788527567494,0.014109136304578662,0.014109136304578551,1.0,1.0
2023-02-03,2023-02-01,1.032027240031391,1.0704263387402928,-0.01078727178698402,-0.01078727178698402,0.024744209003565554,0.024744209003565665,1.0,1.0
2023-02-06,2023-02-02,1.0175970247174084,1.055459211956594,-0.01398239770642462,-0.01398239770642462,0.03838062333877146,0.03838062333877157,1.0,1.0
2023-02-07,2023-02-03,1.0162285184631383,1.0540397870785676,-0.0013448410530191302,-0.0013448410530191302,0.03967384855388412,0.03967384855388412,1.0,1.0
2023-02-08,2023-02-06,1.0166117696438954,1.0544372980572732,0.00037713090490387735,0.00037713090490387735,0.03931167988338635,0.03931167988338646,1.0,1.0
2023-02-09,2023-02-07,1.008604011956516,1.046131592151138,-0.007876908301174268,-0.007876908301174268,0.04687893368695406,0.04687893368695417,1.0,1.0
2023-02-10,2023-02-08,1.022622708339608,1.0606718884351862,0.013899108289186834,0.013899108289186834,0.03363140077356375,0.03363140077356386,1.0,1.0
2023-02-13,2023-02-09,1.0221113969854383,1.0541858188679756,-0.0004999999999999449,-0.006115057481894448,0.034114585073176884,0.03954080030653129,0.0,1.0
2023-02-14,2023-02-10,1.0346523609602112,1.0676541523160727,0.01226966455100742,0.012776052577295971,0.022263495037314174,0.027269923072899882,1.0,1.0
2023-02-15,2023-02-13,1.0341350347797311,1.0665245020367184,-0.0004999999999999449,-0.0010580676119731347,0.022752363289795463,0.02829913726248856,0.0,1.0
2023-02-16,2023-02-14,1.0341350347797311,1.0610088314561505,0.0,-0.005171630440777175,0.022752363289795463,0.033324415023551435,0.0,1.0
2023-02-17,2023-02-15,1.0238001957413827,1.0509308891032851,-0.009993703617777183,-0.009498452844199368,0.03251868653225054,0.042506337483089185,1.0,1.0
2023-02-20,2023-02-16,1.012209437659472,1.039032976066081,-0.011321308718365009,-0.011321308718365009,0.04347184116126823,0.05334641883232105,1.0,1.0
2023-02-21,2023-02-17,1.034784148646654,1.062205916633678,0.022302411089331065,0.022302411089331065,0.022138956944325994,0.032233761505932046,1.0,1.0
2023-02-22,2023-02-20,1.0320039792418305,1.0593520727717385,-0.002686714334056539,-0.002686714334056539,0.02476619022541915,0.034833872930910115,1.0,1.0
2023-02-23,2023-02-21,1.02880864976529,1.0560720671009767,-0.0030962375541304654,-0.0030962375541304654,0.027785745771300885,0.0378222565395161,1.0,1.0
2023-02-24,2023-02-22,1.0274998056502374,1.054728538631993,-0.0012721939258103498,-0.0012721939258103498,0.029022590840116935,0.03904633322029638,1.0,1.0
2023-02-27,2023-02-23,1.0123334094177612,1.0391602330745333,-0.014760485743234075,-0.014760485743234075,0.04335468904502382,0.05323047611870657,1.0,1.0
2023-02-28,2023-02-24,1.016761290769259,1.0437054532307022,0.004373935810381369,0.004373935810381369,0.03917038386160443,0.04908936699402455,1.0,1.0
2023-03-01,2023-02-27,1.0194179394044045,1.046432503023994,0.0026128538323244577,0.0026128538323244577,0.03665987651686642,0.04660477650237671,1.0,1.0
2023-03-02,2023-02-28,1.0189082304347024,1.0596156912714625,-0.0004999999999999449,0.012598221298909973,0.03714154657860791,0.03459369249143007,0.0,1.0
2023-03-03,2023-03-01,1.0189082304347024,1.0611656137365717,0.0,0.0014627213223403768,0.03714154657860791,0.03318157210071537,0.0,1.0
2023-03-06,2023-03-02,1.0189082304347024,1.0624860723719702,0.0,0.0012443473651100323,0.03714154657860791,0.031978514137419034,0.0,1.0
2023-03-07,2023-03-03,1.0189082304347024,1.0554106547148887,0.0,-0.006659303910954706,0.03714154657860791,0.038424863404111886,0.0,1.0
2023-03-08,2023-03-06,1.0003064253105496,1.0366607696328571,-0.018256605029303263,-0.01776548777318987,0.05472007306184823,0.055507714736309444,1.0,1.0
2023-03-09,2023-03-07,1.001573231362413,1.037973615480361,0.001266417989337798,0.001266417989337798,0.053522953557413766,0.05431159271546071,1.0,1.0
2023-03-10,2023-03-08,1.0010724447467318,1.0266451184025607,-0.0004999999999999449,-0.010914051098069089,0.05399619208063511,0.0646328843154158,0.0,1.0
2023-03-13,2023-03-09,1.0010724447467318,1.0191472167362141,0.0,-0.0073033042596191144,0.05399619208063511,0.07146415495570269,0.0,1.0
2023-03-14,2023-03-10,1.0010724447467318,1.0287243353773596,0.0,0.009397188633665676,0.05399619208063511,0.06273852846670125,0.0,1.0
2023-03-15,2023-03-13,1.0010724447467318,1.0318013676627729,0.0,0.002991114509101722,0.05399619208063511,0.05993507208037607,0.0,1.0
2023-03-16,2023-03-14,1.0010724447467318,1.0180036525438498,0.0,-0.013372452829925385,0.05399619208063511,0.07250604598604848,0.0,1.0
2023-03-17,2023-03-15,1.0010724447467318,1.0213374106696773,0.0,0.0032747997686422003,0.05399619208063511,0.06946868900002656,0.0,1.0
2023-03-20,2023-03-16,0.9984312589041475,1.0191523347929403,-0.002638356351175486,-0.0021394260642076945,0.05649208723549537,0.07145949194034118,1.0,1.0
2023-03-21,2023-03-17,0.9947765330483229,1.0154217600981137,-0.003660468182692833,-0.003660468182692833,0.05994576793028872,0.07485838492643493,1.0,1.0
2023-03-22,2023-03-20,1.0062728495044369,1.0271566668864154,0.01155668240472596,0.01155668240472596,0.04908185972704049,0.06416681710163463,1.0,1.0
2023-03-23,2023-03-21,1.0057697130796848,1.025152626192074,-0.0004999999999999449,-0.001951056502817683,0.04955731879717684,0.06599268051868112,0.0,1.0
2023-03-24,2023-03-22,1.0057697130796848,1.0377969525072284,0.0,0.012334091521690516,0.04955731879717684,0.05447254875826979,0.0,1.0
2023-03-27,2023-03-23,1.0057697130796848,1.0347483395820294,0.0,-0.0029375813041595533,0.04955731879717684,0.057250112521607055,0.0,1.0
2023-03-28,2023-03-24,1.0057697130796848,1.032792290314077,0.0,-0.0018903623162542793,0.04955731879717684,0.059032251382549084,0.0,1.0
2023-03-29,2023-03-27,1.0057697130796848,1.032250985088351,0.0,-0.0005241181898844038,0.04955731879717684,0.059525429695694076,0.0,1.0
2023-03-30,2023-03-28,1.0057697130796848,1.031213151203535,0.0,-0.0010054084712035616,0.04955731879717684,0.06047099079562945,0.0,1.0
2023-03-31,2023-03-29,1.0057697130796848,1.0404453282526513,0.0,0.008952734008814245,0.04955731879717684,0.05205963748265796,0.0,1.0
2023-04-03,2023-03-30,1.0057697130796848,1.0440894103606906,0.0,0.003502425364491968,0.04955731879717684,0.04873954711295159,0.0,1.0
2023-04-04,2023-03-31,1.0057697130796848,1.0517203300641662,0.0,0.007308684129685217,0.04955731879717684,0.04178708493773875,0.0,1.0
2023-04-06,2023-04-03,1.0057697130796848,1.050392927331702,0.0,-0.001262125200511388,0.04955731879717684,0.04299646960529435,0.0,1.0
2023-04-07,2023-04-04,1.0057697130796848,1.0536769451474353,0.0,0.0031264660397851696,0.04955731879717684,0.040004430567560645,0.0,1.0
2023-04-10,2023-04-06,1.0057697130796848,1.062706508875496,0.0,0.008569575114692363,0.04955731879717684,0.031777676425537416,0.0,1.0
2023-04-11,2023-04-07,1.0057697130796848,1.0566616980985062,0.0,-0.0056881281205156675,0.04955731879717684,0.03728504905117236,0.0,1.0
2023-04-12,2023-04-10,1.003771983902271,1.0550904289646388,-0.0019862689753271656,-0.0014870124815680175,0.05144515360767665,0.0387166181994254,1.0,1.0
2023-04-13,2023-04-11,0.998631343130956,1.0496869698488802,-0.005121323222561092,-0.005121323222561092,0.05630300957037859,0.043639661106102845,1.0,1.0
2023-04-14,2023-04-12,0.9980400019592062,1.049065396004848,-0.0005921516241377267,-0.0005921516241377267,0.056861821275955404,0.044205971434039815,1.0,1.0
2023-04-17,2023-04-13,1.0007563347762778,1.0519206029673227,0.0027216672796073205,0.0027216672796073205,0.05429491295477373,0.04160461810044769,1.0,1.0
2023-04-18,2023-04-14,1.0128035898819265,1.0645837812200671,0.012038150233984801,0.012038150233984801,0.04291037303987966,0.030067310509583667,1.0,1.0
2023-04-19,2023-04-17,1.0177179756128916,1.0697494178707574,0.004852259391712854,0.004852259391712854,0.03826632590875145,0.025360945507674537,1.0,1.0
2023-04-20,2023-04-18,1.008799974278239,1.0603754783659844,-0.008762743263212913,-0.008762743263212913,0.0466937511823996,0.0339014573164913,1.0,1.0
2023-04-21,2023-04-19,1.0066756922031745,1.0581425910950046,-0.00210575151588821,-0.00210575151588821,0.04870117726095302,0.035935820787244555,1.0,1.0
2023-04-24,2023-04-20,0.9863767956383876,1.0368059012615343,-0.020164285997967712,-0.020164285997967712,0.06788343879219316,0.05537548661728664,1.0,1.0
2023-04-25,2023-04-21,0.9750732190983697,1.0249244225873861,-0.011459694297352385,-0.011459694297352385,0.07856520963313396,0.0662005947664378,1.0,1.0
2023-04-26,2023-04-24,0.9665460931037826,1.0159613421590123,-0.008745113523343395,-0.008745113523343395,0.08662326147925026,0.07436677657323576,1.0,1.0
2023-04-27,2023-04-25,0.9660019261201797,1.0153893543118064,-0.0005630015862517768,-0.0005630015862517768,0.08713749403188298,0.0748879095463123,1.0,1.0
2023-04-28,2023-04-26,0.977067503008691,1.027020665459436,0.011455025698504429,0.011455025698504429,0.07668063056681707,0.0642907267761681,1.0,1.0
2023-05-04,2023-04-27,0.9765789692571868,1.032219788089311,-0.0004999999999999449,0.005062334970201476,0.07714229025153363,0.05955385300038529,0.0,1.0
2023-05-05,2023-04-28,0.9765789692571868,1.0367523031197372,0.0,0.004391036756635103,0.07714229025153363,0.055424319401274125,0.0,1.0
2023-05-08,2023-05-04,0.9765789692571868,1.035983565855664,0.0,-0.0007414859477621327,0.07714229025153363,0.056124708995035855,0.0,1.0
2023-05-09,2023-05-05,0.9765789692571868,1.0455852974630766,0.0,0.009268227724715139,0.07714229025153363,0.04737665785427014,0.0,1.0
2023-05-10,2023-05-08,0.9765789692571868,1.0333680073985971,0.0,-0.01168464217517462,0.07714229025153363,0.0585077207349618,0.0,1.0
2023-05-11,2023-05-09,0.9731381890740717,1.0302422635582105,-0.003523299488757403,-0.0030248118947048264,0.08039379434848626,0.061355557780055414,1.0,1.0
2023-05-12,2023-05-10,0.9687621574207169,1.025609444903499,-0.004496824502919217,-0.004496824502919217,0.08452910206709663,0.06557647710735903,1.0,1.0
2023-05-15,2023-05-11,0.9568732412818904,1.0130228831883816,-0.012272275550564649,-0.012272275550564649,0.09576401318505201,0.07704398006122681,1.0,1.0
2023-05-16,2023-05-12,0.9723465663982922,1.0294041881989904,0.016170715669374003,0.016170715669374003,0.08114187014425167,0.06211912068745984,1.0,1.0
2023-05-17,2023-05-15,0.9718603931150931,1.021477115615093,-0.0004999999999999449,-0.007700641472778824,0.08160129920917947,0.06934140508322029,0.0,1.0
2023-05-18,2023-05-16,0.9718603931150931,1.019886274415051,0.0,-0.0015573928928247494,0.08160129920917947,0.07079080616458988,0.0,1.0
2023-05-19,2023-05-17,0.9718603931150931,1.0149238940573673,0.0,-0.004865621277754473,0.08160129920917947,0.07531198618960067,0.0,1.0
2023-05-22,2023-05-18,0.9718603931150931,1.0135813686246262,0.0,-0.0013227843393991412,0.08160129920917947,0.0765351490130991,0.0,1.0
2023-05-23,2023-05-19,0.9718603931150931,1.020585416395197,0.0,0.006910197826618392,0.08160129920917947,0.0701538242068509,0.0,1.0
2023-05-24,2023-05-22,0.9718603931150931,1.0040088793815245,0.0,-0.016242184874855847,0.08160129920917947,0.08525655769926099,0.0,1.0
2023-05-25,2023-05-23,0.9718603931150931,0.9905382312344055,0.0,-0.013416861567416616,0.08160129920917947,0.09752954383431212,0.0,1.0
2023-05-26,2023-05-24,0.9718603931150931,0.9897697768779904,0.0,-0.0007757947469200221,0.08160129920917947,0.09822967567345597,0.0,1.0
2023-05-29,2023-05-25,0.9718603931150931,0.9932846216239697,0.0,0.0035511740488440857,0.08160129920917947,0.09502733229968985,0.0,1.0
2023-05-30,2023-05-26,0.9718603931150931,0.984465258285982,0.0,-0.008878989109454394,0.08160129920917947,0.1030625747605548,0.0,1.0
2023-05-31,2023-05-29,0.9718603931150931,0.9843034865432245,0.0,-0.00016432448112913,0.08160129920917947,0.10320996353756251,0.0,1.0
2023-06-01,2023-05-30,0.9718603931150931,0.974382892286097,0.0,-0.010078796217585007,0.08160129920917947,0.11224852756502801,0.0,1.0
2023-06-02,2023-05-31,0.9798430774338805,0.9828777348212049,0.008213817926256528,0.008718177014763961,0.07405773949717309,0.10450895308322261,1.0,1.0
2023-06-05,2023-06-01,0.9898260359894799,0.9928916114489178,0.010188323809710242,0.010188323809710242,0.06462393991807525,0.09538540032853804,1.0,1.0
2023-06-06,2023-06-02,0.9846732716231271,0.9877228885328648,-0.005205727248022818,-0.005205727248022818,0.06949325256119188,0.10009457719900705,1.0,1.0
2023-06-07,2023-06-05,0.978269454938061,0.9812992386826134,-0.006503493970655083,-0.006503493970655083,0.07554479758281407,0.10594710669035312,1.0,1.0
2023-06-08,2023-06-06,0.9720135010787934,0.9750239096019139,-0.006394918933315452,-0.006394918933315452,0.08145661365975365,0.11166450246516446,1.0,1.0
2023-06-09,2023-06-07,0.9800453728553392,0.9830806567687973,0.008263127793628033,0.008263127793628033,0.07386657227443238,0.104324072725418,1.0,1.0
2023-06-12,2023-06-08,0.981305937417571,0.9843451254067418,0.0012862308186396554,0.0012862308186396554,0.07267535091751931,0.10317202674424375,1.0,1.0
2023-06-13,2023-06-09,0.9840758719627996,0.9871236386749553,0.0028227023190321443,0.0028227023190321443,0.07005778948005859,0.10064054834436187,1.0,1.0
2023-06-14,2023-06-12,0.9929437443112182,0.9960189755786194,0.009011370567120203,0.009011370567120203,0.06167773561505652,0.09253608705245098,1.0,1.0
2023-06-15,2023-06-13,0.9927025025342217,0.9957769866553118,-0.00024295613762481683,-0.00024295613762481683,0.061905706768258795,0.09275656097977458,1.0,1.0
2023-06-16,2023-06-14,1.008198177981124,1.0113206535276267,0.01560958636383436,0.01560958636383436,0.047262442880637856,0.07859486616536626,1.0,1.0
2023-06-19,2023-06-15,1.0076940788921336,1.0177044133980664,-0.0004999999999999449,0.00631230050347753,0.047738811659197466,0.07277868007515509,0.0,1.0
2023-06-20,2023-06-16,1.0076940788921336,1.0097473268835175,0.0,-0.007818661695669138,0.047738811659197466,0.08002830989265919,0.0,1.0
2023-06-21,2023-06-19,1.0076940788921336,1.005377792383116,0.0,-0.0043273543628857825,0.047738811659197466,0.08400935339957649,0.0,1.0
2023-06-26,2023-06-20,1.0076940788921336,0.9859186835207534,0.0,-0.019355021574762765,0.047738811659197466,0.10173837212680858,0.0,1.0
2023-06-27,2023-06-21,1.0076940788921336,0.9803231815428057,0.0,-0.005675419354024158,0.047738811659197466,0.10683638355461733,0.0,1.0
2023-06-28,2023-06-26,1.0076940788921336,0.9867326860101453,0.0,0.006538154547414132,0.047738811659197466,0.10099674179417018,0.0,1.0
2023-06-29,2023-06-27,1.0076940788921336,0.986764037322454,0.0,3.177285272215613e-05,0.047738811659197466,0.1009681778960505,0.0,1.0
2023-06-30,2023-06-28,1.0076940788921336,0.9815184149611157,0.0,-0.005315984534227769,0.047738811659197466,0.10574741715813363,0.0,1.0
2023-07-03,2023-06-29,1.0076940788921336,0.9910234435871662,0.0,0.009684004376450783,0.047738811659197466,0.0970874712322406,0.0,1.0
2023-07-04,2023-06-30,1.0076940788921336,0.9999584132818622,0.0,0.00901590144260811,0.047738811659197466,0.08894690086157442,0.0,1.0
2023-07-05,2023-07-03,1.0076940788921336,1.0018003221691538,0.0,0.001841985489422937,0.047738811659197466,0.08726875427286751,0.0,1.0
2023-07-06,2023-07-04,1.0076940788921336,0.9919849438420136,0.0,-0.009797739239978842,0.047738811659197466,0.09621145701468303,0.0,1.0
2023-07-07,2023-07-05,1.0076940788921336,0.9854433729360318,0.0,-0.006594425597475251,0.047738811659197466,0.10217142331725038,0.0,1.0
2023-07-10,2023-07-06,1.0076940788921336,0.9880058990666176,0.0,0.0026003788761104207,0.047738811659197466,0.09983672885207628,0.0,1.0
2023-07-11,2023-07-07,1.0076940788921336,0.9911529638568843,0.0,0.0031852692309224384,0.047738811659197466,0.09696946648168225,0.0,1.0
2023-07-12,2023-07-10,1.0076940788921336,0.9939320943781702,0.0,0.002803937053743377,0.047738811659197466,0.09443742570808866,0.0,1.0
2023-07-13,2023-07-11,1.0076940788921336,0.9916330067151622,0.0,-0.0023131234779639742,0.047738811659197466,0.09653210375944876,0.0,1.0
2023-07-14,2023-07-12,1.0076940788921336,1.0042201599644744,0.0,0.012693358494598517,0.047738811659197466,0.08506406186410664,0.0,1.0
2023-07-17,2023-07-13,1.0076940788921336,0.998309756044027,0.0,-0.005885565890906275,0.047738811659197466,0.09044897761396364,0.0,1.0
2023-07-18,2023-07-14,1.0076940788921336,0.9955891874079968,0.0,-0.002725174846343159,0.047738811659197466,0.09292766318163581,0.0,1.0
2023-07-19,2023-07-17,1.0076940788921336,0.989786545586461,0.0,-0.005828349579250602,0.047738811659197466,0.09821439785428099,0.0,1.0
2023-07-20,2023-07-18,1.0076940788921336,0.9921758036358137,0.0,0.0024139124339552787,0.047738811659197466,0.09603756637649963,0.0,1.0
2023-07-21,2023-07-19,1.0076940788921336,0.9816853304794776,0.0,-0.010573199948934353,0.047738811659197466,0.10559534193352627,0.0,1.0
2023-07-24,2023-07-20,1.0076940788921336,0.9781787414933434,0.0,-0.0035720091533012477,0.047738811659197466,0.10879016355889493,0.0,1.0
2023-07-25,2023-07-21,1.0076940788921336,0.9944575824939129,0.0,0.016641990170137344,0.047738811659197466,0.09395865822131233,0.0,1.0
2023-07-26,2023-07-24,1.0076940788921336,1.0051385039420007,0.0,0.010740449503438887,0.047738811659197466,0.08422736694191035,0.0,1.0
2023-07-27,2023-07-25,1.0076940788921336,1.0066959877572483,0.0,0.00154952159243682,0.047738811659197466,0.08280835747322424,0.0,1.0
2023-07-28,2023-07-26,1.0076940788921336,1.0004110912539246,0.0,-0.006243092830165553,0.047738811659197466,0.08853447004057091,0.0,1.0
2023-07-31,2023-07-27,1.0076940788921336,1.0336132883382916,0.0,0.033188553560268064,0.047738811659197466,0.058284247481174445,0.0,1.0
2023-08-01,2023-07-28,1.0076940788921336,1.031116911161978,0.0,-0.0024151945456574175,0.047738811659197466,0.060558674230217435,0.0,1.0
2023-08-02,2023-07-31,1.0076940788921336,1.0250760610922036,0.0,-0.005858550087173731,0.047738811659197466,0.06606243829120073,0.0,1.0
2023-08-03,2023-08-01,1.0076940788921336,1.0190152788919626,0.0,-0.005912519500049007,0.047738811659197466,0.07158436233663212,0.0,1.0
2023-08-04,2023-08-02,1.0253898080645134,1.0374285295795662,0.01756061640437001,0.01806965122998494,0.031016518213974997,0.05480821556759097,1.0,1.0
2023-08-07,2023-08-03,1.0175714509343208,1.0295183800174075,-0.007624765790241517,-0.007624765790241517,0.03840479031720623,0.06201508155074842,1.0,1.0
2023-08-08,2023-08-04,1.0117437165408483,1.0236222243553843,-0.0057271009206494305,-0.0057271009206494305,0.04391194312787261,0.06738701584075446,1.0,1.0
2023-08-09,2023-08-07,1.0085189575313969,1.0203596046461654,-0.003187327933675488,-0.003187327933675488,0.04695930929859471,0.07035955925647364,1.0,1.0
2023-08-10,2023-08-08,1.0073751146126122,1.0192023322918158,-0.0011341808800348074,-0.0011341808800348074,0.04804022982788336,0.07141393966967213,1.0,1.0
2023-08-11,2023-08-09,1.0112203353853297,1.0230926983757922,0.0038170694480539336,0.0038170694480539336,0.04440653327338295,0.06786946218889645,1.0,1.0
2023-08-14,2023-08-10,1.0107147252176372,0.9878330939251886,-0.0004999999999999449,-0.03446374361441529,0.04488433000674619,0.09999417005918532,0.0,1.0
2023-08-15,2023-08-11,1.0148065998541191,0.9923284966146292,0.0040484961130855535,0.004550771498834871,0.0410175479292314,0.09589844917950541,1.0,1.0
2023-08-16,2023-08-14,1.0075634936937805,0.9852458262339455,-0.007137425161976574,-0.007137425161976574,0.04786221341253527,0.10235140633731377,1.0,1.0
2023-08-17,2023-08-15,0.9997702399178746,0.9776251940816786,-0.007734752027721226,-0.007734752027721226,0.055226763088012665,0.10929449561732729,1.0,1.0
2023-08-18,2023-08-16,1.0079916814444823,0.9856645295681412,0.008223330919795213,0.008223330919795213,0.04745758011671941,0.10196992950270556,1.0,1.0
2023-08-21,2023-08-17,1.00748768560376,0.9704311352402822,-0.0004999999999999449,-0.01545494828198124,0.04793385132666106,0.11584893779790517,0.0,1.0
2023-08-22,2023-08-18,1.0002700038126908,0.9639609085019332,-0.007164039714037673,-0.006667373400738086,0.05475449102614771,0.12174390307226568,1.0,1.0
2023-08-23,2023-08-21,1.001259073689669,0.9649140758403013,0.0009888028964259998,0.0009888028964259998,0.05381982952904063,0.12087548089981981,1.0,1.0
2023-08-24,2023-08-22,1.0007584441528241,0.9545665224891329,-0.0004999999999999449,-0.010723808067736207,0.05429291961427607,0.13030304351029098,0.0,1.0
2023-08-25,2023-08-23,0.9980948737053205,0.9525021453069523,-0.0026615518090965518,-0.002162633125659452,0.056809968004952194,0.1321838789576808,1.0,1.0
2023-08-28,2023-08-24,1.054160164579856,1.006006387480848,0.056172306212133094,0.056172306212133094,0.0038288087114948244,0.08343664607066625,1.0,1.0
2023-08-29,2023-08-25,1.0087508280097228,0.962671338239039,-0.04307631619549135,-0.04307631619549135,0.046740193932277796,0.12291881891772627,1.0,1.0
2023-08-30,2023-08-28,1.008246452595718,0.9781195623550146,-0.0004999999999999449,0.016047246347059785,0.04721682383531167,0.10884408113852884,0.0,1.0
2023-08-31,2023-08-29,1.008246452595718,0.9739549044369351,0.0,-0.004257820902847764,0.04721682383531167,0.11263846343755379,0.0,1.0
2023-09-01,2023-08-30,1.008246452595718,0.9718939993032875,0.0,-0.0021160169985889876,0.04721682383531167,0.11451613553281392,0.0,1.0
2023-09-04,2023-08-31,1.008246452595718,0.9806575526759677,0.0,0.009016984752413748,0.04721682383531167,0.1065317410284049,0.0,1.0
2023-09-05,2023-09-01,1.008246452595718,0.9874963566552483,0.0,0.006973692254364616,0.04721682383531167,0.10030096835129398,0.0,1.0
2023-09-06,2023-09-04,1.008246452595718,0.9794005939504055,0.0,-0.008198270960982579,0.04721682383531167,0.1076769447960837,0.0,1.0
2023-09-07,2023-09-05,1.008246452595718,0.9778901756819377,0.0,-0.00154218639216408,0.04721682383531167,0.10905307326923341,0.0,1.0
2023-09-08,2023-09-06,1.008246452595718,0.9638537636560941,0.0,-0.014353771389568615,0.04721682383531167,0.12184152177576557,0.0,1.0
2023-09-11,2023-09-07,1.008246452595718,0.9620363905784355,0.0,-0.001885527811568588,0.04721682383531167,0.1234973140094221,0.0,1.0
2023-09-12,2023-09-08,1.008246452595718,0.9681442383254566,0.0,0.006348873916659947,0.04721682383531167,0.1179325089684542,0.0,1.0
2023-09-13,2023-09-11,1.008246452595718,0.966929278527704,0.0,-0.0012549367642304965,0.04721682383531167,0.11903944789148224,0.0,1.0
2023-09-14,2023-09-12,1.008246452595718,0.9610978830005399,0.0,-0.006030839748738748,0.04721682383531167,0.12435237980620906,0.0,1.0
2023-09-15,2023-09-13,1.008246452595718,0.9620880083666254,0.0,0.001030202421208548,0.04721682383531167,0.12345028550775994,0.0,1.0
2023-09-18,2023-09-14,1.008246452595718,0.9513244264445754,0.0,-0.011187731089512098,0.04721682383531167,0.13325688800008773,0.0,1.0
2023-09-19,2023-09-15,1.008246452595718,0.9576229796721285,0.0,0.006620825716725287,0.04721682383531167,0.12751833291436432,0.0,1.0
2023-09-20,2023-09-18,1.008246452595718,0.9557026539257485,0.0,-0.002005304579300593,0.04721682383531167,0.12926792439672696,0.0,1.0
2023-09-21,2023-09-19,1.008246452595718,0.9511646093365475,0.0,-0.004748385463365645,0.04721682383531167,0.1334024959270077,0.0,1.0
2023-09-22,2023-09-20,1.0007468243179454,0.9445618532197516,-0.007438288781939195,-0.0069417596617701305,0.0543039002461978,0.13941820752377232,1.0,1.0
2023-09-25,2023-09-21,1.0185734708651701,0.9613876575992122,0.017813343109406743,0.017813343109406743,0.03745789114405551,0.12408836878068497,1.0,1.0
2023-09-26,2023-09-22,1.0180641841297375,0.9546103217384041,-0.0004999999999999449,-0.007049534916781175,0.03793916219848348,0.1302631384089803,0.0,1.0
2023-09-27,2023-09-25,1.0180641841297375,0.9503024353886208,0.0,-0.004512717128323462,0.03793916219848348,0.1341880148414164,0.0,1.0
2023-09-28,2023-09-26,1.0180641841297375,0.954482010255953,0.0,0.004398152326762217,0.03793916219848348,0.1303800418443526,0.0,1.0
2023-10-09,2023-09-27,1.0180641841297375,0.9461792620207905,0.0,-0.00869869536140977,0.03793916219848348,0.1379446009405505,0.0,1.0
2023-10-10,2023-09-28,1.0180641841297375,0.9506351090758336,0.0,0.004709305344028136,0.03793916219848348,0.13388491884291154,0.0,1.0
2023-10-11,2023-10-09,1.0180641841297375,0.9451048301725494,0.0,-0.005817457035287132,0.03793916219848348,0.13892350611515714,0.0,1.0
2023-10-12,2023-10-10,1.0180641841297375,0.9510670576322108,0.0,0.006308535592366882,0.03793916219848348,0.1334913744057341,0.0,1.0
2023-10-13,2023-10-11,1.0180641841297375,0.9459296603095885,0.0,-0.005401719343967604,0.03793916219848348,0.1381720108103215,0.0,1.0
2023-10-16,2023-10-12,1.0180641841297375,0.9423497210833358,0.0,-0.003784572338159875,0.03793916219848348,0.1414336611784608,0.0,1.0
2023-10-17,2023-10-13,1.0180641841297375,0.9349582184153656,0.0,-0.007843693803477603,0.03793916219848348,0.14816799265014968,0.0,1.0
2023-10-18,2023-10-16,1.0180641841297375,0.9338697183408466,0.0,-0.0011642232273907371,0.03793916219848348,0.14915971525894123,0.0,1.0
2023-10-19,2023-10-17,1.0180641841297375,0.9229258985216194,0.0,-0.011718786469134601,0.03793916219848348,0.15913053087515927,0.0,1.0
2023-10-20,2023-10-18,1.0180641841297375,0.9048792190024613,0.0,-0.019553768669907434,0.03793916219848348,0.17557269795601427,0.0,1.0
2023-10-23,2023-10-19,1.0123066692941634,0.9002119113323225,-0.005655355453345834,-0.005157934420556121,0.04337995820399476,0.17982503991447318,1.0,1.0
2023-10-24,2023-10-20,1.0069751242803597,0.8954707390445049,-0.005266729120258606,-0.005266729120258606,0.0484182168351448,0.18414467926046263,1.0,1.0
2023-10-25,2023-10-23,1.0192760044557687,0.9064095179636399,0.01221567432879711,0.01221567432879711,0.0367940036747868,0.1741784563628921,1.0,1.0
2023-10-26,2023-10-24,1.0078474805682713,0.8962464975622781,-0.011212393735884674,-0.011212393735884674,0.047593848554350116,0.1834378926657273,1.0,1.0
2023-10-27,2023-10-25,1.0125877853342953,0.9004618988266949,0.004703394965427821,0.004703394965427821,0.04311430625659818,0.17959727856113217,1.0,1.0
2023-10-30,2023-10-26,1.0278971855671828,0.914076058313176,0.015119084443462105,0.015119084443462105,0.02864707065015082,0.1671935405380518,1.0,1.0
2023-10-31,2023-10-27,1.035870932144194,0.9211668558593146,0.00775733866088113,0.00775733866088113,0.021111957017945215,0.16073317879303606,1.0,1.0
2023-11-01,2023-10-30,1.042835697724077,0.9273603989079044,0.006723584342178901,0.006723584342178901,0.014530320699404853,0.15509029753505865,1.0,1.0
2023-11-02,2023-10-31,1.035405673529214,0.9207531162685769,-0.00712482724850938,-0.00712482724850938,0.02155162192306559,0.16111013320571077,1.0,1.0
2023-11-03,2023-11-01,1.0291768998206559,0.9152140672278872,-0.006015780932827175,-0.006015780932827175,0.027437753019656563,0.16615671087111383,1.0,1.0
2023-11-06,2023-11-02,1.0435764037841406,0.9280190850929223,0.013991281737856687,0.013991281737856687,0.013830360614551562,0.15449017448769053,1.0,1.0
2023-11-07,2023-11-03,1.0480494458622163,0.9319968182055391,0.004286262186319778,0.004286262186319778,0.009603378979957,0.15086609769443526,1.0,1.0
2023-11-08,2023-11-06,1.0442487396467899,0.9286169718502966,-0.0036264569676859315,-0.0036264569676859315,0.013195009707027805,0.15394544525094966,1.0,1.0
2023-11-09,2023-11-07,1.0420694540648943,0.9266790029535935,-0.0020869410698380886,-0.0020869410698380886,0.015254413569191438,0.15571111124857895,1.0,1.0
2023-11-10,2023-11-08,1.0400335608005886,0.9248685482541228,-0.0019537020842171904,-0.0019537020842171904,0.01717831307382489,0.15736060021021403,1.0,1.0
2023-11-13,2023-11-09,1.0394094658386535,0.924313560585289,-0.0006000719452309289,-0.0006000719452309289,0.017768076795314003,0.15786624447397413,1.0,1.0
2023-11-14,2023-11-10,1.0357053571102683,0.9210196152826395,-0.003563666533858645,-0.003563666533858645,0.021268423828526117,0.16086732835557482,1.0,1.0
2023-11-15,2023-11-13,1.046051439636241,0.930220055236277,0.009989407175453158,0.009989407175453158,0.011491475598676137,0.15248489042429292,1.0,1.0
2023-11-16,2023-11-14,1.041454324737984,0.9261319881369466,-0.004394731199696689,-0.004394731199696689,0.015835704852028898,0.15620949151855956,1.0,1.0
2023-11-17,2023-11-15,1.0299811751251857,0.9159292835067973,-0.011016469316294408,-0.011016469316294408,0.026677720611719136,0.1655050837646258,1.0,1.0
2023-11-20,2023-11-16,1.0294661845376232,0.9180948644739939,-0.0004999999999999449,0.002364353893026916,0.027164381751413225,0.1635320424607135,0.0,1.0
2023-11-21,2023-11-17,1.0294661845376232,0.9227619406742305,0.0,0.005083435689307025,0.027164381751413225,0.1592799113923966,0.0,1.0
2023-11-22,2023-11-20,1.0294661845376232,0.91801963675578,0.0,-0.0051392495826013684,0.027164381751413225,0.16360058175685777,0.0,1.0
2023-11-23,2023-11-21,1.0294661845376232,0.9108190453193661,0.0,-0.007843613739963451,0.027164381751413225,0.17016097572588718,0.0,1.0
2023-11-24,2023-11-22,1.0345312698572768,0.9157582529679521,0.0049201084948007345,0.005422819904753018,0.02237792496202362,0.1656609081473126,1.0,1.0
2023-11-27,2023-11-23,1.0269184725022855,0.9090194697052987,-0.007358692363200858,-0.007358692363200858,0.029571945059702176,0.17180055285084894,1.0,1.0
2023-11-28,2023-11-24,1.0200066462636208,0.9029011800938007,-0.0067306474893013,-0.0067306474893013,0.03610355421123368,0.17737487138044417,1.0,1.0
2023-11-29,2023-11-27,1.0223973163039748,0.9050173808151953,0.0023437788852760377,0.0023437788852760377,0.033844394074001305,0.1754468199734881,1.0,1.0
2023-11-30,2023-11-28,1.021886117645823,0.8964358913800318,-0.0004999999999999449,-0.009482126660853463,0.034327471876964166,0.1832653376651091,0.0,1.0
2023-12-01,2023-11-29,1.0239264168926272,0.8986750540572488,0.001996601393807529,0.0024978503189669876,0.032399408761352055,0.1812252567282845,1.0,1.0
2023-12-04,2023-11-30,1.020064667731134,0.8952856917171381,-0.003771510430615299,-0.003771510430615299,0.03604872448387819,0.18431327421285815,1.0,1.0
2023-12-05,2023-12-01,1.0195546353972684,0.8873243873065938,-0.0004999999999999449,-0.008892473636292308,0.036530700121636284,0.19156674691739384,0.0,1.0
2023-12-06,2023-12-04,1.0006700376267428,0.8713246732891954,-0.018522399011179358,-0.01803141471853864,0.05437646292900489,0.20614394217598364,1.0,1.0
2023-12-07,2023-12-05,1.0025682472573831,0.8729775227041481,0.0018969386103957486,0.0018969386103957486,0.052582673130635915,0.20463804596880075,1.0,1.0
2023-12-08,2023-12-06,1.001845216828409,0.8723479502890509,-0.000721178264873279,-0.000721178264873279,0.05326592991453838,0.20521164372275524,1.0,1.0
2023-12-11,2023-12-07,0.9977671349922398,0.8687969962383288,-0.004070570750519198,-0.004070570750519198,0.05711967792874828,0.20844688595867067,1.0,1.0
2023-12-12,2023-12-08,1.0072029198612957,0.877013123292314,0.00945690085205042,0.00945690085205042,0.048202952207571204,0.20096124664005,1.0,1.0
2023-12-13,2023-12-11,1.0097559890711993,0.8792361859518893,0.0025348111681955388,0.0025348111681955388,0.04579032642097136,0.19893583428421224,1.0,1.0
2023-12-14,2023-12-12,1.0005238011116135,0.8711973391241091,-0.00914298905825528,-0.00914298905825528,0.054514655025785785,0.20625995518631202,1.0,1.0
2023-12-15,2023-12-13,0.9941893763897153,0.8656816942624193,-0.006331108480238545,-0.006331108480238545,0.06050062531129341,0.21128520951513685,1.0,1.0
2023-12-18,2023-12-14,0.9833352656834559,0.8562305724047026,-0.010917548471172434,-0.010917548471172434,0.07075765527309352,0.21989604147018604,1.0,1.0
2023-12-19,2023-12-15,0.9822922044240585,0.8553223359462387,-0.0010607381793353854,-0.0010607381793353854,0.07174333810600053,0.2207235275228493,1.0,1.0
2023-12-20,2023-12-18,0.9848537506850309,0.8575527799238064,0.002607723291944808,0.002607723291944808,0.06932270158787657,0.21869139011470595,1.0,1.0
2023-12-21,2023-12-19,0.9704613424920242,0.8450207165112172,-0.014613751719984691,-0.014613751719984691,0.0829233885582974,0.230109240156256,1.0,1.0
2023-12-22,2023-12-20,0.9834167280766547,0.856301505070287,0.01334971834257992,0.01334971834257992,0.07068067409698309,0.21983141535778727,1.0,1.0
2023-12-25,2023-12-21,0.9836726641307034,0.8565243591483463,0.00026025188177269953,0.00026025188177269953,0.07043881699364907,0.21962837501553423,1.0,1.0
2023-12-26,2023-12-22,0.9881214618831297,0.8603981108371207,0.0045226404216058835,0.0045226404216058835,0.06623474601302881,0.21609903476050518,1.0,1.0
2023-12-27,2023-12-25,0.9826664647519122,0.8556482198496537,-0.0055205734736512024,-0.0055205734736512024,0.07138966570480643,0.2204266176351759,1.0,1.0
2023-12-28,2023-12-26,0.9852156351090595,0.8578678876173303,0.0025941359032648492,0.0025941359032648492,0.06898072429646851,0.21840429833475372,1.0,1.0
2023-12-29,2023-12-27,1.0075313095957348,0.8772990657781611,0.02265054846008918,0.02265054846008918,0.04789262707486852,0.20070072701798758,1.0,1.0
2024-01-02,2023-12-28,1.0120087875453314,0.8811977904974947,0.004444008743900163,0.004444008743900163,0.0436614535844575,0.1971486340598625,1.0,1.0
2024-01-03,2023-12-29,0.9982687873802335,0.8692338056626524,-0.013576957368547027,-0.013576957368547027,0.05664562125903949,0.20804891282851146,1.0,1.0
2024-01-04,2024-01-02,0.996871875696427,0.8680174570454866,-0.0013993342288828314,-0.0013993342288828314,0.05796568933117818,0.20915711709239138,1.0,1.0
2024-01-05,2024-01-03,0.986913674094773,0.8593464401959289,-0.00998944984248551,-0.00998944984248551,0.06737609382750487,0.21705720240448367,1.0,1.0
2024-01-08,2024-01-04,0.9813900039888687,0.8545367528170612,-0.005596913135255566,-0.005596913135255566,0.0725959088182151,0.22143926523249968,1.0,1.0
2024-01-09,2024-01-05,0.9707872511383454,0.8453044986113104,-0.010803811743983815,-0.010803811743983815,0.0826154080299435,0.2298506888421855,1.0,1.0
2024-01-10,2024-01-08,0.9692988640985795,0.8440084986289109,-0.0015331753049091512,-0.0015331753049091512,0.0840219194314561,0.23103146274714548,1.0,1.0
2024-01-11,2024-01-09,0.9674201487317212,0.8423726236734526,-0.0019382209517034843,-0.0019382209517034843,0.08579728733851522,0.23252189367724974,1.0,1.0
2024-01-12,2024-01-10,0.9700930485903585,0.8447000278211628,0.0027629152257593326,0.0027629152257593326,0.08327142274427224,0.23040141673185366,1.0,1.0
2024-01-15,2024-01-11,0.9658825534442871,0.8410337760402687,-0.004340300296131083,-0.004340300296131083,0.0872503000596071,0.2337417056907144,1.0,1.0
2024-01-16,2024-01-12,0.965399612167565,0.8416685436687263,-0.0004999999999999449,0.0007547468919097966,0.08770667490957729,0.23316337462468428,0.0,1.0
2024-01-17,2024-01-15,0.965399612167565,0.8464440763775812,0.0,0.005673887594799476,0.08770667490957729,0.2288124298087294,0.0,1.0
2024-01-18,2024-01-16,0.965399612167565,0.8266778841116377,0.0,-0.02335203567202504,0.08770667490957729,0.24682122945765828,0.0,1.0
2024-01-19,2024-01-17,0.9790126087871747,0.8387541575679235,0.014100892985698499,0.01460819708424066,0.0748425243609101,0.23581864553790977,1.0,1.0
2024-01-22,2024-01-18,0.9785231024827812,0.8390702940165682,-0.0004999999999999449,0.0003769119303818069,0.07530510309872951,0.23553061646843765,0.0,1.0
2024-01-23,2024-01-19,0.9785231024827812,0.8251726096187743,0.0,-0.016563194403256376,0.07530510309872951,0.24819267148320856,0.0,1.0
2024-01-24,2024-01-22,0.989473468557992,0.8348242872873053,0.011190707758893748,0.01169655603691222,0.06495711274136706,0.23939911493625066,1.0,1.0
2024-01-25,2024-01-23,0.9981245810212447,0.842123279151031,0.008743147480104074,0.008743147480104074,0.056781894877842465,0.23274906922464056,1.0,1.0
2024-01-26,2024-01-24,0.9976255187307341,0.8555761555534368,-0.0004999999999999449,0.015974948959929014,0.057253503930403515,0.22049227476604616,0.0,1.0
2024-01-29,2024-01-25,0.9976255187307341,0.8578258115328868,0.0,0.0026294047173331947,0.057253503930403515,0.21844263347611825,0.0,1.0
2024-01-30,2024-01-26,0.9976255187307341,0.8445816438256284,0.0,-0.01543922732237657,0.057253503930403515,0.23050927532335852,0.0,1.0
2024-01-31,2024-01-29,0.9976255187307341,0.8311164737995282,0.0,-0.015943005776337005,0.057253503930403515,0.24277727039171593,0.0,1.0
2024-02-01,2024-01-30,0.9880901692636672,0.8235844174631687,-0.009558044865570992,-0.009062576153647917,0.06626431723669657,0.24963965904406415,1.0,1.0
2024-02-02,2024-01-31,0.9935260814260781,0.8281153122042796,0.005501433301843051,0.005501433301843051,0.0611274326564234,0.24551160167594688,1.0,1.0
2024-02-05,2024-02-01,0.9763628915200416,0.813809597806669,-0.01727502702435446,-0.01727502702435446,0.0773464816297087,0.25854540914655677,1.0,1.0
2024-02-06,2024-02-02,0.9828426024939985,0.8192105107535034,0.006636580548313287,0.006636580548313287,0.07122321723685965,0.25362468603144117,1.0,1.0
2024-02-07,2024-02-05,1.022579283938342,0.8523314876210775,0.04043036122316068,0.04043036122316068,0.03367243641406081,0.22344846247964234,1.0,1.0
2024-02-08,2024-02-06,1.022067994296373,0.8619438154062352,-0.0004999999999999449,0.01127768705575627,0.03415560019585362,0.2146907572568214,0.0,1.0
2024-02-19,2024-02-07,1.022067994296373,0.8726908086519612,0.0,0.012468322242860985,0.03415560019585362,0.20489926855800233,0.0,1.0
2024-02-20,2024-02-08,1.022067994296373,0.8732051862123984,0.0,0.0005894155814838431,0.03415560019585362,0.20443062379804122,0.0,1.0
2024-02-21,2024-02-19,1.022067994296373,0.8719630415605766,0.0,-0.001422511766346335,0.03415560019585362,0.2055623305966333,0.0,1.0
2024-02-22,2024-02-20,1.022067994296373,0.8873917707670117,0.0,0.017694246741033703,0.03415560019585362,0.19150535445383843,0.0,1.0
2024-02-23,2024-02-21,1.0336914939030644,0.8979326272053926,0.011372530664844227,0.01187846989979402,0.023171505141613036,0.1819016751425736,1.0,1.0
2024-02-26,2024-02-22,1.0319760453427251,0.8964424754128061,-0.0016595363031013388,-0.0016595363031013388,0.02479258749073432,0.18325933901218094,1.0,1.0
2024-02-27,2024-02-23,1.0185073463432004,0.8847426748930042,-0.013051367868768371,-0.013051367868768371,0.03752037817974252,0.193918921832114,1.0,1.0
2024-02-28,2024-02-26,1.036204859941849,0.900115902760668,0.01737593122149672,0.01737593122149672,0.020796398468901578,0.17991251245891893,1.0,1.0
2024-02-29,2024-02-27,1.035686757511878,0.8841888960114375,-0.0004999999999999449,-0.017694395466608448,0.021286000269667205,0.19442346478068817,0.0,1.0
2024-03-01,2024-02-28,1.058402277854745,0.9040336594497378,0.021932809489076277,0.022444031504828654,0.0,0.17634307964467522,1.0,1.0
2024-03-04,2024-02-29,1.0578730767158178,0.9100280355069265,-0.0004999999999999449,0.006630700079062635,0.0004999999999999449,0.17088165763775476,0.0,1.0
2024-03-05,2024-03-01,1.0578730767158178,0.9065812943499489,0.0,-0.0037875109584480926,0.0004999999999999449,0.17402195244530205,0.0,1.0
2024-03-06,2024-03-04,1.0578730767158178,0.9147002040450113,0.0,0.008955523068544968,0.0004999999999999449,0.16662488698631417,0.0,1.0
2024-03-07,2024-03-05,1.0578730767158178,0.9125316911257202,0.0,-0.0023707362365301687,0.0004999999999999449,0.16860059956535822,0.0,1.0
2024-03-08,2024-03-06,1.051816246808632,0.9077608906904214,-0.005725478831533626,-0.0052280928779726565,0.0062226160921177165,0.1729472328495214,1.0,1.0
2024-03-11,2024-03-07,1.0567010500153056,0.9119766777380084,0.004644160252795793,0.004644160252795793,0.001607354665645322,0.16910626726135636,1.0,1.0
2024-03-12,2024-03-08,1.0705998733952233,0.9239719367285253,0.013153032619506178,0.013153032619506178,0.0,0.15817749489130173,1.0,1.0
2024-03-13,2024-03-11,1.0711477516450476,0.9244447783009572,0.0005117488460808506,0.0005117488460808506,0.0,0.15774669319570744,1.0,1.0
2024-03-14,2024-03-12,1.064403172217812,0.918623927513782,-0.006296591125619644,-0.006296591125619644,0.006296591125619644,0.16305001789285511,1.0,1.0
2024-03-15,2024-03-13,1.0593723774122323,0.9142821436827658,-0.004726399673440906,-0.004726399673440906,0.010993230592820535,0.16700577801497274,1.0,1.0
2024-03-18,2024-03-14,1.0659730214602647,0.9199787722890954,0.006230711871264782,0.006230711871264782,0.004831014373913978,0.16181563102735563,1.0,1.0
2024-03-19,2024-03-15,1.0708254615568316,0.9241666286351506,0.0045521228013065684,0.0045521228013065684,0.00030088294329244647,0.15800011284965654,1.0,1.0
2024-03-20,2024-03-18,1.063487498843738,0.9178336635488041,-0.006852622557578458,-0.006852622557578458,0.007151443663626411,0.16377002026982157,1.0,1.0
2024-03-21,2024-03-19,1.0707451199869906,0.9240972905400037,0.006824359619782561,0.006824359619782561,0.00037588806720512125,0.15806328616329934,1.0,1.0
2024-03-22,2024-03-20,1.0642497305475185,0.9184915010108472,-0.006066233054184855,-0.006066233054184855,0.0064398408967719645,0.1631706704863073,1.0,1.0
2024-03-25,2024-03-21,1.053950751861673,0.9096030567664928,-0.00967721991392645,-0.00967721991392645,0.01605474105412974,0.171268851938435,1.0,1.0
2024-03-26,2024-03-22,1.0509612468159362,0.9070229903610959,-0.002836475082404255,-0.002836475082404255,0.018845677263579552,0.1736195271899239,1.0,1.0
2024-03-27,2024-03-25,1.0545499760034986,0.9101202119657563,0.003414711245000923,0.003414711245000923,0.015495318564650362,0.17079767649677013,1.0,1.0
2024-03-28,2024-03-26,1.054022701015497,0.8997703181966877,-0.0004999999999999449,-0.011372007382095095,0.015987570905367954,0.1802273714408993,0.0,1.0
2024-03-29,2024-03-27,1.0590367712499527,0.90450284894149,0.004757079927808716,0.005259709782700073,0.011306545130207457,0.17591560532687722,1.0,1.0
2024-04-01,2024-03-28,1.0694855087846435,0.9134269138319048,0.00986626509895272,0.00986626509895272,0.0015518334028626901,0.16778497022512218,1.0,1.0
2024-04-02,2024-03-29,1.082024264842708,0.9241360231703046,0.011724100939257687,0.011724100939257687,0.0,0.1580279972128742,1.0,1.0
2024-04-03,2024-04-01,1.0776467170404815,0.920397244153389,-0.004045702064604639,-0.004045702064604639,0.00404570206460475,0.16143436508288944,1.0,1.0
2024-04-08,2024-04-02,1.070079908053192,0.9139345787651783,-0.007021604453145924,-0.007021604453145924,0.011038899198117735,0.16732244127927864,1.0,1.0
2024-04-09,2024-04-03,1.064005978043437,0.9087469524737791,-0.005676146205572108,-0.005676146205572108,0.01665238699789262,0.1720488408446763,1.0,1.0
2024-04-10,2024-04-08,1.0626758896047228,0.9076109496315536,-0.0012500760955874712,-0.0012500760955874712,0.01788164634255951,0.17308384279705036,1.0,1.0
2024-04-11,2024-04-09,1.049444716667333,0.8963104604119192,-0.012450807500969385,-0.012450807500969385,0.030109812907117228,0.1833796166898256,1.0,1.0
2024-04-12,2024-04-10,1.0556842678320106,0.9016395405324384,0.005945573945516758,0.005945573945516758,0.02434325908072532,0.1785243398154387,1.0,1.0
2024-04-15,2024-04-11,1.0551564256980948,0.893346436876534,-0.0004999999999999449,-0.009197803870721,0.024831087451184897,0.18608011182238737,0.0,1.0
2024-04-16,2024-04-12,1.0551564256980948,0.9087414743527604,0.0,0.017232998130101818,0.024831087451184897,0.17205383191136991,0.0,1.0
2024-04-17,2024-04-15,1.0551564256980948,0.9025093272682596,0.0,-0.006857997857905196,0.024831087451184897,0.1777318849585825,0.0,1.0
2024-04-18,2024-04-16,1.0670784702750675,0.9131632181755466,0.0112988408984811,0.011804743270116047,0.013812809059151054,0.16802522096131633,1.0,1.0
2024-04-19,2024-04-17,1.06654493103993,0.9131767205865081,-0.0004999999999999449,1.4786415717171764e-05,0.014305902654621394,0.16801291903636728,0.0,1.0
2024-04-22,2024-04-18,1.0616810005757478,0.9094669524640011,-0.004560455281935161,-0.004062486525197806,0.018801116507232485,0.17139285534192072,1.0,1.0
2024-04-23,2024-04-19,1.06115016007546,0.9067622780945883,-0.0004999999999999449,-0.002973911654607253,0.019291715948978716,0.17385705978651023,0.0,1.0
2024-04-24,2024-04-22,1.06115016007546,0.9037641513269462,0.0,-0.0033064087910033013,0.019291715948978716,0.17658862606665737,0.0,1.0
2024-04-25,2024-04-23,1.06115016007546,0.9028971165110733,0.0,-0.0009593596012852368,0.019291715948978716,0.17737857367404775,0.0,1.0
2024-04-26,2024-04-24,1.06115016007546,0.9083816929681128,0.0,0.006074420171184869,0.019291715948978716,0.1723816254887246,0.0,1.0
2024-04-29,2024-04-25,1.06115016007546,0.9219041646544457,0.0,0.014886332244486988,0.019291715948978716,0.16006142339410745,0.0,1.0
2024-04-30,2024-04-26,1.070891568490205,0.9308327046296363,0.009180047067091968,0.00968488951184776,0.010288767742303362,0.15192671108294076,1.0,1.0
2024-05-06,2024-04-29,1.081185447622969,0.9397802765745629,0.00961243830435321,0.00961243830435321,0.0007752295831009448,0.14377465891565555,1.0,1.0
2024-05-07,2024-04-30,1.0820589652236448,0.9405395492915243,0.0008079257842363852,0.0008079257842363852,0.0,0.143082892385477,1.0,1.0
2024-05-08,2024-05-06,1.0802089909350787,0.9389315278809636,-0.001709679738371439,-0.001709679738371439,0.001709679738371439,0.1445479462018293,1.0,1.0
2024-05-09,2024-05-07,1.074192365504668,0.9337017997862428,-0.0055698716460438336,-0.0055698716460438336,0.007270028687716645,0.14931270434082977,1.0,1.0
2024-05-10,2024-05-08,1.0856351146800793,0.9436479843270021,0.01065242087252738,0.01065242087252738,0.0,0.14025082523655608,1.0,1.0
2024-05-13,2024-05-09,1.0789072952570582,0.9378000772801479,-0.006197127683184589,-0.006197127683184589,0.006197127683184589,0.14557880064807782,1.0,1.0
2024-05-14,2024-05-10,1.0853802080297907,0.9434264161928438,0.005999507836482287,0.005999507836482287,0.0002347995628012578,0.1404526939669093,1.0,1.0
2024-05-15,2024-05-13,1.080299295647404,0.9390100218966864,-0.004681228149175265,-0.004681228149175265,0.004914928561653764,0.14447643101145924,1.0,1.0
2024-05-16,2024-05-14,1.07602287042865,0.9352928981750651,-0.003958555963133548,-0.003958555963133548,0.008854028505021039,0.14786306893708,1.0,1.0
2024-05-17,2024-05-15,1.076602986480369,0.9357971424975616,0.0005391298527770427,0.0005391298527770427,0.008319672123328403,0.1474036564788902,1.0,1.0
2024-05-20,2024-05-16,1.089474130147096,0.9469849058748262,0.011955329706826667,0.011955329706826667,0.0,0.1372105860852606,1.0,1.0
2024-05-21,2024-05-17,1.0895407934881407,0.9470428505070094,6.118854886039138e-05,6.118854886039138e-05,0.0,0.137157793253051,1.0,1.0
2024-05-22,2024-05-20,1.0875761925758698,0.9453351941629922,-0.0018031458060245864,-0.0018031458060245864,0.0018031458060246974,0.13871362355940775,1.0,1.0
2024-05-23,2024-05-21,1.0867456969449583,0.9446133166946745,-0.0007636206424714853,-0.0007636206424714853,0.0025653895291373185,0.13937131961553717,1.0,1.0
2024-05-24,2024-05-22,1.0743145076581664,0.933807967314717,-0.011438912821774339,-0.011438912821774339,0.013974957083734085,0.1492159760623737,1.0,1.0
2024-05-27,2024-05-23,1.0671593682300995,0.927588628231471,-0.006660190639763419,-0.006660190639763419,0.020542071845137233,0.15488235985506338,1.0,1.0
2024-05-28,2024-05-24,1.0750324774630708,0.9344320358899172,0.007377632120710409,0.007377632120710409,0.013315991573497499,0.14864739280735118,1.0,1.0
2024-05-29,2024-05-27,1.0744949612243393,0.9282125167745252,-0.0004999999999999449,-0.0066559352382099535,0.013809333577710747,0.1543139406257067,0.0,1.0
2024-05-30,2024-05-28,1.0733570352973627,0.927693355502776,-0.0010590332835809235,-0.00055931294005096,0.01485374231740888,0.15478694378193536,1.0,1.0
2024-05-31,2024-05-29,1.071204817457684,0.9258332119309669,-0.0020051276219402725,-0.0020051276219402725,0.0168290862903393,0.1564817038273828,1.0,1.0
2024-06-03,2024-05-30,1.0645273656590477,0.920061947140618,-0.006233590149906321,-0.006233590149906321,0.022957770813714196,0.16173985116967016,1.0,1.0
2024-06-04,2024-05-31,1.0664409309108016,0.9217158253106914,0.001797572625640509,0.001797572625640509,0.021201466448434125,0.16023301767296738,1.0,1.0
2024-06-05,2024-06-03,1.074341373072419,0.928544110268861,0.007408232310504026,0.007408232310504026,0.013950299526703458,0.1540118287811978,1.0,1.0
2024-06-06,2024-06-04,1.0738042023858827,0.9264339534838015,-0.0004999999999999449,-0.0022725433953250107,0.014443324376940181,0.15593437361222418,0.0,1.0
2024-06-07,2024-06-05,1.0738042023858827,0.9244994051978752,0.0,-0.0020881664350184126,0.014443324376940181,0.15769692312219996,0.0,1.0
2024-06-11,2024-06-06,1.0738042023858827,0.9145166484125687,0.0,-0.01079801320496232,0.014443324376940181,0.16679212286890688,0.0,1.0
2024-06-12,2024-06-07,1.0738042023858827,0.9102154489710711,0.0,-0.004703248922765635,0.014443324376940181,0.17071090691946345,0.0,1.0
2024-06-13,2024-06-11,1.0760334900901072,0.9125613964298348,0.002076065356487966,0.002577354033504564,0.012397244305823785,0.16857353533047104,1.0,1.0
2024-06-14,2024-06-12,1.0658996190147632,0.9039670732745384,-0.009417802669408948,-0.009417802669408948,0.021698292174715972,0.17640374570885298,1.0,1.0
2024-06-17,2024-06-13,1.0679122673600587,0.9056739580522151,0.0018882156531361272,0.0018882156531361272,0.01985104757651035,0.17484861836963606,1.0,1.0
2024-06-18,2024-06-14,1.0673783112263788,0.9087733400426294,-0.0004999999999999449,0.0034221829642535617,0.020341122052721983,0.17202479936849036,0.0,1.0
2024-06-19,2024-06-17,1.0673783112263788,0.9113124105564593,0.0,0.0027939535657051096,0.020341122052721983,0.16971147510437057,0.0,1.0
2024-06-20,2024-06-18,1.0673783112263788,0.906633838017747,0.0,-0.005133884367771846,0.020341122052721983,0.1739740803830726,0.0,1.0
2024-06-21,2024-06-19,1.0581208533639377,0.8992201399580438,-0.008673080354991258,-0.008177168939461077,0.02883778222163924,0.180728633876154,1.0,1.0
2024-06-24,2024-06-20,1.0512499159357103,0.8933810287674732,-0.006493528037353702,-0.006493528037353702,0.0351440513116017,0.18604859546228025,1.0,1.0
2024-06-25,2024-06-21,1.0507242909777426,0.8937733959705745,-0.0004999999999999449,0.0004391935696717031,0.035626479285945756,0.18569111323938203,0.0,1.0
2024-06-26,2024-06-24,1.043059153799801,0.8876970795680081,-0.007295098479933926,-0.0067984977287983694,0.0426616790909955,0.19122719035656444,1.0,1.0
2024-06-27,2024-06-25,1.047818792280605,0.8917477771375729,0.004563152975039619,0.004563152975039619,0.03829319788382002,0.18753663630410877,1.0,1.0
2024-06-28,2024-06-26,1.0406824925618072,0.885674418405979,-0.006810623908801605,-0.006810623908801605,0.044843021223569535,0.19307001871392138,1.0,1.0
2024-07-01,2024-06-27,1.0450913661244423,0.8894265969583441,0.004236521315720276,0.004236521315720276,0.04079647832312416,0.18965144264790923,1.0,1.0
2024-07-02,2024-06-28,1.0493793289920141,0.8930758742797436,0.004102955020548249,0.004102955020548249,0.03686090941813247,0.18632661896612734,1.0,1.0
2024-07-03,2024-07-01,1.0491082243068335,0.8928451502250095,-0.00025834765150278827,-0.00025834765150278827,0.03710973414025487,0.18653682957320783,1.0,1.0
2024-07-04,2024-07-02,1.0481231088762768,0.8920067662392529,-0.0009390026764947157,-0.0009390026764947157,0.03801389067706784,0.1873006736674685,1.0,1.0
2024-07-05,2024-07-03,1.0405871178670765,0.885593249626942,-0.007189986505764523,-0.007189986505764523,0.04493055782183253,0.19314397085704338,1.0,1.0
2024-07-08,2024-07-04,1.0337708189855743,0.8797922280947216,-0.006550435580515157,-0.006550435580515157,0.05118667867773907,0.19842922929869455,1.0,1.0
2024-07-09,2024-07-05,1.0265183229102364,0.8736199802771336,-0.007015574382777334,-0.007015574382777334,0.05784314910884547,0.2040527086636098,1.0,1.0
2024-07-10,2024-07-08,1.0353055477155828,0.8810983613150616,0.008560222072251156,0.008560222072251156,0.04977807723832439,0.1972392230919635,1.0,1.0
2024-07-11,2024-07-09,1.0429096548724142,0.8875698482784337,0.00734479514150177,0.00734479514150177,0.04279889187667585,0.1913431096379411,1.0,1.0
2024-07-12,2024-07-10,1.0456029322944054,0.8898619661254977,0.0025824647508136955,0.0025824647508136955,0.040326953755507655,0.18925478172307852,1.0,1.0
2024-07-15,2024-07-11,1.0464052462267277,0.8905447766180999,0.0007673218078700916,0.0007673218078700916,0.03959057569869917,0.18863267923646831,1.0,1.0
2024-07-16,2024-07-12,1.0476868814623221,0.891635514235007,0.0012247981747186554,0.0012247981747186554,0.03841426798883241,0.18763891802297072,1.0,1.0
2024-07-17,2024-07-15,1.0559541086845778,0.8986713505388126,0.007890933224931285,0.007890933224931285,0.03082645918748561,0.1812286309705572,1.0,1.0
2024-07-18,2024-07-16,1.0526566404286974,0.8958650351634576,-0.0031227382220123667,-0.0031227382220123667,0.03385293444714399,0.18378543961971483,1.0,1.0
2024-07-19,2024-07-17,1.057947488156643,0.9003678191708906,0.005026185676072714,0.005026185676072714,0.028996899905282425,0.17968299368772933,1.0,1.0
2024-07-22,2024-07-18,1.0574185144125647,0.9100370885519885,-0.0004999999999999449,0.010739243646004537,0.029482401455329765,0.17087340948998087,0.0,1.0
2024-07-23,2024-07-19,1.0574185144125647,0.9026782745779842,0.0,-0.008086279192986878,0.029482401455329765,0.17757795858717418,0.0,1.0
2024-07-24,2024-07-22,1.0574185144125647,0.8827608553092721,0.0,-0.022064804072108424,0.029482401455329765,0.19572453979553173,0.0,1.0
2024-07-25,2024-07-23,1.0483496597530542,0.8756277502087875,-0.008576409941666974,-0.008080450166750408,0.03780595823605104,0.20222344757205424,1.0,1.0
2024-07-26,2024-07-24,1.048071730673082,0.8753956116157622,-0.00026511105086601816,-0.00026511105086601816,0.03806104650960007,0.20243494695222464,1.0,1.0
2024-07-29,2024-07-25,1.0482743115967623,0.8755648161142681,0.00019328917835625958,0.00019328917835625958,0.03787511411965094,0.20228078625843537,1.0,1.0
2024-07-30,2024-07-26,1.047750174440964,0.8694753573650326,-0.0004999999999999449,-0.006954892016173497,0.03835617656259105,0.20782883724923473,0.0,1.0
2024-07-31,2024-07-29,1.047750174440964,0.8651899493146403,0.0,-0.004928728587983544,0.03835617656259105,0.21173323390566057,0.0,1.0
2024-08-01,2024-07-30,1.071854256984207,0.8855368995651955,0.023005562901579957,0.02351732156236097,0.016233019093585765,0.19319531089049757,1.0,1.0
2024-08-02,2024-07-31,1.071318329855715,0.872877296236496,-0.0004999999999999449,-0.014295963652012134,0.016724902584039025,0.20472936140027997,0.0,1.0
2024-08-05,2024-08-01,1.071318329855715,0.8646974070816437,0.0,-0.00937117873281934,0.016724902584039025,0.21218198469556138,0.0,1.0
2024-08-06,2024-08-02,1.071318329855715,0.8660450762899892,0.0,0.0015585442922674275,0.016724902584039025,0.21095413542446317,0.0,1.0
2024-08-07,2024-08-05,1.0616370366795838,0.8586481212198783,-0.009036803447053043,-0.008541073984045133,0.025610566373769017,0.21769343453060774,1.0,1.0
2024-08-08,2024-08-06,1.0596773306462242,0.8570631182051471,-0.0018459284723983949,-0.0018459284723983949,0.027409219572503862,0.21913751649395197,1.0,1.0
2024-08-09,2024-08-07,1.067849630426638,0.8636728441378868,0.007712064365319682,0.007712064365319682,0.01990853687273042,0.21311545476068994,1.0,1.0
2024-08-12,2024-08-08,1.0581280855312556,0.855810094467922,-0.00910385190796792,-0.00910385190796792,0.028831144409304788,0.22027913512921726,1.0,1.0
2024-08-13,2024-08-09,1.0582736293508619,0.8559278097726282,0.0001375483947514411,0.0001375483947514411,0.028697561692185625,0.22017188577590008,1.0,1.0
2024-08-14,2024-08-12,1.059791329901913,0.8571553203828555,0.0014341286685770616,0.0014341286685770616,0.027304589019549574,0.21905351192072897,1.0,1.0
2024-08-15,2024-08-13,1.04982518744035,0.8490947411031466,-0.00940387242315488,-0.00940387242315488,0.036451692570997896,0.22639743306393723,1.0,1.0
2024-08-16,2024-08-14,1.0627320973122636,0.859533802222317,0.01229434197838497,0.01229434197838497,0.024605500166771765,0.21688649855066877,1.0,1.0
2024-08-19,2024-08-15,1.0622007312636075,0.8601065101981078,-0.0004999999999999449,0.0006663007019735989,0.025093197416688362,0.21636470947492814,0.0,1.0
2024-08-20,2024-08-16,1.0622007312636075,0.8645759368207464,0.0,0.005196364135889642,0.025093197416688362,0.21229265515562623,0.0,1.0
2024-08-21,2024-08-19,1.0622007312636075,0.8546160441180013,0.0,-0.011519974450561299,0.025093197416688362,0.22136702364275285,0.0,1.0
2024-08-22,2024-08-20,1.0622007312636075,0.8546054736591343,0.0,-1.236866419684901e-05,0.025093197416688362,0.22137665429257003,0.0,1.0
2024-08-23,2024-08-21,1.0622007312636075,0.8502482842201831,0.0,-0.0050984806126916915,0.025093197416688362,0.22534645032524847,0.0,1.0
2024-08-26,2024-08-22,1.0622007312636075,0.8566234025476074,0.0,0.007497949064691589,0.025093197416688362,0.21953813746700468,0.0,1.0
2024-08-27,2024-08-23,1.0622007312636075,0.8527572379278494,0.0,-0.004513260562646226,0.025093197416688362,0.22306056521182438,0.0,1.0
2024-08-28,2024-08-26,1.0622007312636075,0.848442356043244,0.0,-0.0050599182190352865,0.025093197416688362,0.22699181521299605,0.0,1.0
2024-08-29,2024-08-27,1.0622007312636075,0.841918016785537,0.0,-0.007689784946774303,0.025093197416688362,0.23293608191610438,0.0,1.0
2024-08-30,2024-08-28,1.0617384512657906,0.8419725922446994,-0.0004352096399585781,6.482277142705328e-05,0.025517486255233757,0.23288635870707253,1.0,1.0
2024-09-02,2024-08-29,1.0726971705327992,0.8506630011282856,0.01032148666551902,0.01032148666551902,0.015459377983835676,0.22496860548752973,1.0,1.0
2024-09-03,2024-08-30,1.072160821947533,0.8388831891789578,-0.0004999999999999449,-0.01384780099017302,0.015951648294843745,0.23570108599987483,0.0,1.0
2024-09-04,2024-09-02,1.0690479726122728,0.8368660575757034,-0.0029033418042694326,-0.0024045440763076353,0.01880867701177169,0.2375388764260622,1.0,1.0
2024-09-05,2024-09-03,1.0687397985397264,0.8366248144998584,-0.0002882696384459704,-0.0002882696384459704,0.01909152467969588,0.2377586708184839,1.0,1.0
2024-09-06,2024-09-04,1.0714319520421347,0.8387322708027255,0.002518998081747048,0.002518998081747048,0.016620618111994667,0.23583858637244737,1.0,1.0
2024-09-09,2024-09-05,1.0708962360661136,0.8268103877712049,-0.0004999999999999449,-0.014214169940200971,0.01711230780293871,0.24670050656749365,0.0,1.0
2024-09-10,2024-09-06,1.0632543811842234,0.8213209761650974,-0.007135943357091334,-0.006639262988585637,0.024126138700839128,0.25170186001356043,1.0,1.0
2024-09-11,2024-09-09,1.0611218831551927,0.8196737077466753,-0.0020056329574260623,-0.0020056329574260623,0.026083383479351352,0.2532026714250979,1.0,1.0
2024-09-12,2024-09-10,1.061913067258986,0.8202848654451087,0.0007456109579426773,0.0007456109579426773,0.02535722057795109,0.2526458511535501,1.0,1.0
2024-09-13,2024-09-11,1.0567881000602068,0.816326035707838,-0.004826164548485834,-0.004826164548485834,0.030061007007435525,0.2562527052518766,1.0,1.0
2024-09-18,2024-09-12,1.0517217982820768,0.8124125226336418,-0.004794056422324888,-0.004794056422324888,0.03471094926605478,0.2598182717468507,1.0,1.0
2024-09-19,2024-09-13,1.0582402523426182,0.8174477645727612,0.006197888140370367,0.006197888140370367,0.028728195706481552,0.25523070819159166,1.0,1.0
2024-09-20,2024-09-18,1.062913609004687,0.8210577434485435,0.0044161584779292,0.0044161584779292,0.02443890549357719,0.25194168896947056,1.0,1.0
2024-09-23,2024-09-19,1.0657222243419584,0.8232272851229554,0.0026423740494785353,0.0026423740494785353,0.021861108173772625,0.24996503910090673,1.0,1.0
2024-09-24,2024-09-20,1.080298350622296,0.834486752732145,0.013677228406621555,0.013677228406621555,0.00848287913686574,0.23970663962773842,1.0,1.0
2024-09-25,2024-09-23,1.1332554793451308,0.8753939913264465,0.049020836412764446,0.049020836412764446,0.0,0.20243642318321886,1.0,1.0
2024-09-26,2024-09-24,1.1317960687984165,0.8742666557461144,-0.0012878036535570736,-0.0012878036535570736,0.0012878036535570736,0.2034635284713875,1.0,1.0
2024-09-27,2024-09-25,1.2045789799903406,0.9304885088850682,0.06430744300887592,0.06430744300887592,0.0,0.15224030472407013,1.0,1.0
2024-09-30,2024-09-26,1.280734553563359,0.9893156072110021,0.06322173542628895,0.06322173542628895,0.0,0.09864346556426395,1.0,1.0
2024-10-08,2024-09-27,1.48174053025219,1.1445845888494472,0.1569458527761094,0.1569458527761094,0.0,0.0,1.0,1.0
2024-10-09,2024-09-30,1.388007737878377,1.0721798004060674,-0.06325857358970921,-0.06325857358970921,0.06325857358970921,0.06325857358970921,1.0,1.0
2024-10-10,2024-10-08,1.3250033401470251,1.0235114531477436,-0.04539196433274684,-0.04539196433274684,0.10577910700633153,0.10577910700633153,1.0,1.0
2024-10-11,2024-10-09,1.3217224715030074,1.0209771149074696,-0.0024761210365353836,-0.0024761210365353836,0.10799330617078262,0.10799330617078262,1.0,1.0
2024-10-14,2024-10-10,1.303563825777812,1.006950296023128,-0.013738622227211006,-0.013738622227211006,0.12024824916144572,0.12024824916144572,1.0,1.0
2024-10-15,2024-10-11,1.3126584975387747,1.0139755618680668,0.006976775192067075,0.006976775192067075,0.1141104189710177,0.1141104189710177,1.0,1.0
2024-10-16,2024-10-14,1.2672454355993383,0.97889580953147,-0.034596250300124254,-0.034596250300124254,0.14475887665456844,0.14475887665456855,1.0,1.0
2024-10-17,2024-10-15,1.2831282825177088,0.9911646659463835,0.012533362892610311,0.012533362892610311,0.13403982929499647,0.13403982929499658,1.0,1.0
2024-10-18,2024-10-16,1.2586477218795833,0.9722544236598855,-0.01907880994571387,-0.01907880994571387,0.15056131881243517,0.15056131881243529,1.0,1.0
2024-10-21,2024-10-17,1.3141126142138189,1.0150988081467935,0.04406705019209656,0.04406705019209656,0.1131290618134344,0.11312906181343452,1.0,1.0
2024-10-22,2024-10-18,1.306402439721216,1.0091430104066377,-0.005867209864061529,-0.005867209864061529,0.11833251973011205,0.11833251973011216,1.0,1.0
2024-10-23,2024-10-21,1.3169152031940319,1.0172636947042837,0.00804710949181886,0.00804710949181886,0.1112376449810043,0.1112376449810043,1.0,1.0
2024-10-24,2024-10-22,1.3154434402800868,1.0161268174202054,-0.0011175836609491618,-0.0011175836609491618,0.11223091126744011,0.11223091126744023,1.0,1.0
2024-10-25,2024-10-23,1.3089249196299642,1.0110915240433298,-0.00495537888632791,-0.00495537888632791,0.11663014346568013,0.11663014346568001,1.0,1.0
2024-10-28,2024-10-24,1.3161784560725094,1.016694587371416,0.0055415985544806645,0.0055415985544806645,0.11173486234563768,0.11173486234563768,1.0,1.0
2024-10-29,2024-10-25,1.3218058416581184,1.0210415149780365,0.004275549078960994,0.004275549078960994,0.10793704115446645,0.10793704115446634,1.0,1.0
2024-10-30,2024-10-28,1.3211449387372896,1.004106019583813,-0.0004999999999999449,-0.016586490505812512,0.10838307263388913,0.12273323495194477,0.0,1.0
2024-10-31,2024-10-29,1.3151618546548038,1.0000587426250251,-0.004528711352597137,-0.0040307267159551685,0.1124209483350197,0.12626925753884344,1.0,1.0
2024-11-01,2024-10-30,1.3131443425001932,0.9985246115510212,-0.0015340409604109873,-0.0015340409604109873,0.11378253095587665,0.1276095962861492,1.0,1.0
2024-11-04,2024-10-31,1.3183044722884272,1.002448412176426,0.003929598309359683,0.003929598309359683,0.11030005228779582,0.12418145243061363,1.0,1.0
2024-11-05,2024-11-01,1.3318024910765343,1.0127124048929017,0.010238923611232353,0.010238923611232353,0.10119048248625317,0.11521401322475022,1.0,1.0
2024-11-06,2024-11-04,1.3311365898309961,1.0419461019418619,-0.0004999999999999449,0.028866731470571505,0.10163988724500994,0.08967313373558439,0.0,1.0
2024-11-07,2024-11-05,1.3311365898309961,1.0254802075414393,0.0,-0.015803019340189683,0.10163988724500994,0.10405904680905531,0.0,1.0
2024-11-08,2024-11-06,1.3988129867111616,1.0781557874654708,0.05084106123831944,0.05136674461062474,0.055966305738369915,0.05803747668029635,1.0,1.0
2024-11-11,2024-11-07,1.3570543381816615,1.0459696918139914,-0.02985291738510487,-0.02985291738510487,0.08414846562191769,0.0861578060688245,1.0,1.0
2024-11-12,2024-11-08,1.3792170957684968,1.0630519648450858,0.016331518173790638,0.016331518173790638,0.06919121964372787,0.07123337567066079,1.0,1.0
2024-11-13,2024-11-11,1.3546038591158764,1.0440809488498222,-0.01784580304879846,-0.01784580304879846,0.08580224981405826,0.08780796192673956,1.0,1.0
2024-11-14,2024-11-12,1.3684959578857008,1.0547884893366626,0.010255469653608795,0.010255469653608795,0.07642672252962879,0.07845300416201562,1.0,1.0
2024-11-15,2024-11-13,1.367811709906758,1.035351550147155,-0.0004999999999999449,-0.018427333428459258,0.07688850916836398,0.09543465792431716,0.0,1.0
2024-11-18,2024-11-14,1.3523398667014137,1.0241523675880486,-0.01131138379155927,-0.01081679218765319,0.0873301775235591,0.10521915324970332,1.0,1.0
2024-11-19,2024-11-15,1.3430008138786003,1.0170797275697936,-0.006905847452085334,-0.006905847452085334,0.0936329360917032,0.11139837328040858,1.0,1.0
2024-11-20,2024-11-18,1.3469130564592302,1.0200425423179118,0.0029130604689147077,0.0029130604689147077,0.09099263402750568,0.10880982300899833,1.0,1.0
2024-11-21,2024-11-19,1.3462395999310006,1.0234712802602741,-0.0004999999999999449,0.00336136759018979,0.09144713771049195,0.1058142052313652,0.0,1.0
2024-11-22,2024-11-20,1.3462395999310006,1.0247027258588386,0.0,0.001203204840541705,0.09144713771049195,0.10473831655475596,0.0,1.0
2024-11-25,2024-11-21,1.3462395999310006,0.9967640771937911,0.0,-0.027265125738424434,0.09144713771049195,0.12914773892268405,0.0,1.0
2024-11-26,2024-11-22,1.3319033794814799,0.9866427728125808,-0.01064908538588194,-0.010154162467115535,0.1011223947186003,0.1379905142665181,1.0,1.0
2024-11-27,2024-11-25,1.3295026433767385,0.9848643638351253,-0.001802485181527147,-0.001802485181527147,0.10274260828212667,0.1395442735908885,1.0,1.0
2024-11-28,2024-11-26,1.3288378920550503,1.0041299381403734,-0.0004999999999999449,0.01956165235812435,0.10319123697798549,0.12271233780131607,0.0,1.0
2024-11-29,2024-11-27,1.3288378920550503,0.9952923658367463,0.0,-0.008801223793799218,0.10319123697798549,0.13043354284786557,0.0,1.0
2024-12-02,2024-11-28,1.3288378920550503,1.0055317198680769,0.0,0.010287785160215002,0.10319123697798549,0.12148762995415507,0.0,1.0
2024-12-03,2024-11-29,1.3288378920550503,1.0150478333305546,0.0,0.00946376257899284,0.10319123697798549,0.11317359746133293,0.0,1.0
2024-12-04,2024-12-02,1.3288378920550503,1.0154147388444146,0.0,0.0003614662302722227,0.10319123697798549,0.1128530396647015,0.0,1.0
2024-12-05,2024-12-03,1.3288378920550503,1.0072962663702785,0.0,-0.007995228120654674,0.10319123697798549,0.11994598198912754,0.0,1.0
2024-12-06,2024-12-04,1.3288378920550503,1.009181871631329,0.0,0.0018719470368386837,0.10319123697798549,0.11829856747785417,0.0,1.0
2024-12-09,2024-12-05,1.3288378920550503,1.0212099221913238,0.0,0.01191861536370209,0.10319123697798549,0.10778990723799753,0.0,1.0
2024-12-10,2024-12-06,1.3288378920550503,1.0529437256539107,0.0,0.031074711254755805,0.10319123697798549,0.08006473622683952,0.0,1.0
2024-12-11,2024-12-09,1.3288378920550503,1.0256734591908954,0.0,-0.02589907304502881,0.10319123697798549,0.10389020681999839,0.0,1.0
2024-12-12,2024-12-10,1.3278852594268256,1.0254508880204942,-0.0007168915289972322,-0.0002170000290118157,0.10383415158332643,0.10408466267111627,1.0,1.0
2024-12-13,2024-12-11,1.3272213167971123,1.0290085546983798,-0.0004999999999999449,0.0034693681769131235,0.10428223450753471,0.10097640251057904,0.0,1.0
2024-12-16,2024-12-12,1.3272213167971123,1.010952693539768,0.0,-0.017546852332927854,0.10428223450753471,0.11675143681954347,0.0,1.0
2024-12-17,2024-12-13,1.3189123117014336,1.005126236037184,-0.0062604518105014995,-0.005763333477240229,0.10988983241421035,0.12184189283244573,1.0,1.0
2024-12-18,2024-12-16,1.3278272363312664,1.0119201862931941,0.00675930048627138,0.00675930048627138,0.10387331032561264,0.11590615831164497,1.0,1.0
2024-12-19,2024-12-17,1.320182516852885,1.0060942431681705,-0.005757314859351492,-0.005757314859351492,0.10903259383193642,0.12099616492345855,1.0,1.0
2024-12-20,2024-12-18,1.3195224255944584,1.0126736722626004,-0.0004999999999999449,0.006539575332139336,0.10947807753502048,0.11524785312673624,0.0,1.0
2024-12-23,2024-12-19,1.3195224255944584,1.0102759269835004,0.0,-0.0023677373518979916,0.10947807753502048,0.11734271383206007,0.0,1.0
2024-12-24,2024-12-20,1.3195224255944584,1.0120229846486473,0.0,0.0017292876317098749,0.10947807753502048,0.11581634550405118,0.0,1.0
2024-12-25,2024-12-23,1.3195224255944584,1.0256574620487653,0.0,0.013472497766295,0.10947807753502048,0.10390418319386008,0.0,1.0
2024-12-26,2024-12-24,1.3195224255944584,1.0240567190806849,0.0,-0.0015606993828943816,0.10947807753502048,0.10530271938216351,0.0,1.0
2024-12-27,2024-12-25,1.3195224255944584,1.0254165275994567,0.0,0.001327864456563077,0.10947807753502048,0.10411468266384749,0.0,1.0
2024-12-30,2024-12-26,1.3195224255944584,1.0227627251707712,0.0,-0.0025880238490968432,0.10947807753502048,0.1064332552311692,0.0,1.0
2024-12-31,2024-12-27,1.3195224255944584,1.0276930598064395,0.0,0.00482060453938149,0.10947807753502048,0.10212572332509628,0.0,1.0
2025-01-02,2024-12-30,1.3195224255944584,1.011218832489538,0.0,-0.016030299280219373,0.10947807753502048,0.11651891669620551,0.0,1.0
2025-01-03,2024-12-31,1.3195224255944584,0.9838094783341804,0.0,-0.027105264730758583,0.10947807753502048,0.14046590534377212,0.0,1.0
2025-01-06,2025-01-02,1.3018814795827702,0.9711423136553425,-0.013369189995949382,-0.012875627809854406,0.12138363431201282,0.15153294643644588,1.0,1.0
2025-01-07,2025-01-03,1.2966669756167626,0.9672525391055604,-0.004005359971538169,-0.004005359971538169,0.12490280913347773,0.1549313624099583,1.0,1.0
2025-01-08,2025-01-06,1.3036987398348188,0.9724979042781186,0.005422953117712792,0.005422953117712792,0.12015719809396641,0.1503485948070581,1.0,1.0
2025-01-09,2025-01-07,1.3030468904649015,0.9723623915098214,-0.0004999999999999449,-0.00013934504917800794,0.12059711949491936,0.1504669895238988,0.0,1.0
2025-01-10,2025-01-08,1.3030468904649015,0.9718888298088049,0.0,-0.00048702181938686806,0.12059711949491936,0.15088073063629015,0.0,1.0
2025-01-13,2025-01-09,1.3030468904649015,0.9527414851858232,0.0,-0.019701167495410288,0.12059711949491936,0.16760937158560507,0.0,1.0
2025-01-14,2025-01-10,1.3108725433933992,0.9589427953355758,0.006005657191435088,0.006508911647258753,0.11531572726144523,0.16219141452924968,1.0,1.0
2025-01-15,2025-01-13,1.339518711849242,0.9798983313967623,0.021852748842910108,0.021852748842910108,0.09598294404401697,0.14388299393252357,1.0,1.0
2025-01-16,2025-01-14,1.3388489524933174,0.9804533962222299,-0.0004999999999999449,0.0005664514446885871,0.09643495257199497,0.14339804521761412,0.0,1.0
2025-01-17,2025-01-15,1.3388489524933174,0.974327005164155,0.0,-0.006248528570231282,0.09643495257199497,0.1487505470053878,0.0,1.0
2025-01-20,2025-01-16,1.3388489524933174,0.9863972089652278,0.0,0.012388247207660186,0.09643495257199497,0.13820505834630514,0.0,1.0
2025-01-21,2025-01-17,1.3388489524933174,0.9902684402039559,0.0,0.003924616983445484,0.09643495257199497,0.13482284328204364,0.0,1.0
2025-01-22,2025-01-20,1.3388489524933174,0.9834756730163347,0.0,-0.006859521026664428,0.09643495257199497,0.14075754418034025,0.0,1.0
2025-01-23,2025-01-21,1.3388489524933174,0.9847877215786198,0.0,0.0013340935605057336,0.09643495257199497,0.13961123435311806,0.0,1.0
2025-01-24,2025-01-22,1.3388489524933174,0.9757356023945343,0.0,-0.00919194968188164,0.09643495257199497,0.1475198845938004,0.0,1.0
2025-01-27,2025-01-23,1.3388489524933174,0.9868224963321971,0.0,0.01136260059636518,0.09643495257199497,0.13783349352609653,0.0,1.0
2025-02-05,2025-01-24,1.3388489524933174,0.9888136518686493,0.0,0.0020177443702924514,0.09643495257199497,0.13609386191140416,0.0,1.0
2025-02-06,2025-01-27,1.3388489524933174,0.9746448133398711,0.0,-0.01432912915593565,0.09643495257199497,0.14847288454268115,0.0,1.0
2025-02-07,2025-02-05,1.3388489524933174,0.9886484337962369,0.0,0.014367921795406469,0.09643495257199497,0.1362382095411223,0.0,1.0
2025-02-10,2025-02-06,1.3388489524933174,1.0025481757042725,0.0,0.014059337407396733,0.09643495257199497,0.12409429108944392,0.0,1.0
2025-02-11,2025-02-07,1.3388489524933174,1.0043631826451531,0.0,0.0018103937395383962,0.09643495257199497,0.12250855687760631,0.0,1.0
2025-02-12,2025-02-10,1.3388489524933174,0.9968533217005264,0.0,-0.007477236396547515,0.09643495257199497,0.1290697678337801,0.0,1.0
2025-02-13,2025-02-11,1.3388489524933174,1.0066122985281647,0.0,0.009789782122600066,0.09643495257199497,0.12054355061688737,0.0,1.0
2025-02-14,2025-02-12,1.3388489524933174,1.0032490408492463,0.0,-0.0033411648991732434,0.09643495257199497,0.12348195963591779,0.0,1.0
2025-02-17,2025-02-13,1.3388489524933174,1.0170310931714537,0.0,0.013737418887080022,0.09643495257199497,0.11144086415335386,0.0,1.0
2025-02-18,2025-02-14,1.3388489524933174,1.013986338077958,0.0,-0.0029937679525618988,0.09643495257199497,0.11410100401820766,0.0,1.0
2025-02-19,2025-02-17,1.3388489524933174,1.004635982784331,0.0,-0.009221381928430028,0.09643495257199497,0.12227021701016838,0.0,1.0
2025-02-20,2025-02-18,1.3479190487413206,1.0119479112437015,0.00677454781669895,0.0072781869101539165,0.09031370795269611,0.11588193559295956,1.0,1.0
2025-02-21,2025-02-19,1.3490843229829208,1.0128227388796152,0.0008644986823862499,0.0008644986823862499,0.0895272853518364,0.11511761669120579,1.0,1.0
2025-02-24,2025-02-20,1.3608796800297533,1.0216780829279553,0.008743231869118517,0.008743231869118517,0.0815668112971617,0.10738088483703889,1.0,1.0
2025-02-25,2025-02-21,1.3475715733148164,1.0116870446639257,-0.009779047266431418,-0.009779047266431418,0.09054821286054604,0.11610984935513768,1.0,1.0
2025-02-26,2025-02-24,1.3469569909278019,1.0112256479922135,-0.00045606660097674556,-0.00045606660097674556,0.09096298344585885,0.1165129621317792,1.0,1.0
2025-02-27,2025-02-25,1.3569675925009062,1.018741089933371,0.007432012781795505,0.007432012781795505,0.08420700871970321,0.10994687517379198,1.0,1.0
2025-02-28,2025-02-26,1.353241421282779,1.0159436732898115,-0.002745954463996947,-0.002745954463996947,0.08672173457220655,0.1123909205251028,1.0,1.0
2025-03-03,2025-02-27,1.3359445926577374,1.0029581089010629,-0.012781775929268768,-0.012781775929268768,0.0983950527219758,0.12373614089173557,1.0,1.0
2025-03-04,2025-02-28,1.3243989739387385,0.9942902554735019,-0.008642288596737324,-0.008642288596737324,0.10618698287659867,0.13130906604904002,1.0,1.0
2025-03-05,2025-03-03,1.3318689590689339,0.9998983339828023,0.005640283084771491,0.005640283084771491,0.10114562443516895,0.12640940326838201,1.0,1.0
2025-03-06,2025-03-04,1.3312030245893995,1.0090500109437104,-0.0004999999999999449,0.009152607470056529,0.10159505162295124,0.11841377144696497,0.0,1.0
2025-03-07,2025-03-05,1.3312030245893995,1.0145877483216208,0.0,0.005488070281800317,0.10159505162295124,0.11357556426519877,0.0,1.0
2025-03-10,2025-03-06,1.3312030245893995,1.0147587788604662,0.0,0.00016857146080107022,0.10159505162295124,0.11342613840317717,0.0,1.0
2025-03-11,2025-03-07,1.3312030245893995,1.0005750748201914,0.0,-0.013977414471055494,0.10159505162295124,0.12581814872592012,0.0,1.0
2025-03-12,2025-03-10,1.3312030245893995,1.0150887006277305,0.0,0.014505284183845335,0.10159505162295124,0.11313789254482964,0.0,1.0
2025-03-13,2025-03-11,1.3312030245893995,1.0096572850915624,0.0,-0.005350680716679657,0.10159505162295124,0.11788320852154377,0.0,1.0
2025-03-14,2025-03-12,1.3284604833845752,1.0080812322463828,-0.0020601975462535282,-0.001560978035271221,0.10344594329313972,0.11926017345758566,1.0,1.0
2025-03-17,2025-03-13,1.3627002644844501,1.0340635487358196,0.025774030562535577,0.025774030562535577,0.08033813163461179,0.09655995825063912,1.0,1.0
2025-03-18,2025-03-14,1.362018914352208,1.031784650392059,-0.0004999999999999449,-0.0022038281366235646,0.08079796256879446,0.09855098483439872,0.0,1.0
2025-03-19,2025-03-17,1.362018914352208,1.029996082457785,0.0,-0.0017334701903100047,0.08079796256879446,0.10011361983027245,0.0,1.0
2025-03-20,2025-03-18,1.362018914352208,1.0315993201570335,0.0,0.0015565473758141213,0.08079796256879446,0.09871290404668842,0.0,1.0
2025-03-21,2025-03-19,1.362018914352208,1.0201430516932206,0.0,-0.011105347047019043,0.08079796256879446,0.10872201003624993,0.0,1.0
2025-03-24,2025-03-20,1.3440398992997382,1.0071804799814237,-0.013200268265746384,-0.012706621576534682,0.09293167605330699,0.12004714217421375,1.0,1.0
2025-03-25,2025-03-21,1.3515162990554437,1.0127830546508274,0.005562632299532799,0.005562632299532799,0.08788598849663798,0.11515228798520571,1.0,1.0
2025-03-26,2025-03-24,1.350840540905916,1.0108052214931904,-0.0004999999999999449,-0.0019528695198389734,0.08834204550238967,0.11688028011169871,0.0,1.0
2025-03-27,2025-03-25,1.350840540905916,1.00596410564538,0.0,-0.004789365690710423,0.08834204550238967,0.12110986339892138,0.0,1.0
2025-03-28,2025-03-26,1.350840540905916,1.0109515619091347,0.0,0.004957886902490438,0.08834204550238967,0.11675242550193898,0.0,1.0
2025-03-31,2025-03-27,1.350840540905916,1.0045746175413708,0.0,-0.006307863411102788,0.08834204550238967,0.12232383056006069,0.0,1.0
2025-04-01,2025-03-28,1.345601603133104,1.001179185546047,-0.0038782799406499313,-0.003379969925612847,0.09187771026005165,0.12529034961719465,1.0,1.0
2025-04-02,2025-03-31,1.3427113857515907,0.9990287529980053,-0.0021478997756718687,-0.0021478997756718687,0.09382826592246674,0.12716913827902987,1.0,1.0
2025-04-03,2025-04-01,1.3285389402312773,0.9884839101335311,-0.01055509446833236,-0.01055509446833236,0.10339299418018755,0.13638195047937063,1.0,1.0
2025-04-07,2025-04-02,1.2703923832307347,0.9452206422802811,-0.043767295966816167,-0.043767295966816167,0.14263505836982415,0.17418017725502455,1.0,1.0
2025-04-08,2025-04-03,1.2437015041464472,0.9253616048646787,-0.02100994892334751,-0.02100994892334751,0.16064825200214294,0.19153060955078438,1.0,1.0
2025-04-09,2025-04-07,1.2465075172829103,0.927449386225859,0.002256178936109743,0.002256178936109743,0.15875452426832337,0.18970655794156344,1.0,1.0
2025-04-10,2025-04-08,1.2959455717085644,0.9642331942635501,0.03966125654293462,0.03966125654293462,0.12538967163974624,0.15756930186102625,1.0,1.0
2025-04-11,2025-04-09,1.289443109740856,0.9593951132433461,-0.005017542487633531,-0.005017542487633531,0.12977806612241694,0.16179623368182527,1.0,1.0
2025-04-14,2025-04-10,1.3038663359663576,0.970126546567869,0.011185624333903466,0.011185624333903466,0.12004409048293929,0.15242040123652723,1.0,1.0
2025-04-15,2025-04-11,1.2984871157650286,0.9661242004889853,-0.004125591751966029,-0.004125591751966029,0.12367442932533668,0.1559171686383205,1.0,1.0
2025-04-16,2025-04-14,1.29896997664315,0.9664834674960727,0.00037186420431822853,0.00037186420431822853,0.12334855521427412,0.15560328444785743,1.0,1.0
2025-04-17,2025-04-15,1.2980057412508388,0.965766039393653,-0.0007423076819703667,-0.0007423076819703667,0.12399930031614903,0.15623008661644233,1.0,1.0
2025-04-18,2025-04-16,1.2997189657982169,0.9670407441450503,0.0013198898070567733,0.0013198898070567733,0.12284307592166177,0.15511640330826626,1.0,1.0
2025-04-21,2025-04-17,1.3025187223795265,0.9691238703893087,0.0021541245876874893,0.0021541245876874893,0.12095357062424428,0.15329641877889877,1.0,1.0
2025-04-22,2025-04-18,1.3066563793322077,0.9722024458074033,0.003176658332497695,0.003176658332497695,0.11816114045971549,0.15060673079245712,1.0,1.0
2025-04-23,2025-04-21,1.3147163778671198,0.9781993937523943,0.006168414789381238,0.006168414789381238,0.11272159259667613,0.14536732078867642,1.0,1.0
2025-04-24,2025-04-22,1.3091959185256945,0.9740919603379132,-0.004198973584235044,-0.004198973584235044,0.1164472511912249,0.14895590083290888,1.0,1.0
2025-04-25,2025-04-23,1.3107945547839348,0.9752814070086683,0.0012210825252498836,0.0012210825252498836,0.11536836036951792,0.14791670575519889,1.0,1.0
2025-04-28,2025-04-24,1.3088252608411006,0.973816176808885,-0.0015023665879957404,-0.0015023665879957404,0.11669740138758267,0.1491968472266616,1.0,1.0
2025-04-29,2025-04-25,1.3052357956463212,0.9711454770773391,-0.002742509105052582,-0.002742509105052582,0.11911986680679376,0.15153018261974993,1.0,1.0
2025-04-30,2025-04-28,1.3051763756556638,0.9711012663260195,-4.5524334266300315e-05,-4.5524334266300315e-05,0.11915996828842579,0.15156880864333122,1.0,1.0
2025-05-06,2025-04-29,1.3115867867594277,0.9758708579740512,0.004911528605123339,0.004911528605123339,0.11483369727613668,0.14740171457750406,1.0,1.0
2025-05-07,2025-04-30,1.3348158896806332,0.9931542011935206,0.017710686899033323,0.017710686899033323,0.09915679403501931,0.13230161329373358,1.0,1.0
2025-05-08,2025-05-06,1.3206336963782572,0.9826021056054443,-0.010624831043754779,-0.010624831043754779,0.10872810089531171,0.1415207620494262,1.0,1.0
2025-05-09,2025-05-07,1.3303367492563394,0.9898215489794482,0.007347270408662121,0.007347270408662121,0.1021796852449477,0.13521328294798118,1.0,1.0
2025-05-12,2025-05-08,1.3296715808817112,0.9944282629729674,-0.0004999999999999449,0.004654085373539285,0.10262859540232516,0.13118849173691838,0.0,1.0
2025-05-13,2025-05-09,1.3296715808817112,1.0070464331891738,0.0,0.012688869258887348,0.10262859540232516,0.12016425609795145,0.0,1.0
2025-05-14,2025-05-12,1.3296715808817112,1.0017087886822733,0.0,-0.005300296322977793,0.10262859540232516,0.12482764625617992,0.0,1.0
2025-05-15,2025-05-13,1.3296715808817112,1.0117876826336254,0.0,0.010061700631189163,0.10262859540232516,0.11602192403211653,0.0,1.0
2025-05-16,2025-05-14,1.3170609356623815,1.002693204457438,-0.009484030042191005,-0.00898852430434327,0.11113929276253265,0.12396758245246042,1.0,1.0
2025-05-19,2025-05-15,1.3116224845652444,0.9985528508790891,-0.004129232710407438,-0.004129232710407438,0.11480960546985353,0.1275849241663749,1.0,1.0
2025-05-20,2025-05-16,1.3118031187735022,0.9986903697198719,0.00013771813946727995,0.00013771813946727995,0.11468769869564455,0.1274647767852879,1.0,1.0
2025-05-21,2025-05-19,1.317321161079664,1.0028913169748404,0.004206456157324068,0.004206456157324068,0.11096367131466811,0.12379449562311418,1.0,1.0
2025-05-22,2025-05-20,1.3217683367750972,1.006277001515394,0.003375923675125847,0.003375923675125847,0.10796235252461228,0.12083649271661268,1.0,1.0
2025-05-23,2025-05-21,1.3210160714768953,1.0057042935396032,-0.0005691355113236485,-0.0005691355113236485,0.10847004282722805,0.12133685588886745,1.0,1.0
2025-05-26,2025-05-22,1.3093325144060959,0.9968094710134994,-0.008844371634129433,-0.008844371634129433,0.11635506509142357,0.12910807927659895,1.0,1.0
2025-05-27,2025-05-23,1.3031969645830563,0.9921384083871694,-0.004686013488195195,-0.004686013488195195,0.12049583717518064,0.13318909056386907,1.0,1.0
2025-05-28,2025-05-26,1.2982808223495579,0.9883956943819164,-0.003772370844242534,-0.003772370844242534,0.1238136530364109,0.13645902276609723,1.0,1.0
2025-05-29,2025-05-27,1.2965695775731783,0.9870929046157192,-0.0013180852300372914,-0.0013180852300372914,0.12496854131910395,0.13759724337372126,1.0,1.0
2025-05-30,2025-05-28,1.3007868981810882,0.9903035979102119,0.0032526758924913413,0.0032526758924913413,0.122122347588281,0.13479212671762486,1.0,1.0
2025-06-03,2025-05-29,1.2950322105356995,0.9859224899147004,-0.004424004926122382,-0.004424004926122382,0.12600608264708335,0.13861981061114603,1.0,1.0
2025-06-04,2025-05-30,1.302474258838291,0.9915882044296478,0.0057466125105205546,0.0057466125105205546,0.12098357826750428,0.13366979243848953,1.0,1.0
2025-06-05,2025-06-03,1.308267762400135,0.9959988634160064,0.00444807528634894,0.00444807528634894,0.11707364704570111,0.1298162904524176,1.0,1.0
2025-06-06,2025-06-04,1.3101141027813068,0.997404502975413,0.00141128630868681,0.00141128630868681,0.11582758517219793,0.12858821209709081,1.0,1.0
2025-06-09,2025-06-05,1.3100110666236133,0.9973260603974464,-7.864670525614681e-05,-7.864670525614681e-05,0.11589712241950256,0.1286567457631307,1.0,1.0
2025-06-10,2025-06-06,1.3133060278172601,0.9998345511653084,0.0025152163043471454,0.0025152163043471454,0.11367341244709195,0.12646512900339124,1.0,1.0
2025-06-11,2025-06-09,1.3076038041564282,0.9954933845873648,-0.004341884937746898,-0.004341884937746898,0.11752174050751252,0.1302579169023681,1.0,1.0
2025-06-12,2025-06-10,1.3126197056599822,0.9993120464394165,0.003835948998932359,0.003835948998932359,0.11413659891143269,0.12692163062938033,1.0,1.0
2025-06-13,2025-06-11,1.3112591892079213,0.9982762700648421,-0.0010364894311690742,-0.0010364894311690742,0.11505478696412053,0.1278265671318154,1.0,1.0
2025-06-16,2025-06-12,1.3018430356886184,0.9911076471938094,-0.007181000977381835,-0.007181000977381835,0.12140957940386055,0.13408964540568824,1.0,1.0
2025-06-17,2025-06-13,1.3091256650967331,0.9966519943233717,0.005594091767186393,0.005594091767186393,0.11649466396527475,0.12924566341993082,1.0,1.0
2025-06-18,2025-06-16,1.3079342968550234,0.9957449923710529,-0.0009100488008702001,-0.0009100488008702001,0.11729869693689554,0.13003809235978803,1.0,1.0
2025-06-19,2025-06-17,1.3073933739183066,0.9953331816961668,-0.00041357042017897694,-0.00041357042017897694,0.1176637560856959,0.13039788287147047,1.0,1.0
2025-06-20,2025-06-18,1.297168910187486,0.9875491832307052,-0.00782049529605433,-0.00782049529605433,0.1245640625307659,0.13719860213791302,1.0,1.0
2025-06-23,2025-06-19,1.2942592366589187,0.9853340162666825,-0.0022430953330100367,-0.0022430953330100367,0.12652774879645234,0.13913394792677203,1.0,1.0
2025-06-24,2025-06-20,1.304805173201743,0.9933627555754003,0.008148241282826874,0.008148241282826874,0.11941048613979188,0.1321194036222847,1.0,1.0
2025-06-25,2025-06-23,1.3198993284392333,1.0048541045888348,0.01156812951657149,0.01156812951657149,0.10922371259252228,0.12207964847846808,1.0,1.0
2025-06-26,2025-06-24,1.3354703215015897,1.016708475565548,0.011797106587491779,0.011797106587491779,0.09871512978436603,0.11172272851624021,1.0,1.0
2025-06-27,2025-06-25,1.334331045638622,1.0158411321231386,-0.0008530896154148593,-0.0008530896154148593,0.09948400654767753,0.1124805086321522,1.0,1.0
2025-06-30,2025-06-26,1.3243743745707637,1.0082610072037563,-0.0074619196640912655,-0.0074619196640912655,0.10620358454704804,0.11910310777705413,1.0,1.0
2025-07-01,2025-06-27,1.329642022122557,1.0122713261348268,0.00397746109630126,0.00397746109630126,0.10264854407657054,0.11559937465838466,1.0,1.0
2025-07-02,2025-06-30,1.3321471182660307,1.0141784838156598,0.0018840380356470732,0.0018840380356470732,0.10095789980226744,0.11393313024149099,1.0,1.0
2025-07-03,2025-07-01,1.3341999363507506,1.015741317157536,0.001540984517830024,0.001540984517830024,0.09957248984498535,0.11256771491343098,1.0,1.0
2025-07-04,2025-07-02,1.3403023456915943,1.0203871495645265,0.004573834231722973,0.004573834231722973,0.09545408367585317,0.10850874674956601,1.0,1.0
2025-07-07,2025-07-03,1.3436212585691116,1.022913875016906,0.0024762419376389566,0.0024762419376389566,0.09321420914333134,0.106301198721229,1.0,1.0
2025-07-08,2025-07-04,1.339613962811162,1.019863075987075,-0.0029824593295115776,-0.0029824593295115776,0.09591866088514034,0.10896661904887606,1.0,1.0
2025-07-09,2025-07-07,1.3504507991421493,1.0281132805544388,0.00808952178151845,0.00808952178151845,0.0886050752001063,0.10175858510561198,1.0,1.0
2025-07-10,2025-07-08,1.3490708578406874,1.027062715825002,-0.0010218375244314126,-0.0010218375244314126,0.0895363727338433,0.10267644188934943,1.0,1.0
2025-07-11,2025-07-09,1.3551670850120694,1.0317038416773145,0.004518833933704336,0.004518833933704336,0.08542213879954952,0.09862158574544677,1.0,1.0
2025-07-14,2025-07-10,1.3584602895236835,1.0342109950635194,0.0024301095769196923,0.0024301095769196923,0.08319961438020762,0.09643113742853804,1.0,1.0
2025-07-15,2025-07-11,1.3593981212527737,1.0349249768362843,0.000690363742188671,0.000690363742188671,0.08256668863515115,0.09580734624724796,1.0,1.0
2025-07-16,2025-07-14,1.3578451129887337,1.0337426542947414,-0.0011424234297225944,-0.0011424234297225944,0.08361478594526228,0.09684031711987817,1.0,1.0
2025-07-17,2025-07-15,1.3530056229000895,1.03005829642372,-0.003564095817962576,-0.003564095817962576,0.0868808706543176,0.10005926476858362,1.0,1.0
2025-07-18,2025-07-16,1.3647632984397347,1.0390095461682038,0.008690041889436673,0.008690041889436673,0.07894582717025767,0.09223874208141225,1.0,1.0
2025-07-21,2025-07-17,1.3748633080050008,1.046698796287033,0.007400557720751211,0.007400557720751211,0.07212951260029232,0.08552080249552407,1.0,1.0
2025-07-22,2025-07-18,1.3807978190823245,1.051216805870255,0.004316437163440545,0.004316437163440545,0.06812441794562052,0.0815735105022225,1.0,1.0
2025-07-23,2025-07-21,1.3949229614846423,1.0619704345865106,0.010229696344469463,0.010229696344469463,0.058591613710378465,0.07217828639994317,1.0,1.0
2025-07-24,2025-07-22,1.3907621925252498,1.058802794693826,-0.0029827948024916395,-0.0029827948024916395,0.06139964175202506,0.07494578818490838,1.0,1.0
2025-07-25,2025-07-23,1.400386208824319,1.0661296658213273,0.006919958243612134,0.006919958243612134,0.054904566465509674,0.06854445166607037,1.0,1.0
2025-07-28,2025-07-24,1.394602603490083,1.0617265424662292,-0.004130007349252396,-0.004130007349252396,0.05880781755175202,0.07239136992619144,1.0,1.0
2025-07-29,2025-07-25,1.3961174039199093,1.0628797769567293,0.0010861878688850357,0.0010861878688850357,0.05778550602088728,0.07138381268513216,1.0,1.0
2025-07-30,2025-07-28,1.401609467601394,1.067060946394499,0.003933812203804843,0.003933812203804843,0.054079011145870326,0.06773081099482214,1.0,1.0
2025-07-31,2025-07-29,1.3991165668851098,1.0651630732286321,-0.0017785986566930534,-0.0017785986566930534,0.05576142494598413,0.06938894372206317,1.0,1.0
2025-08-01,2025-07-30,1.3749163125071067,1.0467391492066493,-0.017296810680957675,-0.017296810680957675,0.07209374081635067,0.0854855469801088,1.0,1.0
2025-08-04,2025-07-31,1.364110150547,1.0385122973805292,-0.007859505238105857,-0.007859505238105857,0.07938662492087567,0.09267317811394216,1.0,1.0
2025-08-05,2025-08-01,1.3784507229747636,1.04942993538193,0.010512767185269611,0.010512767185269611,0.06970843084102363,0.08313466247450352,1.0,1.0
2025-08-06,2025-08-04,1.3777614976132762,1.0545841528507784,-0.0004999999999999449,0.0049114450570466595,0.07017357662560308,0.0786315287445365,0.0,1.0
2025-08-07,2025-08-05,1.3777614976132762,1.0596903531743602,0.0,0.004841908831816344,0.07017357662560308,0.07417034660620747,0.0,1.0
2025-08-08,2025-08-06,1.3777614976132762,1.0568590133306899,0.0,-0.002671855825797431,0.07017357662560308,0.07664402995932384,0.0,1.0
2025-08-11,2025-08-07,1.3777614976132762,1.0571214744809028,0.0,0.000248340740725439,0.07017357662560308,0.07641472305377062,0.0,1.0
2025-08-12,2025-08-08,1.3815225885852218,1.0605375330164002,0.0027298563492019756,0.0032314720852444356,0.06763528406009878,0.07343018301297621,1.0,1.0
2025-08-13,2025-08-11,1.390544114488909,1.0674629838957361,0.006530132752245343,0.006530132752245343,0.06154681869150158,0.0673795591038272,1.0,1.0
2025-08-14,2025-08-12,1.4004145399315349,1.07504009970639,0.007098246894708282,0.007098246894708282,0.054885446311449426,0.06075958895529454,1.0,1.0
2025-08-15,2025-08-13,1.3945366024617645,1.070527851151845,-0.00419728394854979,-0.00419728394854979,0.058852360457187114,0.06470184765640186,1.0,1.0
2025-08-18,2025-08-14,1.3938393341605337,1.0848858263095957,-0.0004999999999999449,0.013412051953904935,0.05932293427695845,0.052157580244778234,0.0,1.0
2025-08-19,2025-08-15,1.4009096036901358,1.0909343920427765,0.005072513995209027,0.005575301646032038,0.054551336696106234,0.046873072841737806,1.0,1.0
2025-08-20,2025-08-18,1.3898904200575297,1.0823533912662955,-0.007865734950763703,-0.007865734950763703,0.061987985291208525,0.05437011662520064,1.0,1.0
2025-08-21,2025-08-19,1.4149809379716551,1.1018922029316476,0.018052155444806095,0.018052155444806095,0.045054846592589626,0.03729945897726494,1.0,1.0
2025-08-22,2025-08-20,1.4159691260316687,1.1026617374809398,0.0006983755282456983,0.0006983755282456983,0.044387936266633066,0.03662713247838578,1.0,1.0
2025-08-25,2025-08-21,1.4585499880377064,1.1358208554446203,0.030071885907126283,0.030071885907126283,0.015650879314569766,0.007656693520254665,1.0,1.0
2025-08-26,2025-08-22,1.4707897016641578,1.145352323077277,0.008391699788718565,0.008391699788718565,0.007390517006488517,0.0,1.0,1.0
2025-08-27,2025-08-25,1.472601968748049,1.1467635950709705,0.001232172812904997,0.001232172812904997,0.0061674505877122865,0.0,1.0,1.0
2025-08-28,2025-08-26,1.445914913318162,1.1259815071231636,-0.01812238201241534,-0.01812238201241534,0.024178063704534458,0.01812238201241534,1.0,1.0
2025-08-29,2025-08-27,1.4715991168900797,1.1459826413398368,0.017763288375646002,0.017763288375646002,0.0068442572468367935,0.0006810067345094373,1.0,1.0
2025-09-01,2025-08-28,1.491770194802493,1.1616905232483212,0.01370691085697362,0.01370691085697362,0.0,0.0,1.0,1.0
2025-09-02,2025-08-29,1.4934559040625826,1.163003240501435,0.0011300059928551764,0.0011300059928551764,0.0,0.0,1.0,1.0
2025-09-03,2025-09-01,1.4866378985444133,1.1576938353226027,-0.0045652539854860175,-0.0045652539854860175,0.0045652539854860175,0.0045652539854860175,1.0,1.0
2025-09-04,2025-09-02,1.4733980412388938,1.1473835229068097,-0.008905905949581183,-0.008905905949581183,0.013430502212436357,0.013430502212436468,1.0,1.0
2025-09-05,2025-09-03,1.4418107672721832,1.1227854735891434,-0.02143838466090997,-0.02143838466090997,0.03458095860072696,0.034580958600727074,1.0,1.0
2025-09-08,2025-09-04,1.4753528840339938,1.1489058232969231,0.023263882836213057,0.023263882836213057,0.012121563133765112,0.012121563133765334,1.0,1.0
2025-09-09,2025-09-05,1.4692659877395973,1.1441657569208605,-0.004125722300249546,-0.004125722300249546,0.01619727523067971,0.01619727523068004,1.0,1.0
2025-09-10,2025-09-08,1.4658182778381599,1.1414809118064027,-0.0023465525849010183,-0.0023465525849010183,0.018505820057519773,0.018505820057520106,1.0,1.0
2025-09-11,2025-09-09,1.46599635711424,1.1416195879966966,0.00012148796257527295,0.00012148796257527295,0.018386580329319058,0.01838658032931939,1.0,1.0
2025-09-12,2025-09-10,1.5009224523745923,1.1688176872879827,0.02382413509478498,0.02382413509478498,0.0,0.0,1.0,1.0
2025-09-15,2025-09-11,1.4977175868568744,1.1663219530836195,-0.0021352638923133327,-0.0021352638923133327,0.0021352638923133327,0.0021352638923133327,1.0,1.0
2025-09-16,2025-09-12,1.4993805077823024,1.1676169243108983,0.0011103033976638255,0.0011103033976638255,0.0010273312854041095,0.0010273312854039984,1.0,1.0
2025-09-17,2025-09-15,1.4919045468972805,1.1617951476441142,-0.004986033129161682,-0.004986033129161682,0.006008242106742223,0.006008242106742112,1.0,1.0
2025-09-18,2025-09-16,1.5013984973830155,1.1691883991957899,0.006363644715393857,0.006363644715393857,0.0,0.0,1.0,1.0
2025-09-19,2025-09-17,1.500647798134324,1.157115623506915,-0.0004999999999999449,-0.010325774440781976,0.0004999999999999449,0.010325774440782087,0.0,1.0
2025-09-22,2025-09-18,1.5042095509648286,1.1604422317846521,0.0023734768644132487,0.0028749143215740514,0.0,0.007480545836029195,1.0,1.0
2025-09-23,2025-09-19,1.5124545870512973,1.1668029732592622,0.005481308160276033,0.005481308160276033,0.0,0.0020402408526876137,1.0,1.0
2025-09-24,2025-09-22,1.5116983597577718,1.1561319535792127,-0.0004999999999999449,-0.009145519787494005,0.0004999999999999449,0.011167101577092109,0.0,1.0
2025-09-25,2025-09-23,1.5116983597577718,1.1738051435517372,0.0,0.015286481718467249,0.0004999999999999449,0.0,0.0,1.0
2025-09-26,2025-09-24,1.5116983597577718,1.177130980263134,0.0,0.0028333805910352172,0.0004999999999999449,0.0,0.0,1.0
2025-09-29,2025-09-25,1.5116983597577718,1.1715036897519513,0.0,-0.00478051347346653,0.0004999999999999449,0.00478051347346653,0.0,1.0
2025-09-30,2025-09-26,1.5357756842965793,1.1907579991886257,0.015927333904540042,0.016435551680380245,0.0,0.0,1.0,1.0
2025-10-09,2025-09-29,1.5464615335051897,1.1990432328678555,0.0069579492095583895,0.0069579492095583895,0.0,0.0,1.0,1.0
2025-10-10,2025-09-30,1.5456883027384372,1.2035144598119558,-0.0004999999999999449,0.0037289956037749317,0.0004999999999999449,0.0,0.0,1.0
2025-10-13,2025-10-09,1.4826393804512372,1.1550003743840072,-0.040790191771199025,-0.040310346944671394,0.041269796675313386,0.040310346944671394,1.0,1.0
2025-10-14,2025-10-10,1.5299123250032751,1.1918267728837022,0.03188431737031738,0.03188431737031738,0.01070133860000022,0.009711297469645497,1.0,1.0
2025-10-15,2025-10-13,1.500261558545201,1.1687283399057347,-0.01938069651018115,-0.01938069651018115,0.02987463571452198,0.028903782270847334,1.0,1.0
2025-10-16,2025-10-14,1.5150116355782508,1.1802188916339509,0.009831670317109742,0.009831670317109742,0.020336682966601183,0.019356284411941926,1.0,1.0
2025-10-17,2025-10-15,1.5142541297604617,1.185819460230869,-0.0004999999999999449,0.004745364302010335,0.020826514625117865,0.014702772730999514,0.0,1.0
2025-10-20,2025-10-16,1.5142541297604617,1.172328725640015,0.0,-0.011376718837307176,0.020826514625117865,0.02591222225681733,0.0,1.0
2025-10-21,2025-10-17,1.5127931876005885,1.1717835625825856,-0.0009647932478179522,-0.00046502576069840096,0.021771214592249843,0.026365198166649395,1.0,1.0
2025-10-22,2025-10-20,1.5194024486329842,1.1769029824094706,0.004368912476978126,0.004368912476978126,0.01749741864634269,0.0221114729328995,1.0,1.0
2025-10-23,2025-10-21,1.518642747408668,1.1775907309266533,-0.0004999999999999449,0.0005843714626116991,0.01798866993701942,0.021540022784066082,0.0,1.0
2025-10-24,2025-10-22,1.518642747408668,1.1889290268969799,0.0,0.009628384185229155,0.01798866993701942,0.012119034213560531,0.0,1.0
2025-10-27,2025-10-23,1.518642747408668,1.2086282986423107,0.0,0.016568921524899194,0.01798866993701942,0.0,0.0,1.0
2025-10-28,2025-10-24,1.518642747408668,1.208202856962073,0.0,-0.0003520037390448705,0.01798866993701942,0.0003520037390449815,0.0,1.0
2025-10-29,2025-10-27,1.518642747408668,1.209053766041426,0.0,0.0007042766655034338,0.01798866993701942,0.0,0.0,1.0
2025-10-30,2025-10-28,1.518642747408668,1.2180410993717745,0.0,0.007433361181094611,0.01798866993701942,0.0,0.0,1.0
2025-10-31,2025-10-29,1.518642747408668,1.2094288501584969,0.0,-0.007070573577295236,0.01798866993701942,0.007070573577295125,0.0,1.0
2025-11-03,2025-10-30,1.518642747408668,1.192515524437128,0.0,-0.013984556197044973,0.01798866993701942,0.02095625094080311,0.0,1.0
2025-11-04,2025-10-31,1.5220133417788966,1.1957601666506097,0.0022194781333397806,0.0027208385526160672,0.015809117263252626,0.018292430963665063,1.0,1.0
2025-11-05,2025-11-03,1.4934555823182187,1.1733239433439488,-0.018763146601133096,-0.018763146601133096,0.03427563507954079,0.036712354000935865,1.0,1.0
2025-11-06,2025-11-04,1.5196115298587918,1.1938731982890238,0.01751370971473576,0.01751370971473576,0.017362218887876257,0.01984161379711713,1.0,1.0
2025-11-07,2025-11-05,1.5188517240938624,1.202039044936476,-0.0004999999999999449,0.00683979392380607,0.01785353777843235,0.013137532422799136,0.0,1.0
2025-11-10,2025-11-06,1.5188517240938624,1.2057328930734874,0.0,0.003072985151831409,0.01785353777843235,0.01010491871303465,0.0,1.0
2025-11-11,2025-11-07,1.5188517240938624,1.2104171752031208,0.0,0.0038850081610470877,0.01785353777843235,0.006259168243654467,0.0,1.0
2025-11-12,2025-11-10,1.5188517240938624,1.194271326520802,0.0,-0.013339077644539565,0.01785353777843235,0.019514754357001673,0.0,1.0
2025-11-13,2025-11-11,1.5181665100458264,1.1943297083739117,-0.00045113952676634206,4.888491569143838e-05,0.01829662286861422,0.019466823418431756,1.0,1.0
2025-11-14,2025-11-12,1.5174074267908035,1.1993529395969953,-0.0004999999999999449,0.004205899918476197,0.018787474557179884,0.01534279901098412,0.0,1.0
2025-11-17,2025-11-13,1.5174074267908035,1.1873906522081024,0.0,-0.00997395094801068,0.018787474557179884,0.025163721634254066,0.0,1.0
2025-11-18,2025-11-14,1.5061312070823039,1.179156444782868,-0.007431240620950463,-0.006934707974938004,0.02607910093403587,0.03192392654809595,1.0,1.0
2025-11-19,2025-11-17,1.5006277120636076,1.174847735428988,-0.0036540608101187644,-0.0036540608101187644,0.029637867123468498,0.03546133538931018,1.0,1.0
2025-11-20,2025-11-18,1.5175469572209173,1.1880938834898538,0.01127477856186121,0.01127477856186121,0.018697248950470202,0.02458637553147136,1.0,1.0
2025-11-21,2025-11-19,1.516788183742307,1.1607921885578958,-0.0004999999999999449,-0.022979408707806237,0.019187900325994822,0.047000803867296326,0.0,1.0
2025-11-24,2025-11-20,1.516788183742307,1.150445612524092,0.0,-0.008913374965641152,0.019187900325994822,0.05549524304438169,0.0,1.0
2025-11-25,2025-11-21,1.516788183742307,1.1511347755795658,0.0,0.0005990401006108481,0.019187900325994822,0.05492944681974754,0.0,1.0
2025-11-26,2025-11-24,1.5208958275594835,1.1548296010339423,0.002708119605099979,0.0032097244673336967,0.016531743849948377,0.05189603074184823,1.0,1.0
2025-11-27,2025-11-25,1.5201353796457038,1.1624968872309407,-0.0004999999999999449,0.006639322537397518,0.017023477978023394,0.045601262690956545,0.0,1.0
2025-11-28,2025-11-26,1.5201353796457038,1.160306461827575,0.0,-0.0018842419514630837,0.017023477978023394,0.04739958083021767,0.0,1.0
2025-12-01,2025-11-27,1.5201353796457038,1.1674281477462178,0.0,0.0061377628694971875,0.017023477978023394,0.04155274534796993,0.0,1.0
2025-12-02,2025-11-28,1.5201353796457038,1.1758439047314084,0.0,0.007208800816939087,0.017023477978023394,0.034643489995641374,0.0,1.0
2025-12-03,2025-12-01,1.5201353796457038,1.1713892921825102,0.0,-0.0037884386957941496,0.017023477978023394,0.03830068395337871,0.0,1.0
2025-12-04,2025-12-02,1.5201353796457038,1.1659911568745023,0.0,-0.004608318809155354,0.017023477978023394,0.042732501000268264,0.0,1.0
2025-12-05,2025-12-03,1.5201353796457038,1.169670293813285,0.0,0.0031553729349413917,0.017023477978023394,0.03971196504242558,0.0,1.0
2025-12-08,2025-12-04,1.5201353796457038,1.1813040482543267,0.0,0.009946182700010242,0.017023477978023394,0.030160764802103612,0.0,1.0
2025-12-09,2025-12-05,1.5201353796457038,1.1859949401356116,0.0,0.0039709437110766466,0.017023477978023394,0.026309587790339206,0.0,1.0
2025-12-10,2025-12-08,1.5201353796457038,1.1795330720326196,0.0,-0.005448478643806931,0.017023477978023394,0.03161471920694314,0.0,1.0
2025-12-11,2025-12-09,1.5201353796457038,1.1823457142519682,0.0,0.0023845386670691138,0.017023477978023394,0.02930556706027143,0.0,1.0
2025-12-12,2025-12-10,1.5201353796457038,1.172456136961735,0.0,-0.008364370226934814,0.017023477978023394,0.0374248146746039,0.0,1.0
2025-12-15,2025-12-11,1.5201353796457038,1.1702096701231597,0.0,-0.0019160348671095617,0.017023477978023394,0.039269142291901926,0.0,1.0
2025-12-16,2025-12-12,1.5201353796457038,1.1682601277313467,0.0,-0.0016659769967615201,0.017023477978023394,0.04086969780092253,0.0,1.0
2025-12-17,2025-12-15,1.5201353796457038,1.157291103411658,0.0,-0.009389196857201298,0.017023477978023394,0.04987516101997658,0.0,1.0
2025-12-18,2025-12-16,1.537678259249588,1.1712322527133088,0.011540340313619168,0.012046363495366696,0.005679594393592002,0.03842961184364646,1.0,1.0
2025-12-19,2025-12-17,1.5369094201199631,1.1731339322731231,-0.0004999999999999449,0.0016236570973937603,0.0061767545963952175,0.03686835125827281,0.0,1.0
2025-12-22,2025-12-18,1.5369094201199631,1.179896814124483,0.0,0.005764799453252367,0.0061767545963952175,0.031316090456196544,0.0,1.0
2025-12-23,2025-12-19,1.5369094201199631,1.1871900963972875,0.0,0.0061812882156278,0.0061767545963952175,0.025328376021465093,0.0,1.0
2025-12-24,2025-12-22,1.5369094201199631,1.1891594166062993,0.0,0.0016588078143409124,0.0061767545963952175,0.02371158311519328,0.0,1.0
2025-12-25,2025-12-23,1.5369094201199631,1.1906090354471233,0.0,0.0012190281812349824,0.0061767545963952175,0.022521460021997508,0.0,1.0
2025-12-26,2025-12-24,1.5369094201199631,1.193301801976012,0.0,0.002261671504850904,0.0061767545963952175,0.020310724661525947,0.0,1.0
2025-12-29,2025-12-25,1.5369094201199631,1.1980535961604526,0.0,0.003982055651447158,0.0061767545963952175,0.016409547446002315,0.0,1.0
2025-12-30,2025-12-26,1.5369094201199631,1.1875219470804037,0.0,-0.008790632667687759,0.0061767545963952175,0.025055929809849276,0.0,1.0
2025-12-31,2025-12-29,1.5491703877015974,1.1975944113122503,0.007977677422705387,0.00848191838189627,0.0,0.016786533779582613,1.0,1.0
2026-01-05,2025-12-30,1.550879090221792,1.198915332887453,0.001102979074322219,0.001102979074322219,0.0,0.015702069900749738,1.0,1.0
2026-01-06,2025-12-31,1.5700397137624966,1.213727554868826,0.01235468558542796,0.01235468558542796,0.0,0.003541378451985988,1.0,1.0
2026-01-07,2026-01-05,1.595898045298977,1.2337174756546816,0.01646985825251046,0.01646985825251046,0.0,0.0,1.0,1.0
2026-01-08,2026-01-06,1.5839467757053345,1.2244784831028892,-0.007488742547713034,-0.007488742547713034,0.007488742547713034,0.007488742547713034,1.0,1.0
2026-01-09,2026-01-07,1.5722848144667465,1.2154631419143749,-0.0073625966588396485,-0.0073625966588396485,0.014796202615692033,0.014796202615692033,1.0,1.0
2026-01-12,2026-01-08,1.5868210954665247,1.2267004912884658,0.009245323026736862,0.009245323026736862,0.005687675261706215,0.005687675261706215,1.0,1.0
2026-01-13,2026-01-09,1.5962690959066042,1.2340043183012592,0.005954042624636058,0.005954042624636058,0.0,0.0,1.0,1.0
2026-01-14,2026-01-12,1.586170850319383,1.2261978158175284,-0.0063261549153063035,-0.0063261549153063035,0.0063261549153063035,0.0063261549153064145,1.0,1.0
2026-01-15,2026-01-13,1.570900652310347,1.2143931079942754,-0.009627082735735093,-0.009627082735735093,0.015892335234272692,0.015892335234272803,1.0,1.0
2026-01-16,2026-01-14,1.5897421583554578,1.2289586344976628,0.011994078694537613,0.011994078694537613,0.0040888704591748315,0.0040888704591749425,1.0,1.0
2026-01-19,2026-01-15,1.570367647577558,1.2139810658494872,-0.012187203236745048,-0.012187203236745048,0.016226241800625263,0.016226241800625374,1.0,1.0
2026-01-20,2026-01-16,1.5759286159372357,1.2182800020297189,0.0035411888217742327,0.0035411888217742327,0.012742513164934799,0.01274251316493491,1.0,1.0
2026-01-21,2026-01-19,1.5684911355653104,1.2125304182535424,-0.0047194271978505675,-0.0047194271978505675,0.017401802999585825,0.017401802999585936,1.0,1.0
2026-01-22,2026-01-20,1.5775405718271978,1.219526133107634,0.005769516994194479,0.005769516994194479,0.01173268600352717,0.01173268600352717,1.0,1.0
2026-01-23,2026-01-21,1.5734917852364145,1.2163961970901298,-0.002566518201236323,-0.002566518201236323,0.014269092052586085,0.014269092052586085,1.0,1.0
2026-01-26,2026-01-22,1.5687643416614128,1.2127416216798577,-0.003004428506940937,-0.003004428506940937,0.017230650092596056,0.017230650092596056,1.0,1.0
2026-01-27,2026-01-23,1.5653705909725006,1.210118064651726,-0.0021633272753496247,-0.0021633272753496247,0.019356701832628387,0.019356701832628276,1.0,1.0
2026-01-28,2026-01-26,1.5721664761711012,1.2153716598652509,0.004341390618804564,0.004341390618804564,0.01509934621757103,0.01509934621757092,1.0,1.0
2026-01-29,2026-01-27,1.5746571695934997,1.2172971036683577,0.0015842428013503884,0.0015842428013503884,0.013539024446770909,0.013539024446770798,1.0,1.0
2026-01-30,2026-01-28,1.5713279610169157,1.2147234412635883,-0.0021142434308055735,-0.0021142434308055735,0.015624643084080403,0.015624643084080181,1.0,1.0
2026-02-02,2026-01-29,1.5550909288190289,1.202171317126142,-0.010333318441923978,-0.010333318441923978,0.025796507113475142,0.02579650711347503,1.0,1.0
2026-02-03,2026-01-30,1.5464680693428485,1.1955053697260465,-0.005544923011497893,-0.005544923011497893,0.031198390479063365,0.031198390479063143,1.0,1.0
2026-02-04,2026-02-02,1.5463382199282005,1.1954049889451273,-8.396514433250957e-05,-8.396514433250957e-05,0.03127973604603629,0.031279736046035955,1.0,1.0
2026-02-05,2026-02-03,1.5455650508182366,1.1997207967093413,-0.0004999999999999449,0.00361033106279951,0.031764096178013235,0.02778233518591966,0.0,1.0
2026-02-06,2026-02-04,1.5455650508182366,1.188977224074392,0.0,-0.0089550607644856,0.031764096178013235,0.03648860345063609,0.0,1.0
2026-02-09,2026-02-05,1.5455650508182366,1.2071596478317497,0.0,0.015292491217830051,0.031764096178013235,0.02175411388062576,0.0,1.0
2026-02-10,2026-02-06,1.5455650508182366,1.2134822996480092,0.0,0.005237626876955392,0.031764096178013235,0.01663042693521588,0.0,1.0
2026-02-11,2026-02-09,1.5455650508182366,1.2128173380567542,0.0,-0.00054797798982964,0.031764096178013235,0.017169291817123677,0.0,1.0
2026-02-12,2026-02-10,1.5455650508182366,1.2139332287363664,0.0,0.0009200814043441863,0.031764096178013235,0.01626500755890614,0.0,1.0
2026-02-13,2026-02-11,1.5455650508182366,1.2070925472789904,0.0,-0.005635138157060515,0.031764096178013235,0.02180849015124664,0.0,1.0
2026-02-24,2026-02-12,1.5455650508182366,1.2158075176910874,0.0,0.007219803014890669,0.031764096178013235,0.01474614013930009,0.0,1.0
2026-02-25,2026-02-13,1.5403085992297525,1.2122787075943422,-0.0034009901981810753,-0.0029024414188906222,0.035057056996438796,0.0176057817502816,1.0,1.0
2026-02-26,2026-02-24,1.5493977614484573,1.219432207765098,0.005900870918496448,0.005900870918496448,0.0293630532460607,0.011808800277312792,1.0,1.0
2026-02-27,2026-02-25,1.548623062567733,1.2083500461009913,-0.0004999999999999449,-0.00908796864109207,0.02984837171943766,0.020789450911795737,0.0,1.0
2026-03-02,2026-02-26,1.548623062567733,1.2039043065650108,0.0,-0.0036791818317263303,0.02984837171943766,0.02439214457343586,0.0,1.0
2026-03-03,2026-02-27,1.548623062567733,1.2183846264255116,0.0,0.012027799702632569,0.02984837171943766,0.012657728700050108,0.0,1.0
2026-03-04,2026-03-02,1.548623062567733,1.185432416835517,0.0,-0.027045818598901317,0.02984837171943766,0.039361208664655756,0.0,1.0
2026-03-05,2026-03-03,1.562204862177709,1.1964271600332275,0.008770242377416304,0.009274879817324999,0.02133990679657205,0.030451399327160233,1.0,1.0
2026-03-06,2026-03-04,1.5519800154633552,1.188596378928644,-0.0065451381966001865,-0.0065451381966001865,0.02774537235408603,0.036797228906884305,1.0,1.0
2026-03-09,2026-03-05,1.5512040254556236,1.1831335863612888,-0.0004999999999999449,-0.004596003037026786,0.028231499667908833,0.041224111768101035,0.0,1.0
2026-03-10,2026-03-06,1.5512040254556236,1.1956153693673452,0.0,0.010549766442218944,0.028231499667908833,0.031109250076823525,0.0,1.0
2026-03-11,2026-03-09,1.5512040254556236,1.2039088073686641,0.0,0.0069365434853077,0.028231499667908833,0.024388497257468944,0.0,1.0
2026-03-12,2026-03-10,1.5512040254556236,1.20897257154351,0.0,0.004206102774439779,0.028231499667908833,0.020284975009008166,0.0,1.0
2026-03-13,2026-03-11,1.5512040254556236,1.2008303348260816,0.0,-0.006734839903797862,0.028231499667908833,0.026883198853667856,0.0,1.0
2026-03-16,2026-03-12,1.5512040254556236,1.2008720508462332,0.0,3.4739312408937906e-05,0.028231499667908833,0.02684939344510251,0.0,1.0
2026-03-17,2026-03-13,1.5558560238954484,1.2050759557721742,0.0029989597522210865,0.003500710107274596,0.025317205046936686,0.023442675280835323,1.0,1.0
2026-03-18,2026-03-16,1.5436305079485224,1.1956067792620861,-0.007857742464059458,-0.007857742464059458,0.03297601143382756,0.031116211239869407,1.0,1.0
2026-03-19,2026-03-17,1.5312410243831875,1.1860106029323263,-0.008026197656458955,-0.008026197656458955,0.04073753710459693,0.038892664034597124,1.0,1.0
2026-03-20,2026-03-18,1.530475403870996,1.18379378996011,-0.0004999999999999449,-0.0018691341938557038,0.041217168336044496,0.040689102620215634,0.0,1.0
2026-03-23,2026-03-19,1.495239629808568,1.1571181439569602,-0.023022764020452113,-0.02253403103597018,0.06329099921630466,0.062306244154916035,1.0,1.0
2026-03-24,2026-03-20,1.481881811334258,1.1467809553136346,-0.008933563696422508,-0.008933563696422508,0.07165914873981805,0.0706831910504957,1.0,1.0
2026-03-25,2026-03-23,1.497740270058021,1.1590533094959592,0.010701567832514414,0.010701567832514414,0.06172444614836303,0.06073804418162676,1.0,1.0
2026-03-26,2026-03-24,1.5039565261192973,1.1638638713166798,0.004150423264666303,0.004150423264666303,0.05783020546098949,0.05683970950858208,1.0,1.0
2026-03-27,2026-03-25,1.4727743135742004,1.1397329539805245,-0.020733453396792778,-0.020733453396792778,0.07736463898792989,0.07639467943719147,1.0,1.0
2026-03-30,2026-03-26,1.4828221063062523,1.1475086195295072,0.006822357396814915,0.006822357396814915,0.07107009080816629,0.07009351384671225,1.0,1.0
2026-03-31,2026-03-27,1.4928535810504182,1.155271657109381,0.006765123544829388,0.006765123544829388,0.06478576520799639,0.06380258158274699,1.0,1.0
2026-04-01,2026-03-30,1.5012787143964867,1.1617915984389464,0.005643643457746483,0.005643643457746483,0.0595077495102212,0.05851901714713725,1.0,1.0
2026-04-02,2026-03-31,1.5003381535509628,1.1610637284720497,-0.0006265064817775334,-0.0006265064817775334,0.0600969740012145,0.05910886108536484,1.0,1.0
2026-04-03,2026-04-01,1.4931610637875223,1.1555096081688392,-0.004783648103898419,-0.004783648103898419,0.06459313932938193,0.06360975319800866,1.0,1.0
2026-04-07,2026-04-02,1.477546045514396,1.1434256447680249,-0.010457691840368266,-0.010457691840368266,0.07437533602364155,0.07340223384139022,1.0,1.0
2026-04-08,2026-04-03,1.501301513051659,1.1618092415892693,0.016077649565900742,0.016077649565900742,0.05949346704667502,0.058504719668545646,1.0,1.0
2026-04-09,2026-04-07,1.516366339289251,1.1734674289644318,0.010034510793884621,0.010034510793884621,0.050055944090035887,0.04905727511566815,1.0,1.0
2026-04-10,2026-04-08,1.5270933724213176,1.1817687369424252,0.0070741699114045264,0.0070741699114045264,0.0433358784322001,0.04233014470382235,1.0,1.0
2026-04-13,2026-04-09,1.533802125962182,1.1869604268165517,0.004393152155605984,0.004393152155605984,0.03913310738434361,0.03812295531466903,1.0,1.0
2026-04-14,2026-04-10,1.533035224899201,1.2026464991164734,-0.0004999999999999449,0.013215328789007774,0.039613540830651384,0.02541143391455336,0.0,1.0
2026-04-15,2026-04-13,1.533035224899201,1.2156382874737033,0.0,0.010802665926167299,0.039613540830651384,0.01488327921966981,0.0,1.0
2026-04-16,2026-04-14,1.533035224899201,1.2073549569914472,0.0,-0.006813976301676239,0.039613540830651384,0.021595841209451905,0.0,1.0
2026-04-17,2026-04-15,1.533035224899201,1.2162444814286786,0.0,0.007362809408910431,0.039613540830651384,0.014392037863391716,0.0,1.0
2026-04-20,2026-04-16,1.533035224899201,1.2157740831496588,0.0,-0.00038676292982409155,0.039613540830651384,0.014773234486485709,0.0,1.0
2026-04-21,2026-04-17,1.533035224899201,1.2217791325412266,0.0,0.004939280640043453,0.039613540830651384,0.009906922997532042,0.0,1.0
2026-04-22,2026-04-20,1.533035224899201,1.2219757533637037,0.0,0.00016092992361738112,0.039613540830651384,0.009747587394276058,0.0,1.0
2026-04-23,2026-04-21,1.533035224899201,1.2386280324731507,0.0,0.013627340038137925,0.039613540830651384,0.0,0.0,1.0
2026-04-24,2026-04-22,1.533035224899201,1.227236652738587,0.0,-0.00919677210261316,0.039613540830651384,0.00919677210261316,0.0,1.0
2026-04-27,2026-04-23,1.533745925956601,1.2284197982842264,0.0004635908202610395,0.0009640728566893131,0.03916831448427738,0.008241565604277135,1.0,1.0
2026-04-28,2026-04-24,1.5275617606297096,1.2234667281603868,-0.00403206634308384,-0.00403206634308384,0.04304245158481379,0.012240401408073698,1.0,1.0
2026-04-29,2026-04-27,1.521299693155283,1.2184512640384662,-0.004099387426303003,-0.004099387426303003,0.04696539132629274,0.016289610686751388,1.0,1.0
2026-04-30,2026-04-28,1.5480793109873043,1.2398998052724535,0.017603117881709762,0.017603117881709762,0.030189010764460344,0.0,1.0,1.0
2026-05-06,2026-04-29,1.5598584303858851,1.2493340298273097,0.007608860421413732,0.007608860421413732,0.02280985431221394,0.0,1.0,1.0
2026-05-07,2026-04-30,1.5721077563575725,1.2591448559130403,0.007852844676844883,0.007852844676844883,0.015136131878384362,0.0,1.0,1.0
2026-05-08,2026-05-06,1.5641821601308563,1.252797025315197,-0.005041382306438691,-0.005041382306438691,0.020101207157383394,0.005041382306438691,1.0,1.0
2026-05-11,2026-05-07,1.5741877372744872,1.260810770518028,0.006396682815250854,0.006396682815250854,0.013833105388522116,0.0,1.0,1.0
2026-05-12,2026-05-08,1.5943344014803793,1.2769467945889421,0.012798133112619459,0.012798133112619459,0.0012120102000258148,0.0,1.0,1.0
2026-05-13,2026-05-11,1.5796939676719637,1.26522086368907,-0.00918278737184719,-0.00918278737184719,0.010383667939913743,0.00918278737184719,1.0,1.0
2026-05-14,2026-05-12,1.6144434954007747,1.293052727572571,0.021997632731371564,0.021997632731371564,0.0,0.0,1.0,1.0
2026-05-15,2026-05-13,1.5771884791882775,1.2632141482314145,-0.023076073159964516,-0.023076073159964516,0.023076073159964516,0.023076073159964627,1.0,1.0
2026-05-18,2026-05-14,1.5530106517939646,1.2438494533702702,-0.015329700738593077,-0.015329700738593077,0.038052024602793444,0.038052024602793555,1.0,1.0
2026-05-19,2026-05-15,1.547351507123379,1.239316886902088,-0.0036439831652463894,-0.0036439831652463894,0.04155734683098378,0.04155734683098378,1.0,1.0
2026-05-20,2026-05-18,1.550854149517785,1.2421222506789564,0.002263637175057731,0.002263637175057731,0.03938778041110946,0.03938778041110946,1.0,1.0
2026-05-21,2026-05-19,1.5500787224430261,1.2566858225476143,-0.0004999999999999449,0.01172474920298483,0.0398680865209039,0.028124843055107096,0.0,1.0
2026-05-22,2026-05-20,1.5500787224430261,1.2393524818292703,0.0,-0.01379289907417347,0.0398680865209039,0.0415298190075446,0.0,1.0
2026-05-25,2026-05-21,1.566778589310953,1.253331386443857,0.01077356048188749,0.011279200081928398,0.02952404728044644,0.03071904206356857,1.0,1.0
2026-05-26,2026-05-22,1.5754333019707183,1.2602546512185613,0.005523890049819791,0.005523890049819791,0.02416324482162968,0.025364840624543583,1.0,1.0
2026-05-27,2026-05-25,1.5885605967751595,1.270755720552642,0.00833249797882285,0.00833249797882285,0.016032087031444875,0.017243695128957848,1.0,1.0
2026-05-28,2026-05-26,1.587766316476772,1.2574643329853357,-0.0004999999999999449,-0.010459435556604113,0.016524070987929074,0.02752277136760295,0.0,1.0
2026-05-29,2026-05-27,1.6026322631547234,1.2698726628757617,0.009362805170813004,0.009867739040333223,0.007315977474404711,0.01792661985279198,1.0,1.0
2026-06-01,2026-05-28,1.6018309470231462,1.2596841036285242,-0.0004999999999999449,-0.008023292055255649,0.007812319485667407,0.025806081401405168,0.0,1.0
2026-06-02,2026-05-29,1.5888423013746489,1.250094845676952,-0.008108624491639072,-0.007612430706992579,0.015857596812188568,0.0332220651019105,1.0,1.0
2026-06-03,2026-06-01,1.6086946421781732,1.2657145889904555,0.012494846585056507,0.012494846585056507,0.0035608884665080387,0.02114232312354103,1.0,1.0
2026-06-04,2026-06-02,1.6078902948570841,1.2595348312604853,-0.0004999999999999449,-0.004882425930556211,0.0040591080222747156,0.025921523227446674,0.0,1.0
2026-06-05,2026-06-03,1.6078902948570841,1.2568724387265406,0.0,-0.0021137903199391905,0.0040591080222747156,0.027980520882509574,0.0,1.0
2026-06-08,2026-06-04,1.6078902948570841,1.2097576402951271,0.0,-0.03748574396233084,0.0040591080222747156,0.0644173942031061,0.0,1.0
2026-06-09,2026-06-05,1.620642524431651,1.21996224812225,0.007931032120384929,0.008435249745257556,0.0,0.05652552126589039,1.0,1.0
2026-06-10,2026-06-08,1.6239446244397313,1.2224479519641847,0.0020375252150306444,0.0020375252150306444,0.0,0.054603168225731635,1.0,1.0
2026-06-11,2026-06-09,1.6231326521275116,1.2165214480260957,-0.0004999999999999449,-0.004848062388722929,0.0004999999999999449,0.059186511048274326,0.0,1.0
2026-06-12,2026-06-10,1.6231326521275116,1.2305556225095515,0.0,0.011536314880619125,0.0004999999999999449,0.04833299039579331,0.0,1.0
2026-06-15,2026-06-11,1.6231326521275116,1.2420388443575312,0.0,0.009331737337123558,0.0004999999999999449,0.03945228382976107,0.0,1.0
2026-06-16,2026-06-12,1.6231326521275116,1.2589078307331905,0.0,0.01358168985800523,0.0004999999999999449,0.026406422654921546,0.0,1.0
2026-06-17,2026-06-15,1.6231326521275116,1.2498606238548073,0.0,-0.007186552230050158,0.0004999999999999449,0.03340320374935335,0.0,1.0
2026-06-18,2026-06-16,1.6231326521275116,1.2643514112986631,0.0,0.011593922688086122,0.0004999999999999449,0.022196555223071512,0.0,1.0
2026-06-22,2026-06-17,1.6231326521275116,1.2729161834631124,0.0,0.0067740440576185,0.0004999999999999449,0.015572871608461436,0.0,1.0
2026-06-23,2026-06-18,1.6231326521275116,1.2982955208573266,0.0,0.019937948565605268,0.0004999999999999449,0.0,0.0,1.0
2026-06-24,2026-06-22,1.5748723866905634,1.2603237321249279,-0.029732791940135783,-0.02924741564795985,0.03021792554416569,0.02924741564795985,1.0,1.0
2026-06-25,2026-06-23,1.591131349172493,1.2733352982993567,0.010323987276261937,0.010323987276261937,0.020205907746736806,0.01922537831871085,1.0,1.0
2026-06-26,2026-06-24,1.5903357834979068,1.281269520731344,-0.0004999999999999449,0.0062310551216040455,0.02069580479286337,0.013114117589144492,0.0,1.0
2026-06-29,2026-06-25,1.5903357834979068,1.2514917150989535,0.0,-0.023240860061506385,0.02069580479286337,0.03605019427893141,0.0,1.0
2026-06-30,2026-06-26,1.6053673474227277,1.2639525629383004,0.009451817710948607,0.009956796109003019,0.011439600056198262,0.026452342604053602,1.0,1.0
2026-07-01,2026-06-29,1.6045646637490165,1.2789206670393638,-0.0004999999999999449,0.011842298943772978,0.011933880256170037,0.014923300209160884,0.0,1.0
2026-07-02,2026-06-30,1.6045646637490165,1.2512674722014812,0.0,-0.021622291007227568,0.011933880256170037,0.036222915276477696,0.0,1.0
2026-07-03,2026-07-01,1.6045646637490165,1.236949129834762,0.0,-0.011443070873989547,0.011933880256170037,0.047251484763696006,0.0,1.0
2026-07-06,2026-07-02,1.6234508329021418,1.25213442986072,0.011770276125237844,0.012276414332403895,0.0003040691967929332,0.03555514923607239,1.0,1.0
2026-07-07,2026-07-03,1.60522022329358,1.2380735334629995,-0.011229542182051855,-0.011229542182051855,0.011530196820973115,0.04638542336998863,1.0,1.0
2026-07-08,2026-07-06,1.60209005981909,1.2356593023830875,-0.0019499900568581419,-0.0019499900568581419,0.013457703108676666,0.04824496231249209,1.0,1.0
2026-07-09,2026-07-07,1.5920591313462857,1.227922652372064,-0.006261151432358836,-0.006261151432358836,0.019634593823940394,0.054204044729963985,1.0,1.0
2026-07-10,2026-07-08,1.629784287032325,1.2570192935200457,0.023695825703494933,0.023695825703494933,0.0,0.031792628622814734,1.0,1.0
2026-07-13,2026-07-09,1.6289693948888089,1.220473487979569,-0.0004999999999999449,-0.02907338473551757,0.0004999999999999449,0.0599416940346279,0.0,1.0
2026-07-14,2026-07-10,1.6095191817937446,1.2065040479120943,-0.01194019553473058,-0.01144591849397758,0.012434225436963153,0.07070152478429403,1.0,1.0
2026-07-15,2026-07-13,1.646169217766099,1.233977107728312,0.022770797879842153,0.022770797879842153,0.0,0.04954065703511179,1.0,1.0
2026-07-16,2026-07-14,1.645346133157216,1.2117531680408435,-0.0004999999999999449,-0.01801000970624289,0.0004999999999999449,0.06665843902729862,0.0,1.0
2026-07-17,2026-07-15,1.645346133157216,1.1989168245823776,0.0,-0.01059319983393947,0.0004999999999999449,0.07654551269600351,0.0,1.0
2026-07-20,2026-07-16,1.645346133157216,1.1768112946093219,0.0,-0.018437917893725286,0.0004999999999999449,0.09357209071150674,0.0,1.0
2026-07-21,2026-07-17,1.6643561992906746,1.191003485879344,0.011553840101098167,0.012059870036116083,0.0,0.08264068792837909,1.0,1.0
2026-07-22,2026-07-20,1.6635240211910294,1.2115289508622489,-0.0004999999999999449,0.01723375726961085,0.0004999999999999449,0.0668311402151196,0.0,1.0
2026-07-23,2026-07-21,1.6635240211910294,1.2178327507409186,0.0,0.005203177253158664,0.0004999999999999449,0.06197569723053087,0.0,1.0
2026-07-24,2026-07-22,1.6635240211910294,1.205034419784169,0.0,-0.010509103938092679,0.0004999999999999449,0.07183349212479218,0.0,1.0
2026-07-27,2026-07-23,1.6635240211910294,1.1974779562325668,0.0,-0.00627074499079916,0.0004999999999999449,0.07765378760467812,0.0,1.0
2026-07-28,2026-07-24,1.6635240211910294,1.189189121910414,0.0,-0.006921909734547982,0.0004999999999999449,0.08403818483088066,0.0,1.0
2026-07-29,2026-07-27,1.6635240211910294,1.178463398176812,0.0,-0.009019359104438518,0.0004999999999999449,0.09229957336784445,0.0,1.0
2026-07-30,2026-07-28,1.6568688926862611,1.174335981194108,-0.0040006206222398255,-0.0035023718081439448,0.004498620311928714,0.095478677752321,1.0,1.0
2026-07-31,2026-07-29,1.6560404582399182,1.1892032672933261,-0.0004999999999999449,0.01266016398824843,0.004996371001772637,0.08402728948179805,0.0,1.0
2026-08-03,2026-07-30,1.6330050411477357,1.1732481498104177,-0.013909936183965632,-0.013416644506218822,0.018836807983952153,0.09631656971621849,1.0,1.0
2026-08-04,2026-07-31,1.632188538627162,1.174566370903428,-0.0004999999999999449,0.0011235654564836217,0.019327389579960164,0.09530122223035498,0.0,1.0
2026-08-05,2026-08-03,1.632188538627162,1.1702575072362797,0.0,-0.00366847184960184,0.019327389579960164,0.09862008422897217,0.0,1.0
2026-08-06,2026-08-04,1.632188538627162,1.1886758759806098,0.0,0.015738731544502116,0.019327389579960164,0.0844335077150461,0.0,1.0
2026-08-07,2026-08-05,1.632188538627162,1.197496062322694,0.0,0.007420177796414018,0.019327389579960164,0.07763984155785264,0.0,1.0
2026-08-10,2026-08-06,1.632188538627162,1.2084828069493398,0.0,0.009174764721426865,0.019327389579960164,0.06917740411572793,0.0,1.0
2026-08-11,2026-08-07,1.632188538627162,1.2060737453639103,0.0,-0.001993459544129439,0.019327389579960164,0.07103296130338477,0.0,1.0
2026-08-12,2026-08-10,1.632188538627162,1.1986195143524447,0.0,-0.006180576469821397,0.019327389579960164,0.07677451312399275,0.0,1.0
2026-08-13,2026-08-11,1.632188538627162,1.2131529951338167,0.0,0.012125182851894234,0.019327389579960164,0.06558023528209223,0.0,1.0
2026-08-14,2026-08-12,1.632188538627162,1.2018367916797108,0.0,-0.009327927721810236,0.019327389579960164,0.07429643530921182,0.0,1.0
2026-08-17,2026-08-13,1.632188538627162,1.2016568624090698,0.0,-0.0001497119008891934,0.019327389579960164,0.07443502414954162,0.0,1.0
2026-08-18,2026-08-14,1.632188538627162,1.2175505374923838,0.0,0.013226467205829984,0.019327389579960164,0.06219306934959068,0.0,1.0
2026-08-19,2026-08-17,1.632188538627162,1.1985138612015305,0.0,-0.015635224743985265,0.019327389579960164,0.07685589147677685,0.0,1.0
2026-08-20,2026-08-18,1.632188538627162,1.1864883568104596,0.0,-0.01003367986000181,0.019327389579960164,0.08611842392634561,0.0,1.0
2026-08-21,2026-08-19,1.6215197387428428,1.1793225372971314,-0.006536499694632547,-0.006039519454359765,0.02573755579850523,0.09163782948402344,1.0,1.0
2026-08-24,2026-08-20,1.6207089788734714,1.1884562110434242,-0.0004999999999999449,0.0077448479592581165,0.026224687020605875,0.08460270258143554,0.0,1.0
2026-08-25,2026-08-21,1.6207089788734714,1.1682141423774424,0.0,-0.017032237686073537,0.026224687020605875,0.10019396692825777,0.0,1.0
2026-08-26,2026-08-24,1.6207089788734714,1.1700628924862875,0.0,0.0015825438520054025,0.026224687020605875,0.09876998442262275,0.0,1.0
2026-08-27,2026-08-25,1.6207089788734714,1.1816485526254283,0.0,0.009901741362400074,0.026224687020605875,0.08984623790034385,0.0,1.0
2026-08-28,2026-08-26,1.6207089788734714,1.187142079252019,0.0,0.004649035971300508,0.026224687020605875,0.08561490032092811,0.0,1.0
2026-08-31,2026-08-27,1.6207089788734714,1.1732916404331517,0.0,-0.011667043954498024,0.026224687020605875,0.09628307147022186,0.0,1.0
2026-09-01,2026-08-28,1.6207089788734714,1.1878864864574838,0.0,0.012439231237464599,0.026224687020605875,0.08504152762302863,0.0,1.0
2026-09-02,2026-08-31,1.6207089788734714,1.1783139972143821,0.0,-0.008058420861111748,0.026224687020605875,0.09241464806388222,0.0,1.0
2026-09-03,2026-09-01,1.6207089788734714,1.1755871531721145,0.0,-0.002314191335004101,0.026224687020605875,0.09451497422110944,0.0,1.0
2026-09-04,2026-09-02,1.6207089788734714,1.1767200183112214,0.0,0.0009636589988670785,0.026224687020605875,0.09364239542767816,0.0,1.0
2026-09-07,2026-09-03,1.6207089788734714,1.174811214622195,0.0,-0.0016221392169105675,0.026224687020605875,0.09511263364260014,0.0,1.0
2026-09-08,2026-09-04,1.6207089788734714,1.1768934149868446,0.0,0.0017723701806160452,0.026224687020605875,0.0935088382576521,0.0,1.0
2026-09-09,2026-09-07,1.6207089788734714,1.177542045090556,0.0,0.0005511375078248726,0.026224687020605875,0.09300923697790409,0.0,1.0
2026-09-10,2026-09-08,1.6207089788734714,1.1702569157020843,0.0,-0.006186725492176803,0.026224687020605875,0.09862053985266173,0.0,1.0
2026-09-11,2026-09-09,1.6207089788734714,1.1604456144086448,0.0,-0.008383886616515457,0.026224687020605875,0.10617760304499313,0.0,1.0
