attempt,status,description,strategy_sha256,days,total_return,annual_return,sharpe,max_drawdown,mean_turnover
0001,keep,"Baseline: buy and hold SPX at 100% weight, no tuning; execution is next-open to following-open with 0.05% buy/sell costs.",b024309ca48480e2d480d49149a606aa3343dc7986db116813a581aaffe5bf35,754,0.1856184302443582,0.05855564884231668,0.38009334882608753,0.3223653655578401,0.002652519893899204
0002,discard,Cash reference: verify zero-return zero-drawdown feasible anchor; no tuning.,01332fa4ced6e85cc23f5c15fc60678046cafe22aa8bdacaaff575fc2c9bc492,754,0.0,0.0,0.0,0.0,0
0003,discard,Long-horizon trend: hold above 200-session SMA to avoid sustained declines. Method inspiration Faber 2013-02-01 https://papers.ssrn.com/sol3/papers.cfm?abstract_id=962461 ; adapt monthly trend concept to daily signals.,82ea75be65863256b0909a1a334e35219fe5f2e74989c5c0a5ee51b7a6b016aa,754,0.12484239332800584,0.04010152343790874,0.3758426678411615,0.1929482333181961,0.03183023872679045
0004,discard,"Medium-horizon trend: SMA50 can exit declines earlier, with expected whipsaw cost relative to slow trend; distinct horizon hypothesis.",0f0a73676e6e546bf42eca83ff62e388d7959034ac2d33506bb9e6ae7b01a0e5,754,0.10011279885351887,0.032402490326451705,0.3129987345520143,0.19377264082946488,0.06896551724137931
0005,discard,Trend confirmation: require price above SMA200 and SMA50 above SMA200; attempt to reduce false recoveries.,d1a73a3006e27512775a602625152a93144def96e426221c4fe7ffc8db689b6f,754,0.12719841620944994,0.04082911924700672,0.40423917017379213,0.1901572541541211,0.015915119363395226
0006,discard,Time-series momentum: positive 126-session trailing return signals persistence; method source AQR 2012-05-01 https://www.aqr.com/Insights/Research/Journal-Article/Time-Series-Momentum .,3083457fd7275a5281a94e3a8846362b75b6723e59f41f2517fee3ecb5dbbde6,754,0.061539344080930425,0.020160014121190617,0.2225469136210113,0.19645039274687015,0.03713527851458886
0007,discard,Multi-horizon momentum: average positive signs over 21/63/126/251 sessions for graded risk allocation rather than a single binary trend.,52a97be1c0437883c4ef62c1ce57cba957387107371b8e1e5d7304b51c445efa,754,0.04174230961957082,0.013761524220170074,0.17619844789078107,0.16643096292831905,0.046051274080855006
0008,discard,"Volatility-managed exposure: cap 20-day realized annual volatility near 15%, no leverage. Source Moreira/Muir April 2016 https://www.nber.org/papers/w22208 ; adapt mechanism to constrained equity/cash exposure.",7796ba375d56168d46cf5a723cb4acbed3a11849f0294db3842a5378479f3e2d,754,0.14319728644902585,0.04574336438211701,0.3964923673838693,0.2065354272838863,0.01811178435949739
0009,discard,Combine slow trend with volatility scaling: expect large downside reduction at possible cost to recovery participation; Faber 2013 and Moreira/Muir 2016 methods.,9829cfed248fa2dfc77bea9550195d4f98712ca96f6164af2365769a4f74fbde,754,0.1313043100872413,0.04209470071725385,0.44809838169999827,0.14662052949772808,0.02752691142566324
0010,discard,"Conditional short-term reversal: in a positive SMA200 regime buy RSI2 below 10, exit on RSI2 above 60 or regime break; state uses only earlier observations.",c7359762da6b88235bd5d24bea555e5c2d877307ac09c3898db29bc1529acb32,754,0.017865204566389403,0.005935702491817407,0.1256453938801089,0.11038111742578194,0.050397877984084884
0011,discard,Bollinger reversal: buy below 20-session lower two-sigma band and exit at moving average; test transitory overshoot hypothesis without calendar assumptions.,8b562301fc953becbe14c2a7055518308ed73e1fde9440978ce410a821fddaf2,754,0.02938356907504236,0.009725980836417625,0.13933808504976347,0.2708160393903002,0.034482758620689655
0012,discard,"Price breakout with hysteresis: enter above prior 55-session close maximum, exit below prior 20-session minimum, avoiding repeated symmetric threshold switching.",3acece98f6124c57a512e3ca0e82f525e44f6ab7685e405d93084411ca96f5f2,754,0.04925096078023161,0.01619780580890251,0.20678361008447965,0.14247984996082086,0.026525198938992044
0013,discard,Regime blend: fully hold positive slow trend; otherwise use half-weight after a short-term oversold signal to participate in rebounds without full bearish-regime exposure.,67a8b06e118ad3b9057bd8064c8ebabe3160e9588e3176941de934d89bd863bc,754,0.17288502237577963,0.05474234143265111,0.47770485401610274,0.1768436290720744,0.04918969218286586
0014,discard,"Training-only ridge forecast: 13 causal OHLC/trend/reversal/volatility features; choose ridge penalty by prediction MSE on chronological last 30% of training, purge 2 boundary labels; refit on all training. Invest when predicted next-open return > 0. No validation labels or calendar features.",435c60651ef12fe7bd33bb78ada8de169572c80ff23a9606c76eecdeecd53870,754,0.11481695686620452,0.036994034653165864,0.28199846995420624,0.3223653655578399,0.1273209549071618
0015,keep,"Forecast hysteresis: same training-only ridge procedure as prior candidate, but require predicted return > 5bp to enter and < -5bp to exit, relating turnover control to one-way cost. Hypothesis: small noisy sign changes should not cause full round trips.",bc94fd398f5700ed0d42c26b576eb37026a106402b541fc53e76081de7f36fb8,754,0.1932237855919321,0.06082025338852248,0.39437713940217034,0.3223653655578401,0.01856763925729443
0016,discard,"Forecast risk allocation: same training-only ridge estimates, convert conditional expected return into clipped weight mu/(2*20-day variance); no leverage. Hypothesis: position sizing can use forecast magnitude without binary turnover.",7578f00268ed9a522a51655d8317d9eeb74b1a06f71456311749c6560469ba0b,754,0.06994385727197083,0.022852372343137084,0.2162772806778816,0.26619329628959787,0.15267935465639776
0017,discard,"Nonlinear conditional returns: 24 bootstrap trees, fixed depth 3, random feature subsets and 50-observation shrinkage to training mean; all fitting on training labels. Source Gu/Kelly/Xiu, RFS May 2020, https://doi.org/10.1093/rfs/hhaa009 ; adapt tree interaction concept, not their empirical strategies. Positive forecast invests.",6e70861c9a072cd8640632afc3176b204e8273bd001a7929eb9b4fc60709d0c8,754,0.1174629443090709,0.037815987383660765,0.286859351913661,0.3223653655578398,0.1724137931034483
0018,discard,"Nonlinear forecast with cost hysteresis: same fixed training-only forest, 5bp positive/negative thresholds to enter/exit. Ridge comparison suggested cost-aware persistence is preferable to rapid forecast sign trading.",7643cac840a05cbadffbf7a1d54fc7b185ea5089434f077c4ecf53f0eea062ba,754,0.17466320599580132,0.055276509209479796,0.3657433291344935,0.3223653655578398,0.002652519893899204
0019,discard,"Shrunk regime table: estimate next-open returns separately by slow trend, normalized 5-day reversal and training-tercile volatility; 80 pseudo-observations of global mean per cell, cost hysteresis. Tests whether simple interactions outperform linear forecasting without deep model complexity.",cf0f6ccf10390abbc2b18b0879784f42861297a0db74eef6bfffc945b65dbbc5,754,0.17802390857470063,0.056284598536868735,0.37027147281640976,0.32236536555784,0.002652519893899204
0020,keep,"Acute volatility shock control: exit only on 5/60-day volatility ratio above 2 plus price below SMA20, reenter after SMA10 recovery or ratio below 1.4. Hypothesis: rapid risk escalation deserves faster response than persistent slow-trend exclusion; all inputs causal.",22d321cf8ef7c0ef81e11ae676498fa80c2f2d16e928157bd889c4c50429cfe7,754,0.36373289334735115,0.10924861724722668,0.6437881387872565,0.2697683987266839,0.015915119363395226
0021,keep,"Combine learned return forecast with acute-risk control: retain the ridge cost-hysteresis entry decision, but require the independently promising 5/60 volatility-shock gate. Tests complementary prediction and tail-risk signals, not date-specific rules.",6897e177aa6853bc2fd7e6001a7f9376fe95f9141315d1feff816aea4c848167,754,0.37248079485471064,0.11162167100612863,0.6666951538837959,0.2672779853628354,0.03183023872679045
0022,keep,"Conservative recovery after volatility shock: same causal risk trigger as current champion, but reenter only when price recovers above SMA10. Tests whether volatility normalization alone can produce premature reentry during ongoing price weakness.",852ede790c8958c1eca553180ff8d79ef2d7706bc8d5950a6880eb4527a5793e,754,0.3882774571165648,0.11588146584793457,0.6815998205406667,0.2697683987266837,0.015915119363395226
0023,keep,"Downside-only risk acceleration: replace symmetric volatility shock by ratio of 5-day versus 60-day downside RMS, retaining original price confirmation/reentry. Positive-return volatility should not itself trigger protection.",d861a118e3722eed2e39577624b1cb33444f1aa38603f8d9c536ff3b025983ff,754,0.4827666212673969,0.14071072549824115,0.8088912413357624,0.25527764317322843,0.026525198938992044
0024,keep,"Training-calibrated shock threshold: estimate 95th-percentile 5/60 volatility ratio solely from training OHLC history, with 70th-percentile normalization reentry. Tests transferable distribution-based cutoffs rather than arbitrary validation tuning.",8abdeb07d1cee811cd8d05be1c21bc96348e3f9a814b937363b740003cfb6939,754,0.5358807833286077,0.15420763072977572,0.8856052708175887,0.21329247416664243,0.029177718832891247
0025,discard,Combine successful downside-risk and training calibration: use 5/60 negative-return RMS ratio with training-only 95th/70th percentiles; otherwise unchanged price confirmation and reentry. Tests whether positive volatility causes avoidable false exits.,e0a7cb1d6945b4235970d339e3aa710a48344b9dadf87cbf1cc18bfc83f59f74,754,0.3816450315136979,0.1140968886047995,0.6864636725024272,0.25527764317322776,0.023872679045092837
0026,discard,"OHLC risk acceleration: ratio of 3-day mean true range to 60-day median true range, normalized by prior close; train-only 95/70 percentile calibration. Captures gaps and intraday stress invisible in close-return dispersion; robust denominator resists isolated spikes.",0a63aa8249dae7395a9268f9087796e9c523db4c59dd66f12dd3fefa2018f9e3,754,0.3186529214222167,0.09685625596212089,0.6114898957865786,0.2838915210464803,0.03183023872679045
0027,discard,"EWMA risk acceleration: ratio of return RMS using 5-session versus 30-session half-lives, train-only percentile calibration; avoid abrupt rolling-window expiration in the promising volatility-shock model.",898812b91551f05a7d66bdeb4a423e88591a47f63ade2de679f28cbd66cf685a,754,0.46421735444842493,0.13592138052831015,0.8008754494843104,0.27974850777995164,0.015915119363395226
0028,discard,"Downside magnitude breadth: average absolute negative returns over 5 versus 60 sessions, training percentile calibration. Tests persistent smaller losses rather than a few squared-return extremes.",7c41faf593ea86dc9f77f7f94d9f88775ed62ec55c48904dcd8176f835daaa6d,754,0.2549613900842451,0.07885727515845464,0.5144864433258532,0.2621422339913637,0.034482758620689655
0029,discard,"Normalize reentry only in moderate absolute volatility: preserve calibrated shock exit, but ratio recovery needs 20-day volatility below its training 80th percentile unless price recovers SMA10. Addresses risk staying elevated after its growth rate slows.",faa8a1e720aec8b2765758215a7f96defd126697a8f24199940bff2a28895e12,754,0.5245038096690666,0.15134308079746073,0.8908968028555888,0.2238095512090057,0.029177718832891247
0030,discard,"Two-stage risk recovery: use champion trigger, restore half exposure on volatility normalization and full exposure only on SMA10 recovery. Tests whether gradual reentry improves growth by reducing early recovery whipsaws.",70b2b291c6694bd5cf3c9225e6a9d3f5a7eb87c5c680102a12319be2efc8b75d,754,0.5311220238610976,0.15301117160239763,0.8942112053809971,0.2154689743529652,0.02925883979591145
0031,keep,"Earlier risk confirmation: replace price-below-SMA20 with a negative one-session close return, preserving training-calibrated volatility shock thresholds. Tests the delay caused by waiting for slow price confirmation.",2c38495247194eaf0c2078ba49b5cb85acfc766cefe59e6a92869393869af58b,754,0.5600450556070655,0.16024528932579996,0.9140402569548933,0.21329247416664276,0.023872679045092837
0032,keep,"Fast low-break confirmation: use close below prior three closes to distinguish directional downside stress from non-directional volatility, instead of SMA20 confirmation. Recovery unchanged; no future or calendar information.",8aa89df623132af8c466cb1db72c1d119fa565c9f959a2d33873387883a8d8c2,754,0.5628803064273582,0.1609496105709105,0.9146181756139186,0.21329247416664254,0.021220159151193633
0033,discard,"Trend-recovery gate through the full stress event: calibrated shock detection with default SMA20 confirmation, but no full reinvestment while ratio remains above the exit percentile even after SMA10 rebound. Tests false reentry during unresolved stress.",1326d9cacc540daa4a03c8c755eab0a577b641267024542ace3e93f2f89ecb13,754,0.5403975347220304,0.15534096269780595,0.891402522050693,0.21329247416664254,0.029177718832891247
0034,discard,"Slow-drawdown complementary protection: add a training-calibrated 95th percentile normalized 63-day drawdown to the shock gate, requiring price below SMA50. Relative volatility may normalize during sustained declines; normalized drawdown can detect this distinct regime.",18511f22431ed12d3660a358089db2e213042b9209f45c4bb346578c7da18e76,754,0.2309100053309947,0.07190231685889503,0.516298859302689,0.2913773175080324,0.05570291777188329
0035,discard,Price-led recovery: retain trained volatility shock exit and three-close downside confirmation; reenter on close above prior three closes or normalized volatility. Hypothesis: local upward breakout restores exposure earlier without calendar rules.,d118c79f68173ece0eea471c63160a271114a4e1be87720d4c6403d3c03ffcec,754,0.47771497308624844,0.13941038162546415,0.8004065935285761,0.21289549940371588,0.023872679045092837
0036,discard,Confirmed recovery: retain trained shock exit; replace SMA reentry with two consecutive positive close returns or volatility normalization. Hypothesis: sequential price recovery distinguishes bounce from continued stress.,821ebdcf5caa0878fb8d8a73b14fd86bba06f8e99d70cab5ef66dbe79bb8c124,754,0.5429400176317136,0.15597794317828928,0.889496437679592,0.2132924741666421,0.021220159151193633
0037,discard,"Train-only expanding-window selection: nine prespecified risk-tail/recovery-scale combinations, thresholds calibrated on past fold only, two boundary rows purged, select mean net log growth across two later training folds with 50% DD constraint; refit thresholds on all training. No validation parameter fitting.",8ee59a75c0e2adaeba77d090c7c6ec2867b5efa9dfbe306111b0e45116b841b1,754,0.5628803064273582,0.1609496105709105,0.9146181756139186,0.21329247416664254,0.021220159151193633
0038,discard,Robust train-only expanding-window selection: same nine prespecified configurations and purged training folds; select worst-fold net log growth to test stability of parameter choice before fixed validation evaluation.,55599da8eb82b6e3a84c7e6221381eece62be7f7432021e167734d6b1e24df74,754,0.5628803064273582,0.1609496105709105,0.9146181756139186,0.21329247416664254,0.021220159151193633
0039,discard,"CUSUM directional shift detector: standardized 20-session cumulative negative returns with 0.5 drift allowance and threshold 5, volatility scale from preceding 60 returns; SMA10 recovery. Source NIST Engineering Statistics Handbook, 2012 archive (web page undated), https://www.itl.nist.gov/div898/handbook/pmc/section3/pmc323.htm . Hypothesis: persistent small losses can identify regime change before volatility jumps.",c3432cc2b3e4a04bae005bd7afdf8682cfdac48a4db2624617dc2d5dd5dec783,754,0.4062742718991452,0.12069541894179858,0.7122351322002352,0.29771073081261035,0.007957559681697613
0040,discard,Complementary CUSUM and volatility-shock gate: add standardized cumulative-loss alarm (NIST 2012 handbook source https://www.itl.nist.gov/div898/handbook/pmc/section3/pmc323.htm) to trained shock gate; recover on SMA10 or both normalized shock and cumulative stress. Tests slow persistent losses plus abrupt shocks.,7869b920afe7a89487db73fd08ee01fa569753cb4b52413d957544cfa169fc52,754,0.3806423116672524,0.11382659221823177,0.6912537269707074,0.27351791801995673,0.023872679045092837
0041,discard,"OHLC range-energy shock: replace close-return dispersion with square-root ratio of mean squared log(high/low) over 5 vs 60 sessions. Same train-only 95/70 calibration, low-break exit and SMA10 recovery. Hypothesis: intraday range expansion can detect stress despite close-to-close cancellation; raw observed OHLC only.",83009b1a819d866fab6ee93a216b2885e36864561532ed3dfc8e69e6060f45a6,754,0.2450163936903511,0.07599232761426333,0.4929866054865735,0.30186096780044147,0.026525198938992044
0042,discard,"Instantaneous downside outlier: replace 5/60 volatility acceleration with largest standardized negative return in recent three sessions, each normalized against its preceding 60 returns. Train-only 95/70 calibration, low-break confirmation and SMA10 recovery. Hypothesis: single large jumps may be obscured by symmetric sample dispersion.",2339c0467d68f40a0064ceca9d188aa2f34d7618a5189785c3f358fb86620da5,754,0.399430169015802,0.11886955573684022,0.7121603149999999,0.2507427545301052,0.03183023872679045
0043,discard,"Rolling exponential expert mixture: full exposure, cash, 20/100-day trend and 5-day reversal, weighted by last 60 fully observed close-to-close net proxy returns with temperature 10. Actual evaluation remains next-open. Source Arora/Hazan/Kale 2012 https://mirror.theoryofcomputing.org/articles/v008a006/ . Hypothesis: causal expert adaptation can handle changing persistence vs reversal; no forward labels used.",1e4b107472662bd4adc0ebf18a51bd5a1ab5215fbdef95e70bc506c98e30c7ec,754,0.10080111739821374,0.03261833436446171,0.362914185705875,0.17965038313146076,0.0800823266985377
0044,discard,Expert mixture within acute-risk gate: combine causal exponential weighting of five prespecified experts with current training-calibrated volatility-shock protection. Source Arora/Hazan/Kale 2012 https://mirror.theoryofcomputing.org/articles/v008a006/ . Tests complementary continuous exposure adaptation; only fully observed trailing close returns score experts.,f1c01d41411ec7e3ab397aa009406b29b7c5a10ef6e24dcaa30459ddc301eddc,754,0.21295192454870993,0.0666501404915465,0.7054922750287489,0.15681541185894643,0.08351211524896157
0045,discard,"Training-only 5-session mean log-return ridge forecast: use contiguous training forward returns, chronological ridge penalty CV with 6-row purge, full refit; hysteresis round-trip cost divided by horizon. Hypothesis: multi-session labels improve signal/noise relative to one-session prediction; no validation fitting.",b27e558143bea36dbbc32ce831f2b020764c48701eb57735a04ccd68ee8da6c5,754,0.18409660020286367,0.05810134149245649,0.3828206100618342,0.32236536555784,0.03183023872679045
0046,discard,Combine 5-session training-only log-return forecast with calibrated 5/60 volatility-shock gate. Same purged training CV and horizon-scaled cost hysteresis as paired ablation; tests complementary expected return and acute risk protection.,07f295dc6b3343da684bb1a490007e6999fcba346c87e5c3d46b52c1869e63d6,754,0.5608742325161347,0.16045135812525402,0.9385712412266932,0.21289549940371533,0.050397877984084884
0047,discard,"Training-only 20-session mean log-return ridge forecast: use contiguous training forward returns, chronological ridge penalty CV with 21-row purge, full refit; hysteresis round-trip cost divided by horizon. Hypothesis: multi-session labels improve signal/noise relative to one-session prediction; no validation fitting.",0a265af66180fd27be3993e38c917e6bc890b41abd5080dba0619d5ddcecfdc6,754,0.30323539010227707,0.09255335536223952,0.5403525543960509,0.3223653655578399,0.042440318302387266
0048,keep,Combine 20-session training-only log-return forecast with calibrated 5/60 volatility-shock gate. Same purged training CV and horizon-scaled cost hysteresis as paired ablation; tests complementary expected return and acute risk protection.,4be3c644038b1a6f40094ec948061c3a8f6f6fecfbd70f51ba56baf7968b1634,754,0.7179227936008303,0.1982359111898464,1.1118165791467698,0.21289549940371533,0.0610079575596817
0049,discard,"Train-only downside classifier: regularized logistic probability of next five-session return below -3%, 14 causal OHLC/trend/volatility features; fixed optimization and training score 95/70 quantiles control risk hysteresis. Hypothesis: predicting rare loss events is more useful than predicting every return sign. No validation labels, no calendar features.",fecd5da873094771d1b1012f0071e1adb0207a7c8c9014806159ffb5138e74c9,754,0.08124356607572514,0.026450096049188687,0.23666782659880145,0.30628292049546413,0.04774535809018567
0050,discard,Learned downside classifier plus acute shock protection: pair five-session training-only logistic downside probability with current calibrated volatility gate. Tests learned nonlinear probability of loss as complementary protection; no refitting on validation.,d5797d07d7d0b674d3a084b313af9855cab4b568d1ad0b4ec6befd954f44b0f0,754,0.13890652740475984,0.044429923069192245,0.34240538963992917,0.30663279547771427,0.058355437665782495
0051,discard,"Quarter-scale return forecast: extend training target to 60-session mean log return and purge 61 boundary rows for ridge CV; round-trip cost spread over 60 sessions. Same acute-risk gate. Hypothesis: slower persistence may be more predictable than monthly return; distinct horizon, not a fine grid.",96b792b3c63cde3011081a9658666376d3868c75f42c43a1fdbccf2b23bf1cad,754,0.5628803064273582,0.1609496105709105,0.9146181756139186,0.21329247416664254,0.021220159151193633
0052,discard,Equal-weight weekly/monthly/quarterly forecast ensemble: 5/20/60-session mean log-return ridge models independently selected by purged chronological training CV; average daily-return forecasts before cost hysteresis and risk gate. Hypothesis: horizon diversification reduces dependence on a single label scale.,d421289ef8323a7e4f5d28b64451337d91a4c114b2397294860bdf2daa2a8b76,754,0.7148146337221668,0.19751091956839684,1.109246410472522,0.21289549940371466,0.06631299734748011
0053,discard,"Monthly model with partial exposure during negative forecasts: retain half index weight when forecast turns negative, while acute volatility protection can still go fully to cash. Hypothesis: forecast sign is noisy and partial participation reduces missed recoveries without weakening shock exit.",b8671d39ed47e1c7aaddc7b2654cc058f8d19a2cfa2e06cf4f601742e2cb2c10,754,0.6394288530908421,0.17965229466991461,1.0178374921108961,0.21289549940371655,0.04124803048808463
0054,discard,"Robust monthly ridge labels: clip training target tails at fitting-subset 2.5/97.5 percentiles, separately within each purged CV fit and final refit. Evaluation labels remain unchanged. Hypothesis: a few extreme training windows may dominate mean-square estimation and harm transferable forecasts.",e817bf0ce83dee87afbe7e5c9c4dc4560815d77ebe0fd41622deb30cb51ae987,754,0.7102479718773436,0.19644413737949318,1.0970129300696045,0.212895499403715,0.050397877984084884
0055,discard,"Decision-focused training CV: choose monthly ridge penalty by chronological training-fold net portfolio growth under existing cost/risk rules rather than forecast MSE. Purge 21 rows, calibrate risk thresholds only on earlier fold; outer validation policy untouched. Hypothesis: prediction loss and invest/cash decisions need not select the same model.",d66264e87e39dd07afd2bdc6ee369313784e8be98435047651f841fb631d9896,754,0.7179227936008303,0.1982359111898464,1.1118165791467698,0.21289549940371533,0.0610079575596817
0056,discard,"Block-bagged monthly forecasts: twelve ridge models fitted to fixed-seed 40-session moving-block resamples of training feature-label pairs, ridge penalty selected by original purged training CV; average predictions with same gate. Hypothesis: block resampling reduces sensitivity to particular overlapping monthly targets while respecting training-only fitting.",2577ce86f5f8e697993aa232923d2d277004aa4544ef7ae344961c5309a55781,754,0.47917222029731277,0.13978579471431019,0.8369793789261813,0.21289549940371566,0.050397877984084884
0057,keep,"Monthly forecast close-only ablation: retain normalized return/trend/volatility/drawdown inputs, remove four daily OHLC candle features. Same training CV and gate. Hypothesis: single-day intraday structure may add noise to a 20-session target.",7cbd131aa14077b6b8190832bcf0f77d41aea12649545d702deddce9625ec946,754,0.7353732484758473,0.20229017354930723,1.1319600614103944,0.21289549940371577,0.0636604774535809
0058,discard,"Monthly forecast using technical indicators: replace feature set by fixed RSI2/14, MACD12/26/9 levels/histogram, Bollinger20 normalized position/width, monthly/six-month momentum and 5/60 volatility ratio. Frozen indicator library, all trailing observations; same purged training CV and gate. Tests smooth path information rather than single-bar structure.",da04f3ee79e5d57d1f5772fc1f5ffc4b69947443539be84dd52d7a975e8dd408,754,0.5567095089417444,0.15941559473618505,0.9248743331871115,0.212895499403716,0.04774535809018567
0059,discard,"Technical-indicator augmentation of monthly forecast: append fixed RSI2/14, normalized MACD and Bollinger20 location/width to existing 13 causal features. Same training-only penalty selection and risk gate. Paired with replacement ablation to distinguish complementary from redundant information.",7fede5a5670756d29cc4294115c1ac95e815bb4c73cf80209360b4f3b9a6e39a,754,0.7123424461265857,0.19693364628089305,1.1081228720700744,0.212895499403716,0.0610079575596817
0060,discard,"State interaction features for monthly ridge: add reversal-times-trend and momentum-times-volatility interactions plus squared short reversal and drawdown. Coefficients fitted only on training, purged penalty CV retained. Hypothesis: linear forecast can miss differing reversal behavior across trend/risk states.",41bb4edb6acf5db0d3744f401c0daf696e067bd9209f203471e3ed182555258b,754,0.6188044365785745,0.17467148403444455,1.0008667033667897,0.21289549940371566,0.050397877984084884
0061,discard,"Overnight/intraday decomposition features: append trailing 5/20-session mean close/open and open/previous-close log returns normalized by daily volatility. Current and historical OHLC only, all observed by signal close. Hypothesis: persistent gap and session components contain different information for monthly returns.",e2c3fea4897e4545eed700d7f2edb1df7caecea4176d09ca31a6def38e8801f3,754,0.6736325873203335,0.18782135472279893,1.0632360832182517,0.212895499403715,0.058355437665782495
0062,discard,"Raw-scale monthly forecast ablation: use unnormalized log returns over 1/5/21/63/126 sessions, moving-average distance, drawdown and realized volatility. Same train scaling, purged ridge selection and risk gate. Hypothesis: volatility-normalizing every trend feature can remove economically relevant magnitude information.",d3497d74094da35085d371dd2736a48bec85bfb3edc3798e9ef98edda2486594,754,0.5422743906380147,0.15581124801271407,0.936094532545257,0.20109786147239272,0.0610079575596817
0063,discard,"Recency-weighted monthly ridge: exponentially weight training observations with 504-session half-life in centering, scaling, target mean and least squares, separately inside each purged CV fit. Same close-only features and fixed risk gate. Hypothesis: relationships drift, so recent training evidence should count more without discarding older observations.",023263eb25e6a888e157d0a83e8dfeb73cf3f910fc4d55b38c2a1cc53363c5ff,754,0.6878098866668729,0.19117481410976822,1.0790546610295035,0.21289549940371533,0.05570291777188329
0064,discard,"Trailing-training-window monthly model: each training-model fit uses only its most recent 756 labeled samples; purge/CV and frozen outer protocol unchanged, risk calibration still uses all available training rows. Hypothesis: recent three-year relationships may transfer better than a decade average.",67da1baa5b620e7782e5d1700d85b8f71089593b462c83e2b80b91806a14ecf4,754,0.6389814773986333,0.17954469709653864,1.0139712164499564,0.2132924741666432,0.03713527851458886
0065,discard,"Equal blend of full-training and last-756-sample monthly ridge estimates: select shared regularization with purged chronological CV using blend predictions. Same gate. Hypothesis: preserve long-run evidence while adapting to recent relationships, reducing sensitivity to either training window alone.",766a78247359d823f5fb51cc8eb70184dfec779a4e05d0eb377354c228ea92db,754,0.6970635330798269,0.19335354261625093,1.082236326044197,0.213292474166643,0.04774535809018567
0066,discard,"Trend-conditioned monthly ridge mixture: fit separate above/below SMA200 regressions plus a pooled model; blend local and pooled forecasts equally, fallback if a group has fewer than 180 training samples. Selection via same purged training CV. Hypothesis: conditional trend regimes have distinct return relationships; no calendar rules.",6d0c5b7d70f69e7c07ed92cda2903100a74c300aff5f3f88173eb9fe825e48c7,754,0.7290545124909917,0.20082529047700315,1.126683601474952,0.212895499403716,0.0610079575596817
0067,discard,"Shrunk nearest-neighbor monthly forecast: 100 nearest training feature vectors in standardized close-only state space, 100 pseudo-observations of global training mean, 20-session training labels. Same cost hysteresis and risk gate. Hypothesis: local state analogues can capture nonlinear relationships missed by a single regression.",09092608ad6b9086d1e03c2ac11d6ae2a1d62194788a35b247deb89af2b4d48f,754,0.5628803064273582,0.1609496105709105,0.9146181756139186,0.21329247416664254,0.021220159151193633
0068,discard,"Shallow forest on monthly labels: reuse fixed 24-tree depth-3 architecture with 50-observation shrinkage, now fit training 20-session mean log returns using close-only features. Same gate. Method source Gu/Kelly/Xiu RFS May 2020 https://doi.org/10.1093/rfs/hhaa009 ; tests whether longer labels enable useful nonlinear interactions.",1b59c423f6e72b22944730ee0f788f5aa1445012d5dd8831dd4c4d6c6bed2f9c,754,0.5628803064273582,0.1609496105709105,0.9146181756139186,0.21329247416664254,0.021220159151193633
0069,discard,"Method source Friedman, October 2001, https://doi.org/10.1214/aos/1013203451 . Monthly gradient-boosted stumps: additive residual fitting, learning rate .05, minimum leaves 60, leaf shrinkage 20; choose 20/60/120 stages by purged chronological training MSE and refit. Same risk gate. Hypothesis: additive nonlinear effects may be suppressed by bagged shallow forests.",47abb97ec41dda34b9b6c787f19b333d5784bafd39decf55baa7b840c28b5620,754,0.5628803064273582,0.1609496105709105,0.9146181756139186,0.21329247416664254,0.021220159151193633
0070,discard,"Method source Friedman, October 2001, https://doi.org/10.1214/aos/1013203451 . Boosted monthly forecast without shock gate: paired ablation of independently learned nonlinear return timing, all training selection unchanged. Tests whether forecast alone learns useful stress behavior.",09c7dcb57bc14f422786170a8569045958ea62d4c86b1b0a26b67e2727b4316c,754,0.1856184302443582,0.05855564884231668,0.38009334882608753,0.3223653655578401,0.002652519893899204
0071,discard,"Method source Friedman, October 2001, https://doi.org/10.1214/aos/1013203451 . Robust gradient-boosted monthly forecast: clip pseudo-residuals at 1.5 fitting-subset target standard deviations (Huber-style gradients); training CV chooses number of stumps. Same shock gate. Hypothesis: limiting influence of extreme overlapping training windows can improve nonlinear generalization.",f87e6989dd87466e5950f07ed1a0f21c29679daa0185d394c655d3da6fa05f1e,754,0.5628803064273582,0.1609496105709105,0.9146181756139186,0.21329247416664254,0.021220159151193633
0072,discard,"Method source Friedman, October 2001, https://doi.org/10.1214/aos/1013203451 . Weekly gradient-boosted forecast with shock gate: five-session average log-return target, six-row purge and horizon-scaled cost hysteresis, training CV selects stage count. Hypothesis: nonlinear short-horizon structure may survive where prior linear weekly model did not improve.",14c168bf60b818a21870c9af412644a9d905f9efdba0b05ff7384acddb1f5917,754,0.5628803064273582,0.1609496105709105,0.9146181756139186,0.21329247416664254,0.021220159151193633
0073,discard,"Method source Friedman, October 2001, https://doi.org/10.1214/aos/1013203451 . Linear forecast plus boosted residual corrections: initialize each training fit with fixed ridge .1, then train additive stumps on remaining error. Purged chronological training CV selects correction stage count. Same close-only features and shock gate. Hypothesis: preserve smooth extrapolation while correcting systematic nonlinear residuals.",2b9c6c7db60194c1a305fbed43ec254f3dedb1e7fdae13e3c46ca6b470d78b21,754,0.4769353588275129,0.13920943775817696,0.8428361812235314,0.20109786147239328,0.050397877984084884
0074,discard,"Smooth monthly forecasts before position decisions: five-session-span EMA of successive causal forecast values, unchanged cost hysteresis and instantaneous shock gate. Hypothesis: overlapping monthly targets should not cause daily position reversals on forecast noise.",7ee31c16a5fe449cd9737ad8066fc51cebfe204a2e10ba44191d4a11fbbb3f79,754,0.6755351632991986,0.18827248080045922,1.0702319130283788,0.21289549940371588,0.03713527851458886
0075,discard,Two-observation forecast confirmation: require two consecutive forecasts beyond the entry/exit cost threshold before changing forecast position; keep acute-risk gate daily. Hypothesis: simple persistence confirmation reduces spurious forecast sign flips without imposing a fixed holding period.,8712eaf364e5c60b2f9261b47748a092966deea89e07a4840ffc896daef4b263,754,0.6025962682432924,0.1707274707709896,0.977449388112932,0.2132924741666421,0.03978779840848806
0076,discard,"Staggered-sleeve forecast allocation: equal average of last five binary forecast recommendations, padded initially by current recommendation, multiplied by daily acute-risk gate. Hypothesis: spreading discretionary changes across independent daily sleeves reduces timing sensitivity and turnover; no calendar schedule.",59d4ea46e15e6b207014d1c8ea3bb6c0f34e6caf71f4b1dc01153b5d67f2e678,754,0.5620487157273317,0.160743118484878,0.9405098345055606,0.2128954994037161,0.04723230395726079
0077,discard,"Continuous approximate log-growth allocation: interpret monthly forecast as daily log drift; combine with trailing 20-session return variance to set clipped weight 0.5+mu/variance, then apply acute-risk gate. Hypothesis: smooth exposure can use forecast magnitude instead of only its sign; strictly zero to one exposure.",2433a5838fcc5e991e487f46b829c193dbd17253e658be2172fca1f74587002d,754,0.6244864799640952,0.17604789783202146,1.0331419934304529,0.21289549940371544,0.08581625656529915
0078,discard,"Decision-focused joint training calibration: select ridge penalty and four prespecified cost-derived hysteresis widths (zero, round-trip/20, one round-trip, two round-trips) by purged chronological training net growth subject to 50% DD. Calibrate gate only on earlier fold, refit model on training; never select threshold using validation labels.",5c9e9ab425527561a80db3915c4e7ebe507b8cd6be41b8dfdb2432c706cfae45,754,0.5628803064273582,0.1609496105709105,0.9146181756139186,0.21329247416664254,0.021220159151193633
0079,discard,Volatility-standardized monthly training target: divide forward mean log return by signal-time trailing 20-day volatility before ridge fitting and purged CV; multiply forecast back into daily log-return units before fixed cost threshold. Same risk gate. Hypothesis: normalize heteroskedastic target scale rather than only input features.,41b3d99d3a793ef69ce755b1b5388b7a7b96e2630a7b238ac01fb1ffdc264f24,754,0.5628803064273582,0.1609496105709105,0.9146181756139186,0.21329247416664254,0.021220159151193633
0080,discard,"Monthly residual-to-trend target: fit future daily log return minus currently observed 63-session average log drift, restore that baseline at inference. Same purged training selection and shock gate. Hypothesis: predicting departures from a causal trend baseline may be easier than predicting unconditional returns.",6242a8ab5ce07d0edc40d57a21e1f75def9184b4a6a59bd1d39d14949aae1f0c,754,0.15478731646752197,0.04927485222869166,0.38142443699903544,0.30103540744777535,0.06896551724137931
0081,discard,"Downside-weighted monthly ridge: give negative monthly training outcomes double weight in fitted moments and least squares, with regularization still selected by unweighted purged training MSE. Outer reward unchanged. Hypothesis: a deliberate downside-sensitive forecast may avoid harmful optimistic estimates while retaining the acute-risk gate.",63926951a6025611740abf3eb33af516b96c282549d2d4853397e67abaf42d6d,754,0.4040491945417344,0.12010246526579516,0.8114632195567344,0.17672766223803127,0.03978779840848806
0082,discard,"Nonoverlapping-phase monthly ensemble: train twenty ridge regressions, each sampling every twentieth labeled row at a different offset; average predictions. Each component has nonoverlapping 20-session targets. Same purged chronological training CV and acute-risk gate. Hypothesis: reduce repeated-window influence without selecting a calendar phase or discarding most observations overall.",4ee3fcb76f4df497a26f22c20ce6c74b67e9d91f5dad90d1136fdb80b9c1119e,754,0.715418107386782,0.1976517507904174,1.1105312990272491,0.21289549940371577,0.0636604774535809
0083,discard,"Locally adaptive volatility-shock gate: derive 95/70 ratio percentiles from strictly earlier rolling windows within current 252-session history, excluding current return; monthly forecast unchanged. Hypothesis: risk acceleration distribution can drift beyond the frozen training distribution, while current shock should not set its own threshold.",986b07b3cbac197fb9f6edeaeefbad7cacb809353720b98d131b43756ce88914,754,0.47076048725288766,0.13761537786287947,0.788385295767753,0.21768925436390418,0.06631299734748011
0084,discard,"Shrunk adaptive volatility gate: average local trailing-history 95/70 thresholds with full-training thresholds, retaining monthly forecast. Same strictly causal local windows as paired adaptive ablation. Hypothesis: pooling stable training estimates with limited recent history reduces noisy threshold drift.",0a0a7feb6803b441e7678126af695cd42ff7b675750cd0b161734779ccb3cf39,754,0.6735613038214427,0.1878044458223762,1.0602269862319023,0.21289549940371533,0.0636604774535809
0085,discard,"Trend-conditioned risk calibration: estimate separate training-only 95/70 volatility-ratio thresholds above versus below SMA200, use currently observed regime to select them; keep pooled thresholds if fewer than 180 observations. Monthly forecast unchanged. Hypothesis: stress distributions differ between trend states.",1a7474bf7cd79c6b242d213d8a521b2ed731ddafb9bde1925f83e34f4a7bf091,754,0.6154731446807666,0.17386301819482064,0.990988918538215,0.2672779853628352,0.058355437665782495
0086,discard,"Forecast-assisted recovery from shock: preserve original exit rule; additionally permit recovery when volatility has fallen below exit threshold, price turns up, and monthly forecast exceeds its training-fitted 90th percentile. Hypothesis: strong expected recovery can justify earlier participation once acute stress decays; threshold uses training only.",c5eb33919114862b8ec8e34e1c1b2f95be0e1b9484ed149e71b3b46fafe02f91,754,0.6715708333807091,0.18733209978381438,1.0570947736526055,0.24183403934859626,0.0636604774535809
0087,discard,"Source Rabiner, February 1989, https://www.cs.ubc.ca/~murphyk/Bayes/rabiner.pdf . Two-state Gaussian HMM: 25 training-only EM iterations on close log returns, filtered-training posterior estimates next-open log-return means with 50-sample prior shrinkage. At each signal forward-filter only current trailing 252 closes; 5bp forecast hysteresis. Hypothesis: persistent latent volatility states can guide invest/cash decisions; no validation smoothing.",24b655c5fa4787a1bd2301c191fef26bf8c40815b3d8f6b99d263de8a606821d,754,0.1856184302443582,0.05855564884231668,0.38009334882608753,0.3223653655578401,0.002652519893899204
0088,discard,"Source Rabiner, February 1989, https://www.cs.ubc.ca/~murphyk/Bayes/rabiner.pdf . Two-state filtered-return model plus acute volatility gate: paired ablation combines HMM conditional return timing with established shock protection. All HMM parameters and conditional returns fitted on training only; inference strictly forward on observed history.",de9750787cfbcb9f50e8215a8b9a3a2a64f0f36312db290ff72ba33644c798d6,754,0.5628803064273582,0.1609496105709105,0.9146181756139186,0.21329247416664254,0.021220159151193633
0089,discard,"Source Rabiner, February 1989, https://www.cs.ubc.ca/~murphyk/Bayes/rabiner.pdf . Three-state Gaussian HMM with acute-risk gate: calm/intermediate/stress variance initialization, otherwise same fixed EM and training conditional-return estimation. Hypothesis: two states may conflate ordinary corrections and extreme volatility; inference uses no future states.",78bc8c27a56c1df1c09074e21ae449123152980903715d1fd7299ace4d39e67e,754,0.5628803064273582,0.1609496105709105,0.9146181756139186,0.21329247416664254,0.021220159151193633
0090,discard,"Source Rabiner, February 1989, https://www.cs.ubc.ca/~murphyk/Bayes/rabiner.pdf . HMM stress-probability gate with existing monthly ridge: replace relative-volatility alarm by posterior probability above .8 for training-fitted highest-variance state, retain low-break confirmation and recover below .5 or SMA10. Hypothesis: persistent probabilistic stress detection is more informative than a ratio threshold; forward filtering only.",a09887b21a2ff349dde784628fe1c1057878587c1a819c4f3b571e2f7c6a7f98,754,0.1532303074513801,0.04880180705872683,0.4273512223738034,0.26420059756495073,0.16445623342175067
0091,discard,"Lasso monthly forecast: L1 coordinate descent with standardized target and inputs, regularization selected by purged chronological training MSE. Same nine close-only inputs and risk gate. Hypothesis: a sparse predictive subset can reduce redundant feature noise. Source Tibshirani 1996 https://doi.org/10.1111/j.2517-6161.1996.tb02080.x .",c4600de1154dfdbce880a2cff824a0497c7d7d5db18a0b96c6dafc2e368c1cbd,754,0.5628803064273582,0.1609496105709105,0.9146181756139186,0.21329247416664254,0.021220159151193633
0092,discard,"Elastic-net monthly forecast: equal L1/L2 mixture, standardized target, training-only regularization selection. Same forecast horizon and risk gate. Hypothesis: combine sparsity with stability when momentum features are correlated. Source Zou/Hastie 2005 https://doi.org/10.1111/j.1467-9868.2005.00503.x .",9beebac546d4f1668aecbd0068cacf8f665e5ccff6b690796f437f43930c916b,754,0.5703842007643527,0.16280960099262254,0.9257964508565059,0.21329247416664276,0.029177718832891247
0093,discard,"Principal-component monthly regression: fit feature covariance and leading orthogonal components on each training subset, select 2/4/9 components by purged chronological training MSE, fixed .1 coefficient damping. Same acute-risk gate. Hypothesis: compress correlated feature directions and discard weak directions rather than individual indicators.",a363443857547f684f2b10ceedfb1d904d156c36fa46702d0718646a885c9917,754,0.6734488608675413,0.18777777266203022,1.0658556313780034,0.21289549940371544,0.07692307692307693
0094,discard,"Grouped-feature forecast ensemble: separately regress monthly targets on short-horizon returns, long-horizon trend, and volatility/drawdown features; average three predictions, choose shared regularization via purged training CV. Hypothesis: separate estimation reduces cross-group coefficient instability without hand-selecting one winning feature.",ee8afb1730d0fbe7a7099d0be7494cc4df1736b2406682477f74405f2df061e8,754,0.5778636496808762,0.16465765298369361,0.9429474235870053,0.2128954994037161,0.03713527851458886
0095,discard,"Exact intercept after feature clipping: recenter transformed training features and fit unpenalized intercept consistently with their actual mean; same +/-5 standardized clipping, ridge CV and shock gate. Hypothesis: clipping asymmetric tails shifts feature means, so target mean alone is not the fitted intercept. Includes training-only fitted-mean consistency assertion.",04bad7f6580394b021185e60da01117983a9657bf154c1e640d0c7bd4d8fb33b,754,0.7353732484758473,0.20229017354930723,1.1319600614103944,0.21289549940371577,0.0636604774535809
0096,discard,"Smooth feature-tail compression: replace hard +/-5 truncation by asinh of standardized features, then recenter and fit exact intercept. Same training-only ridge selection and risk gate. Hypothesis: preserve ordering beyond observed extremes while limiting outlier magnitude continuously.",5dab1c48988bf99bc2bf70fd74d929d374d5e501fa80cc0efc074ec4c02391c6,754,0.6372059219450044,0.17911746833877684,1.011008630052595,0.2132924741666422,0.034482758620689655
0097,discard,"Unclipped linear extrapolation ablation: standardize features without truncation, exact centered intercept, same ridge CV and shock gate. Hypothesis: clipping out-of-training-range states may hide useful strength of the monthly linear signal; long-only bounded allocation remains enforced.",4c32f0952db0b7b96374e5b3aa077eae7cf86819fb76defa26b73e208e143252,754,0.7353732484758473,0.20229017354930723,1.1319600614103944,0.21289549940371577,0.0636604774535809
0098,discard,"Robust feature location/scale: median and 1.4826 times median absolute deviation fitted within each training fold, +/-5 clipping followed by exact recentering/intercept. Same monthly ridge CV and risk gate. Hypothesis: typical-state scaling should be less influenced by extreme training episodes.",12d403061318a484d7b87ded752a4bfef9f979a48fcf56cf500841bc1c23cf5b,754,0.6835710634145342,0.19017414632410845,1.0713866068302405,0.21289549940371577,0.05570291777188329
0099,discard,"Three-fold expanding training CV: select monthly ridge penalty by average MSE across three successive later training blocks, purge 21 rows before and at end of each scored fold. Refit all training and retain original gate. Hypothesis: a single late training split may favor a regime-specific model.",48796bda91398620d7ae9540077c1c872ea00fcb8e1ed0275e79e29f34ff823a,754,0.7353732484758473,0.20229017354930723,1.1319600614103944,0.21289549940371577,0.0636604774535809
0100,discard,"Regime-balanced training CV: same three purged expanding folds, normalize each fold MSE by that fold target variance before selecting monthly ridge penalty. Refit all training, original risk gate. Hypothesis: high-volatility training folds should not dominate regularization selection solely through larger return scale.",cb9cfdbeef621fdff19ccf6f67e893483ec09ef41bccc522048c3a19c87e8537,754,0.7353732484758473,0.20229017354930723,1.1319600614103944,0.21289549940371577,0.0636604774535809
0101,discard,Out-of-fold training bias correction: estimate average monthly forecast residual on the purged late training block and add that bias estimate to the final refit intercept. All labels restricted to training; same gate and transaction thresholds. Hypothesis: fitting bias on seen samples can miss persistent out-of-sample calibration error.,86f49171b28eaa31abf8ce1fbebfaf2045906fd2ccfce835df4cae9cacf57cb6,754,0.6717852906633055,0.18738300928840035,1.0509804464036254,0.2132924741666422,0.03713527851458886
0102,discard,"Training-error and leverage-aware forecast hysteresis: use late-training out-of-fold RMS error, effective sample count n/20 for overlapping monthly labels, and ridge feature leverage to widen thresholds for uncertain forecasts. Heuristic uncertainty scale, no claimed coverage; same gate and unlevered position bounds.",2650ba7c618750a32ea48cf86319a21f4082739b884298635635358bc63115d4,754,0.5628803064273582,0.1609496105709105,0.9146181756139186,0.21329247416664254,0.021220159151193633
0103,discard,"Price-path persistence features: append signed 20/60-session path efficiency, positive-return fraction, lag-one return autocorrelation, and age of 63-session high to close-only monthly ridge. Same purged training CV and shock gate. Hypothesis: paths with similar terminal momentum can differ in persistence and choppiness.",afa0d690d1e22548c2a3e8837b55b10d668cc69971bc35dea9c0390d8256a7e7,754,0.7159064568633833,0.19776569160825108,1.109520749502813,0.2128954994037151,0.058355437665782495
0104,discard,"Trailing return-distribution features: append 60-session standardized skewness, excess kurtosis, downside squared-return share, and largest absolute-return share. Same monthly training procedure and shock gate. Hypothesis: concentrated downside tails provide information beyond symmetric volatility and total drawdown.",83d4e467b4b718c64e6b5bc9fb15864332be7bd3915dcbe612f7e2a76cf6d1f4,754,0.5902429861903564,0.16770361551444668,0.9698145487708864,0.21289549940371633,0.058355437665782495
0105,discard,"Aggregated candle-shape features: append five/twenty-session means of body-to-range, close location and upper-minus-lower wick balance; exclude single-day candle inputs. Same monthly ridge CV and shock gate. Hypothesis: persistent intraday buying/selling pressure may matter when isolated candle shape was noisy.",5cf18b8afe0cffb81d792118b645d516680c2fee95217079e1f961cb2a2d105d,754,0.672824027280851,0.18762953099222668,1.0636917885761155,0.21289549940371588,0.058355437665782495
0106,discard,"Trend-fit quality features: append trailing 20/60-session log-price linear slopes divided by daily return volatility and signed fit R-squared. Same close-only monthly regression, training CV and gate. Hypothesis: stable directional movement may be more predictive than equally sized erratic movement.",c84c7d3ca563906874d49d2a9cd9c0c84edd0d815c969622d10c1822463dd626,754,0.6637869799880174,0.18548135851859038,1.052111535180574,0.21289549940371555,0.058355437665782495
0107,discard,"Method inspiration Moody/Saffell, July 2001, https://people.idsia.ch/~juergen/rnnaissance2003talks/MoodySaffellTNN01.pdf . Direct feedforward policy optimization: sigmoid long-only allocation from nine causal features, exact training net log-growth gradients including 5bp proportional costs, drift and liquidation. Select regularization and 100/300 steps by purged late-training net growth; no reward forecasting stage, no validation fitting.",c21e55e978c70dbd5996d111da58d2ecf9927c63fbade03c0f34e5955082b919,754,0.17467816140892412,0.05528099954376797,0.3779441350396526,0.3036870370315232,0.006621223500528938
0108,discard,"Method inspiration Moody/Saffell, July 2001, https://people.idsia.ch/~juergen/rnnaissance2003talks/MoodySaffellTNN01.pdf . Direct allocation policy plus established acute-risk gate: paired ablation of training-optimized sigmoid weights with independent volatility protection. Same exact-cost training objective and chronological parameter selection; bounded unlevered exposure.",97a82d31afb8609ab9c9ef9e813c2c5c7ee15fd6a1d638bffa22d6251cca00e8,754,0.5212906592147493,0.1505314818788166,0.920732585164813,0.19611609489441184,0.023206498427166985
0109,discard,"Method inspiration Moody/Saffell, July 2001, https://people.idsia.ch/~juergen/rnnaissance2003talks/MoodySaffellTNN01.pdf . Binary execution of directly learned policy: optimize smooth allocation surrogate on earlier training; late-training selection uses .6/.4 binary hysteresis and exact costs. Apply independent risk gate in final candidate. Hypothesis: sparse position changes can improve net growth relative to continuous small rebalances.",0ccee52c6796360b70fbd8f26329593e7dad2288c4e7e63c2968289ea36146fc,754,0.5628803064273582,0.1609496105709105,0.9146181756139186,0.21329247416664254,0.021220159151193633
0110,discard,"Method inspiration Moody/Saffell, July 2001, https://people.idsia.ch/~juergen/rnnaissance2003talks/MoodySaffellTNN01.pdf . Nonlinear-feature direct policy: add reversal/trend and momentum/volatility products to sigmoid allocation inputs; optimize net log growth and choose capacity only within training as paired linear policy. Same acute-risk gate. Hypothesis: return-maximizing interactions can differ from those selected by forecast MSE.",1bd3d3d27aad6690da57812302d5d75987cdf30d6e38a1da903e8be3a5939bd1,754,0.5258081924692186,0.1516722254795655,0.9244474817499677,0.19562683114886703,0.02365517540978326
0111,discard,"Method inspiration Moody/Saffell, July 2001, https://people.idsia.ch/~juergen/rnnaissance2003talks/MoodySaffellTNN01.pdf . Train-execution alignment for direct allocation: include the calibrated acute-risk gate in both net-growth gradients and chronological training selection, with each fold calibrating thresholds solely on its earlier training subset. Risk-off observations contribute no position gradient, but their exit/entry costs remain. Hypothesis: train the policy for the states where it will actually trade.",fa268a37c718461b02ae5ec9af13f97dfc15b83818df44359572bfc953489f4a,754,0.5184716660011606,0.14981850142500486,0.9199888261349202,0.19547842911397972,0.022851723551352787
0112,discard,"Method inspiration Moody/Saffell, July 2001, https://people.idsia.ch/~juergen/rnnaissance2003talks/MoodySaffellTNN01.pdf . Gated direct policy with binary execution: train smooth risk-gated allocation; select training regularization and stages using .6/.4 binary forecast hysteresis plus the same gate and exact costs. Hypothesis: aligning risk control and sparse execution during selection improves transfer.",9019d982f341f453244415dc8ddc2836fd855bee2a27c6a4b44fb47beada918a,754,0.5628803064273582,0.1609496105709105,0.9146181756139186,0.21329247416664254,0.021220159151193633
0113,discard,"Method inspiration Moody/Saffell, July 2001, https://people.idsia.ch/~juergen/rnnaissance2003talks/MoodySaffellTNN01.pdf . Interaction policy trained with risk gate: add reversal/trend and momentum/volatility interactions to direct return-maximizing allocation; include fixed-within-fit risk protection in training gradients and chronological selection. Tests nonlinear decisions specifically in risk-on periods.",79f956d3dc1a112f622c9ffe2b2f43bee7b5605afe46436a1c084656b3739d3e,754,0.5235865448363253,0.15111150818952912,0.9240561197964398,0.19520444675518311,0.023624439733916876
0114,discard,"Method source Kalman, March 1960, https://eceweb1.rutgers.edu/~gajic/pdffiles/519KalmanFiltering/kalman1960.pdf . Local linear state-space trend timing: forward-filter trailing 252 log closes with level/slope states, observation noise from currently observed 60-return variance. Select one of three slope process-noise scales on later training net growth, cost hysteresis; no retrospective smoothing. Hypothesis: latent trend estimates may reduce moving-average lag.",275e2c9b9d88721ee846eaa5d682887aceeb441898fea6ef9a1ab0b750c50be8,754,0.07861062746757619,0.025614037649221988,0.2607278868245459,0.17497635444565784,0.08488063660477453
0115,discard,"Method source Kalman, March 1960, https://eceweb1.rutgers.edu/~gajic/pdffiles/519KalmanFiltering/kalman1960.pdf . Kalman trend plus acute-risk gate: same local linear state model; training scale selection includes independently calibrated shock protection and costs. Hypothesis: smooth trend estimates and fast stress exits address different timescales.",8d15ee1edeb4105cea035336ea4dc2103305f050186559b15bde86247d628f54,754,0.08155342122658715,0.02654839769574857,0.2678071623194253,0.17323078889986487,0.08488063660477453
0116,discard,"Method source Kalman, March 1960, https://eceweb1.rutgers.edu/~gajic/pdffiles/519KalmanFiltering/kalman1960.pdf . State-space feature augmentation: append normalized local-linear slope, standardized final innovation and slope uncertainty from fixed .001 process-noise filter to monthly ridge. Training-only ridge selection, same shock gate. Hypothesis: filtered trend and unexpected price changes can complement raw momentum.",5fd5f8750176a08431c6a34496b4a617e9bf5bbb60aa4de18625b693c047c4f5,754,0.6947551942108121,0.19281079673518686,1.0858408912372923,0.21289549940371522,0.058355437665782495
0117,discard,"Direction-probability monthly forecast: regularized logistic model for positive 20-session return, combine probability with training-average positive and negative magnitudes to predict daily log drift. Select penalty by purged chronological training return MSE, same cost hysteresis and shock gate. Hypothesis: direction can be easier to learn than exact return magnitude.",c3a96de66a970a7bf0f4e95e0838ceff88d6aa22933f011faa38b0553e68eb97,754,0.5857785915372298,0.1666069675849855,0.944065424607175,0.21329247416664243,0.026525198938992044
0118,discard,"Two-part monthly forecast: logistic direction probability plus separate ridge models of positive/negative magnitudes, constrained nonnegative. Shared penalty selected by purged training expected-return MSE. Same shock gate. Hypothesis: asymmetric up/down dynamics require separate magnitude relationships rather than one average-return regression.",e4b13a3e16e165bade7444e7abc83e1b44cea4ebcaf52dd807140efc20f8375a,754,0.5901689608535488,0.16768544842087696,0.9513141517785457,0.2132924741666422,0.026525198938992044
0119,discard,"Weekly direction-probability forecast: positive five-session target with separate empirical average gain/loss, six-row training purge and cost threshold scaled by horizon. Same risk gate. Hypothesis: short-horizon direction classification may improve where weekly direct-return regression was noisy.",90d4b12b4e2d06cf6371484c12701e3e7f9adf2f43c8e803e5f965e02d661078,754,0.5628803064273582,0.1609496105709105,0.9146181756139186,0.21329247416664254,0.021220159151193633
0120,discard,"Additive quadratic monthly regression: include linear and squared standardized close-only features, recenter/rescale expanded columns within every training fit, select ridge penalty by purged CV. Same gate. Hypothesis: feature-return relationships may curve without requiring complex interactions.",a159fff50afc435730f713f4fbbd7da3c510840deb17a98467e8bbab90b9040b,754,0.5753194350561852,0.16402967413692116,0.9300883208473545,0.2128954994037161,0.023872679045092837
0121,discard,"Additive Gaussian-basis monthly regression: linear inputs plus smooth radial features around standardized values -1,0,1 for each individual feature; train-only basis scaling and ridge CV, same gate. Hypothesis: bounded local nonlinear responses can model reversals more naturally than global polynomials.",b18bd58ebdccbca6715919e6643a335ab731cf60285c1423e59a3b2643d9586a,754,0.5741232278890456,0.1637341854701284,0.9497736674987326,0.2128954994037161,0.0610079575596817
0122,discard,"Multivariate Gaussian-prototype monthly regression: choose up to sixteen diverse centers by training-feature farthest-point coverage, append smooth kernels with squared bandwidth equal to feature count to linear features. Fit and rescale only within training folds; same ridge CV and gate. Hypothesis: locally smooth state interactions can complement linear extrapolation.",f2dca7b4c70966dd87e651d78bebba4d0786cb0c60f03c5ba3a154aa7043565a,754,0.5782629063602374,0.16475613878445272,0.9338645690664243,0.21329247416664177,0.026525198938992044
0123,discard,Train-only simple-rule selection: two chronological late-training folds rank 11 fixed cash/trend/momentum/reversal/breakout experts by exact net log growth under 50% drawdown; choose one. No validation parameter tuning; each fold's shock thresholds calibrated only on purged preceding training although gate disabled.,8a2f0b30ba170cf18100b75d71223a968fc86020972006365245cb5f5dcba71b,754,0.1856184302443582,0.05855564884231668,0.38009334882608753,0.3223653655578401,0.002652519893899204
0124,discard,"Train-only simple-rule selection with volatility-shock gate: rank same 11 fixed experts by summed net growth on two chronological training folds, calibrate 95/70 shock thresholds on preceding purged training, select top one then freeze. Test whether explicit rule selection beats fitted monthly forecasts.",61126493221019e49dbf16448855a467ae371388042a23e39f8cfb420497d23c,754,0.5628803064273582,0.1609496105709105,0.9146181756139186,0.21329247416664254,0.021220159151193633
0125,discard,"Training-selected equal-weight rule ensemble: average top three of 11 fixed experts selected by two chronological training folds' net growth, each with past-training calibrated shock gate. Diversification hypothesis reduces dependence on a single chosen rule; no ensemble weights tuned on validation.",7b9274ad811487fdd8014af1f32d09f8a3c885a9fc7d1aef99ff22c7e74df6ee,754,0.2753631348038863,0.08468762415372177,0.7332803048105074,0.16646746371216725,0.05293187366135678
0126,discard,"Aggregate OHLC geometry: append normalized body, full high-low range, close-in-range over 5/20/60 sessions to close-only monthly ridge. Prior single-day/mean-candle features underperformed; hypothesis coherent multi-session candles capture path context. Same purged train MSE CV and shock gate.",8fa183bab7e0be9f4581fd96017b6c3e3f580909161ab4899a868bcd741216b3,754,0.6939201291279293,0.19261433166075026,1.0842353751205906,0.21329247416664265,0.05305039787798409
0127,discard,"Multiscale support/resistance geometry: append normalized distances to trailing high/low and range position at 21/126/252 sessions. Hypothesis monthly forecast needs long-range rebound location beyond its existing 63-session drawdown. Fixed scales, train-only purged ridge selection.",af37f6cb13bea96ef42b379490c6549d6cca698e8620e7ae5905794d10bffb7e,754,0.6172036968180363,0.1742831414809145,0.9867618712409926,0.2132924741666432,0.03713527851458886
0128,discard,"Front-loaded monthly forecast labels: exponentially weight the next 20 training log returns with fixed 5-session half-life, emphasizing nearer realized rewards while retaining smoothing. Same close-only features, purged training ridge CV, position hysteresis and shock gate; no validation-label access.",12d1dae4d618b3854eafb4ace9ef58232298e74ea5a452864e8f266c46a5d282,754,0.6279670908015338,0.17688945586331406,1.015647829659107,0.21289549940371666,0.06631299734748011
0129,discard,"PLS1 supervised dimension reduction: train-only covariance-directed components with sequential X/y deflation, choose 1/2/4/9 components by purged late-training monthly-target MSE. Same risk gate. Hypothesis return-relevant directions improve on unsupervised PCA. Method: scikit-learn official PLS docs, undated accessed 2026-09-15, https://scikit-learn.org/stable/modules/cross_decomposition.html ; stdlib implementation, no package dependency.",7121a6659d113ad832ee4de9827a54a7a316f6de42879772a081353686598c65,754,0.6103509041296846,0.17261774164062915,0.9959888349375762,0.21289549940371577,0.0636604774535809
0130,discard,"Random Fourier nonlinear monthly forecast: 32 fixed-seed cosine features of train-standardized close-only inputs, frequency std 1/sqrt(9), ridge chosen by purged training MSE. Hypothesis smooth joint-state relations need non-axis-aligned nonlinear features. Inspired by Rahimi/Recht, NeurIPS 2007, https://people.eecs.berkeley.edu/~brecht/kitchensinks.html ; adapted feature-standardized ridge, same shock gate.",4d74f96d060a0b15e9a2f00b11a6aaf5b3bbcd3c4fb251886b7fff83f23d55d3,754,0.5725813361904888,0.1633530847262914,0.9343307647396604,0.2132924741666422,0.03713527851458886
0131,discard,"Linear plus random Fourier monthly model: concatenate standardized original close-only inputs with same 32 fixed-seed cosine features. Hypothesis preserve the successful linear signal while allowing smooth nonlinear residual structure. Purged training-only ridge CV. Rahimi/Recht NeurIPS 2007, https://people.eecs.berkeley.edu/~brecht/kitchensinks.html ; adapted joint regularized basis, unchanged shock gate.",173db7eaa5f8db893341e9011d5f3774e65c85c08d8887e38f2297d81d39fe99,754,0.513208688150669,0.14848502574674738,0.874732993834813,0.21329247416664254,0.050397877984084884
0132,discard,"Causal price-space trailing exit baseline: 22-session rolling high minus three ATR22, flat below stop and reenter only above SMA10 with a rising close. Fixed volatility-scaled stop rather than relative-volatility shock; hypothesis sustained price erosion may matter without a sudden volatility jump. No fitted parameters, close signals execute next open.",551160525526cede9be431cb16265e613a6f031e2f138f6e61ba5089c21a254b,754,0.22368387629277753,0.0697950745261331,0.5795437540792564,0.16853219721037516,0.06896551724137931
0133,discard,"Monthly forecast with price-space risk exit: replace shock gate by fixed rolling high22 minus 3 ATR22 and SMA10 rising-close recovery, retain close-only monthly ridge and purged train-only MSE selection. Hypothesis separate slow drawdown exit from return forecast, without combining extra filters.",f46c4e4601275cda6b8569d55199457656f8ae7de3ac2ce5b4e7dd8405339c96,754,0.3600999364794679,0.10826012206842472,0.8849770712305131,0.16853219721037405,0.10875331564986737
0134,discard,"Episode trailing-stop overlay: original monthly ridge plus shock gate, track close-price peak during positive allocated episodes and stop at peak minus 3 ATR22. Reentry requires exceeding prior ten closes. Hypothesis protect accumulated trends when relative-volatility gate misses gradual reversals. Peaks are causal close observations, never future/execution prices; no intraday stop-fill assumption.",2674adcb095bf09bc40e28a6c5db46116146634f498361634643aedd15ebab08,754,0.17163665359108204,0.054367008236872794,0.4717679587652456,0.265524874388136,0.08753315649867374
0135,discard,"Conditional-noise weighted monthly ridge: weight training rows by inverse trailing-20 variance, cap relative weights at 0.1 to 10 times median, refit exact weighted intercept and covariance. Same close-only features, purged training MSE ridge selection, shock gate. Hypothesis noisy high-volatility examples should have less coefficient influence; weights use only contemporaneously known input volatility.",d15b7788f51dbca200e7ab25ebceb0e2987d41dcec2915ef09178658a59c88f5,754,0.5866932541788468,0.16683181545713066,0.9468741406467,0.21329247416664254,0.023872679045092837
0136,discard,"Robust monthly Huber regression: 12 IRLS iterations, residual cutoff 1.345 times training target standard deviation, exact weighted intercept, same ridge candidates selected by purged training MSE and original shock gate. Hypothesis residual outliers after conditioning distort coefficients; unlike label winsorization, weight depends on model error.",ee35e89c5df39484efffa67e61b52a10bd19fbcaa586d92423e566af51a927f8,754,0.6841077001625628,0.19030092394183074,1.0673011730496407,0.21329247416664265,0.04509283819628647
0137,discard,"Approximate conditional-median monthly regression: 12 IRLS iterations with inverse absolute residual weights floored at 5% of training target standard deviation, exact weighted intercept and ridge regularization. Purged train MSE selects ridge; same close features and shock gate. Hypothesis robust central monthly drift gives cleaner signs than the mean; no validation fitting.",c45390677f2912425c64eca6e3dd85219fa1614154fc3c31a16ca1620535edad,754,0.5628803064273582,0.1609496105709105,0.9146181756139186,0.21329247416664254,0.021220159151193633
0138,discard,"Training-only grouped feature selection: evaluate all seven nonempty combinations of short-return, long-trend, and volatility/drawdown groups, jointly select subset and ridge by purged late-training monthly-target MSE. Refit chosen subset on all training; unchanged risk gate. Hypothesis redundant feature groups hurt forecast stability.",3ea66ef2c472af8bf16f717d5d0e982e75190ddca185253604edbc221904cae8,754,0.46963321449000195,0.13732388860764355,0.8240041321037889,0.21289549940371633,0.04774535809018567
0139,discard,"Training-only grouped feature selection by trading return: same seven predetermined group subsets and ridge choices, selected by exact net log growth on purged late-training rows with prefix-calibrated shock gate and 50% drawdown cap. Hypothesis subset useful for returns may differ from MSE-optimal subset. Final validation only via runner.",fd2c575a08b06175e4a60a6d63937d118cc138cdab16cf550195c5495bc44ba7,754,0.5901689608535488,0.16768544842087696,0.9513141517785457,0.2132924741666422,0.026525198938992044
0140,discard,"Training-only forward feature selection: greedily add one of nine close-only predictors only while purged late-training monthly MSE improves, selecting ridge within each subset. Refit final subset on all training; fixed shock gate. Hypothesis a compact supervised subset avoids correlated noisy dimensions without lasso shrinkage bias.",a267691c8cbf0bd340d254839e95407c09a1d016ae01d2e7b15b0cc9f38f249f,754,0.4132121155839301,0.12254026182927014,0.7505158394716895,0.21289549940371555,0.03978779840848806
0141,discard,"Conditional monthly regressions by volatility state: split training rows at training median trailing-20 volatility, fit separate close-only ridge forecasts, blend current-state model 50% with pooled model. Every CV fold learns its own threshold and regressions; purged training MSE selects ridge. Hypothesis normalized predictors still have volatility-dependent return relationships; unchanged shock gate.",932e1ef546893ffc6486e1d388b8fdd937aae93f593fdd6f3a10425d5165dbb1,754,0.587476341797222,0.1670242502076631,0.9662354622988227,0.2128954994037161,0.06631299734748011
0142,discard,"Joint volatility/trend conditional monthly regressions: four train-defined groups from median trailing volatility and close above/below SMA200. Shrink each local forecast toward pooled prediction by n/(n+500), minimum 80 group samples; purged training-only ridge CV. Hypothesis bear/bull volatility interactions need separate slopes rather than a shared global linear fit.",a32b39e6820c1ae9461efe92938ee33193327b89de2b61fe003447f03aefc6b0,754,0.6104490316971389,0.17264162235739655,0.9932132368343558,0.2132924741666431,0.0610079575596817
0143,discard,"Smooth volatility mixture of monthly regressions: fit three training volatility-tercile experts; blend experts with Gaussian distance to each train median, width training volatility standard deviation, then average with pooled forecast. Train-only purged ridge CV and same shock gate. Hypothesis continuous regime weights reduce abrupt state-switch errors.",1fa396eccba515d566e9e5ed20549844eeafb6e4c89af24fdae72dfec48913d1,754,0.4892407911863754,0.142372935290342,0.8494187437337466,0.21289549940371544,0.042440318302387266
0144,discard,"Causal state-velocity features: append five- and twenty-session differences of all nine close-only features, computed from truncated histories entirely within the 252-row observation. Hypothesis direction of change in trend/volatility state matters beyond current levels. Same monthly labels, purged training ridge CV and shock gate.",37eddfc6bcdcfc71f8b63af5354ea6555c5e884bb1ef80c338bd1b584c6b1ea9,754,0.5800319327971202,0.16519231019926361,0.9531670517363807,0.21289549940371588,0.0610079575596817
0145,discard,"Temporal cosine return features: append four fixed discrete-cosine projections (frequencies 1,2,4,8) of last twenty volatility-normalized log returns. Hypothesis recent ordering and oscillation phase carry information that aggregated momentum ignores. Deterministic past-only basis, monthly ridge with purged training CV and unchanged gate.",95ac9f9f061a59937c7655ba0578e646a632569b2eabcba25d13303a6ed1b663,754,0.6850455420012442,0.19052241959902383,1.076106409922799,0.21289549940371566,0.0610079575596817
0146,discard,"Fixed nonlinear temporal filters: append eight outputs of causal two-state tanh recurrences over last sixty normalized returns, using predefined fast/slow decay and positive/negative feedback pairs. Hypothesis low-dimensional sequence memory captures reversal patterns unavailable to static random features. No fitted recurrent weights, monthly readout ridge selected only on purged training; original shock gate.",a7f96ac70704248449983a76e758333beadcdbc99ff43cb51fa4f24ed487ae24,754,0.7083605357336797,0.19600267426406548,1.1043080571458013,0.21289549940371533,0.06631299734748011
0147,discard,"Out-of-fold daily payoff calibration: three expanding training folds generate monthly-model forecasts without label overlap; fit regularized two-parameter affine map from forecast to realized next-open daily log return. Final monthly base refits all training; frozen calibration drives same hysteresis/gate. Hypothesis monthly conditional drift requires execution-horizon calibration, distinct from correcting monthly forecast residual mean.",bb5ed4c513adc9182b55aa60d1132a62f6398033e38a816bd987bd5a96b1f159,754,0.5628803064273582,0.1609496105709105,0.9146181756139186,0.21329247416664254,0.021220159151193633
0148,discard,"Out-of-fold binned daily payoff calibration: three expanding purged training folds, five equal-count forecast bins, shrink each daily log-return estimate toward training OOF mean by 100 pseudo-observations, interpolate and clamp outside centers. Hypothesis forecast magnitude and daily payoff relation is nonlinear. Final refit, same gate; all calibration labels training-only.",bf0ee6465e2a8ab5051ffa335461ff1b21751667b1f09330b061d4c5fdea3c62,754,0.48729024807547683,0.14187265063521526,0.848958381031746,0.2515091378722595,0.08753315649867374
0149,discard,"Out-of-fold monotone daily payoff calibration: ten equal-count training forecast bins with 100-mean pseudo-observations each, weighted pool-adjacent-violators enforces monotonicity, interpolate/clamp. Three expanding purged training folds and final full-training base refit. Hypothesis preserve forecast order while reducing noisy daily payoff mapping; unchanged gate and position threshold.",1f921d74f2abeba6ebbe31c8355f69f3333777c72642cf2017ef1e9bc27fb528,754,0.5628803064273582,0.1609496105709105,0.9146181756139186,0.21329247416664254,0.021220159151193633
0150,discard,"Direct recurrent allocation policy: sigmoid of nine standardized close features plus prior latent allocation; exact forward sensitivities through recurrence, weight drift, turnover and terminal liquidation optimize annualized net log growth. Purged late-training return selects penalty and 100/300 steps; no leverage, no risk gate. Inspired by Moody/Saffell July 2001 https://people.idsia.ch/~juergen/rnnaissance2003talks/MoodySaffellTNN01.pdf ; adapted simple recurrent model, hypothesis memory improves transaction-aware policy over feedforward baseline.",db65d9f6e7174aab476f08de27eb93ba1a7b1efd5ffadae681b5c79a83e6c17f,754,0.174665333329465,0.05527714793968008,0.3779393590569788,0.30367196265914564,0.0066352273807085615
0151,discard,"Direct recurrent allocation with integrated shock gate: same causal sigmoid-memory policy and exact forward gradient of net log growth, but multiply allocations by train-calibrated shock gate inside training objective and training CV as well as inference. Prefix training alone calibrates CV thresholds. Hypothesis jointly learning exposure around risk-off states outperforms applying gate only after optimization. Moody/Saffell July 2001 https://people.idsia.ch/~juergen/rnnaissance2003talks/MoodySaffellTNN01.pdf ; adapted recurrent direct policy.",ac78896184138dcf1f6ac5ef3e1408ee150e7159639cad4b537481435fe0b488,754,0.5184608891858462,0.14981577406001612,0.9200174899132602,0.19546533588243886,0.022861640723501313
0152,discard,"Rule-based trend/oscillation switch: ADX14 above 25 follows positive-vs-negative directional movement; below 20 buys CCI20 below -100 and exits above zero; intermediate state retains position. Own combined hypothesis, conventional fixed thresholds, causal OHLC only, next-open execution. Indicators: Fidelity DMI/CCI guides, undated accessed 2026-09-15, https://www.fidelity.com/learning-center/trading-investing/technical-analysis/technical-indicator-guide/DMI and https://www.fidelity.com/learning-center/trading-investing/technical-analysis/technical-indicator-guide/cci .",4243c249d81274fd06ec43ca213ef4af9fde39345a52e213755f8257d1e51a00,754,-0.1860457796835906,-0.0664857581792827,-0.6041116329238787,0.28470669694845285,0.0610079575596817
0153,discard,"Monthly ridge with directional-movement context: append DI14 spread, ADX14 strength and their interaction to original close-only model. Hypothesis high/low trend persistence adds information beyond close trend slopes. Same purged train ridge CV and shock gate. Indicators: Fidelity DMI/CCI guides, undated accessed 2026-09-15, https://www.fidelity.com/learning-center/trading-investing/technical-analysis/technical-indicator-guide/DMI and https://www.fidelity.com/learning-center/trading-investing/technical-analysis/technical-indicator-guide/cci .",06c78c7a2160012f56ff735f4220e9da3f814326db27f1b6369f2ae9da389bdb,754,0.7157380283965897,0.1977263966218996,1.1113099667344102,0.21289549940371555,0.0610079575596817
0154,discard,"Monthly ridge with trend-conditioned oscillator context: add DI spread, ADX strength, signed trend strength, CCI20, five-session CCI change and CCI-times-ADX. Hypothesis an extreme oscillator can mean continuation under strong trend and reversal otherwise; learned only from training, fixed model protocol. Indicators: Fidelity DMI/CCI guides, undated accessed 2026-09-15, https://www.fidelity.com/learning-center/trading-investing/technical-analysis/technical-indicator-guide/DMI and https://www.fidelity.com/learning-center/trading-investing/technical-analysis/technical-indicator-guide/cci .",81bf71937ae5f00f0aca7b55cfbd9681f4cdc22469b654038d1a4414d022e91a,754,0.7172771501565218,0.19808538399364006,1.112429224895115,0.21289549940371566,0.0636604774535809
0155,discard,"Derivative-free binary policy learning via cross-entropy method: diagonal Gaussian population32 elite8, fixed seed, optimize exact cost-adjusted log growth with 50% drawdown constraint. Nine standardized inputs, fixed +/-0.25 signal hysteresis; late purged training selects 10/20/30 generations then refit. Hypothesis direct search avoids sigmoid-gradient near-full-investment plateaus. No risk gate. Inspired by de Boer/Kroese/Mannor/Rubinstein 2005, https://people.smp.uq.edu.au/DirkKroese/ps/aortut.pdf .",86b4a0aad36d881a81e94709d1a985044669a5b96401ebc29cda92eeed4a2213,754,0.0888157483955394,0.028847023182871023,0.2434733295477165,0.29948564932133337,0.03978779840848806
0156,discard,"Cross-entropy binary policy learning with integrated shock gate: same deterministic population search and exact net-growth objective, multiply positions by prefix-trained shock gate in fitting, training CV and final inference. Hypothesis discontinuous entry/exit plus risk-off structure benefits from derivative-free optimization; final validation never accessed during policy fitting. Inspired by de Boer/Kroese/Mannor/Rubinstein 2005, https://people.smp.uq.edu.au/DirkKroese/ps/aortut.pdf .",47ce7ce3bc585105bb6cf07615e99d0d9b88bd37b26189a5a7cf113fae4b9074,754,0.17350139944315401,0.054927562612624437,0.42971504910490416,0.2010978614723925,0.04509283819628647
0157,discard,"Training-only stacked forecast horizons: 1/5/20/60-session ridge models generate three expanding-fold OOF predictions; each base model chooses ridge on its own purged prefix. Choose among 35 convex quarter-step mixtures by OOF monthly-target MSE, refit full training. Hypothesis learned horizon mixture improves on prior equal weekly/monthly/quarterly blend. All stacking labels training-only; unchanged shock gate.",0c90254b570ad6064b471aa2b254b16035874517f05146f69e80890b385a3b7e,754,0.6294556477751574,0.17724900029038904,1.0018824362649148,0.21329247416664265,0.03183023872679045
0158,discard,"Return-selected training-only horizon stack: same four purged nested ridge forecasts and 35 convex mixtures, choose mixture by exact daily net log growth with prefix-calibrated shock gate on three OOF training folds, including turnover, fold liquidation and drawdown cap. Hypothesis forecast horizon weights should reflect trading payoff rather than target MSE; full-training refit then fixed validation inference.",c386e51838dfa2dc639fd84a67adf13b464ef943072fdfc717bf9fbbbd262e4f,754,0.5628803064273582,0.1609496105709105,0.9146181756139186,0.21329247416664254,0.021220159151193633
0159,discard,"Arithmetic daily-payoff forecast with explicit volatility drag: fit monthly average of simple daily forward returns instead of log returns, then subtract half contemporaneous daily variance before allocation to approximate geometric drift. Same nine causal close features, purged train ridge CV, hysteresis and shock gate. Hypothesis separating conditional arithmetic payoff and known variance drag avoids their confounding in one log-return regression; approximation, not exact utility.",32a209937ce173bae84bab40274cd38f64d2dd0726adb0fcd4345698aeec27db,754,0.5153163465093455,0.1490194112438561,0.9160610501621941,0.21289549940371566,0.0636604774535809
0160,discard,"Compounded monthly-payoff target: ridge learns realized 20-session compounded simple return divided by 20, converts predicted horizon payoff back to per-session log scale for allocation. Same model and purged training selection. Hypothesis expected holding-period wealth weights strong trends differently from averaging daily log rewards; final ranking still exact frozen net CAGR.",4b593d039f4ab344594b0f0928b8afd948c01dd84ce70f332b6b976b0be796dc,754,0.7104492013260435,0.1964911849351163,1.1009689734288977,0.21289549940371588,0.05570291777188329
0161,discard,Path-risk-adjusted monthly training target: subtract half within-future-window daily log-return variance from mean monthly log drift when constructing training labels. Variance is training-label information only and is never computed from future observations at allocation. Hypothesis penalizing unstable training return paths yields more reliable positive forecasts while preserving original position/risk execution.,f7ae19db5d4ba7db94184c83757d455202476b3b484254cc4287abb1fb460a57,754,0.7006806258414648,0.1942030203148044,1.0957197097041786,0.21289549940371533,0.0636604774535809
0162,discard,"Nonoverlapping shock baseline: compare fast last-five return volatility with preceding sixty returns excluding those five, instead of overlapping 5/60 windows. Relearn 95/70 percentile thresholds solely on training; same monthly predictor and price/recovery rules. Hypothesis fast shocks should not simultaneously inflate their own reference volatility.",b8ca79c984bc43f4b2c050248fa5a93546dba7a54be4c49688ca6955f2a3b460,754,0.6699370048642881,0.18694410628063518,1.0539992585204734,0.2376757745252721,0.058355437665782495
0163,discard,"Robust pre-shock baseline: last-five standard deviation divided by 1.4826 median absolute deviation of preceding sixty returns, floor .001; train calibrates same 95/70 quantiles. Same monthly predictor and gate transition rules. Hypothesis historical isolated extremes mask new shocks in standard-deviation reference; robust reference resists that masking.",bf4eda8c44cc29a3a6a8b90887d1b51d7c65984b85e345d68e23d1d22c2f78d3,754,0.5675388946052504,0.16210503282142996,0.9323180104228824,0.2672779853628362,0.058355437665782495
0164,discard,"Slower forecast feature normalization: use contemporaneous sixty-session close volatility in the nine predictor normalization terms and volatility feature rather than twenty-session volatility, retain five-session numerator and original independent shock gate. Hypothesis month-ahead forecasts need a more stable risk scale; all model fitting and ridge selection remain purged training-only.",4d88721e5eb2d71cde2796782ade17975beb1e2a583b5c434643a128ad640200,754,0.5755483605048493,0.16408620657054818,0.934217679404998,0.21329247416664232,0.023872679045092837
0165,discard,"Local residual correction to monthly ridge: retain global forecast then add Gaussian-distance weighted training residual mean from 100 nearest standardized training states, shrunk by 100 zero-residual pseudo-observations. Unlike earlier raw-neighbor averaging, preserve global trend slopes and correct only local bias. Purged training CV refits entire model for each ridge; unchanged shock gate.",5462d0d9b8e0d98c33c0eed188a717801f89b45310d96c0747ffa469adc75c7b,754,0.6570825134605915,0.18388263294812401,1.0489209134452504,0.21289549940371533,0.058355437665782495
0166,discard,"Query-local linear monthly forecasting: 256 nearest standardized training states, Gaussian distance weights, exact local weighted intercept and ridge1 slopes, average with globally fitted forecast. Hypothesis conditional slopes need smooth multivariate locality beyond hard volatility/trend groups. Global ridge chosen by purged training MSE of combined predictor; local data always training-only, unchanged shock gate.",487b1b66624d433dcfbcf2c24ba8a16c1c89aa362f0123ad065f86e2389060a8,754,0.6805926146050272,0.18947001390827212,1.0744624140580834,0.21289549940371522,0.05570291777188329
0167,discard,"Purged delete-block monthly ensemble: eight deterministic contiguous training blocks, each member omits one block plus preceding 19 overlapping target starts; average forecasts. Ridge chosen using same purged chronological inner training fold. Hypothesis delete-block aggregation is less noisy than earlier moving-block bootstrap while reducing dependence on individual market episodes; original close features and shock gate.",254f613faacd00e310c177ae541c1b5de1b354db8be6b034a1e70939a6057c94,754,0.7125010130200016,0.1969706894196519,1.1071232297549938,0.212895499403716,0.0636604774535809
0168,discard,"Robust median delete-block monthly ensemble: same eight purged leave-block-out training regressions, median forecast rather than mean. Hypothesis a few influential training episodes distort signs and median aggregation resists them. Train-only chronological ridge CV, unchanged features, hysteresis and shock gate.",2ff30a40b673252d32126fa67636758b5fa04bf0809eef9f5999a5f820b5e07e,754,0.716312906794212,0.19786050731082838,1.1119531558000026,0.21289549940371522,0.0636604774535809
0169,discard,"Variance-clock training horizon: average future training log returns over round(20*(1%/current-vol20)^2) sessions, bounded 5 to 60. High-volatility states use shorter forecasts and low-volatility states longer; omit final59 rows and purge61 before internal CV. Fixed reference volatility, no validation fitting. Hypothesis constant risk-time target is more stable than fixed monthly calendar horizon; original execution gate/hysteresis retained.",15ae9cffdacbf9d9036898ccb87f362f1a90bd993e9669bedc4b4e5529c51f6b,754,0.5660943865704007,0.16174701100899114,0.9290223130280248,0.21329247416664265,0.03978779840848806
0170,discard,"Adaptive-moving-average trend baseline: Kaufman efficiency length10, fast2/slow30, close-vs-KAMA hysteresis band half trailing daily volatility in price units. Hypothesis adapt smoothing to path efficiency to reduce fixed-SMA lag/whipsaw; no fitting, no date rules. TradingView KAMA method docs, undated accessed2026-09-15 https://www.tradingview.com/support/solutions/43000773012-kaufman-s-adaptive-moving-average-kama/ .",ffd6bd7087e90399c4c2aa0e56068cd71ff4775248697dabe98a87e17e2cf1c9,754,0.07633273652804484,0.024889623450129905,0.2665029521670121,0.1612883302830601,0.08222811671087533
0171,discard,"KAMA state features for monthly ridge: append volatility-normalized price deviation, five-session adaptive-average slope and current adaptive smoothing coefficient. Same training-only purged ridge CV and shock gate. Hypothesis learned forecast can use adaptive trend information without rigid crossing rules. TradingView KAMA method docs, undated accessed2026-09-15 https://www.tradingview.com/support/solutions/43000773012-kaufman-s-adaptive-moving-average-kama/ .",6d195c2f24e00e18f121a787aa5ed7f19befe5aa536b1dccc49dd334792db8e5,754,0.7303326289677323,0.20112188554932597,1.1250754667713325,0.21289549940371566,0.05570291777188329
0172,discard,"Hull moving-average monthly features: append normalized close deviation and five-session slope of HMA20 and HMA60, using weighted-average lag compensation and rounded square-root smoothing. Hypothesis low-lag trend features add information beyond SMA200 and normalized raw momentum. Same purged training CV/gate. Fidelity HMA docs, undated accessed2026-09-15 https://www.fidelity.com/learning-center/trading-investing/technical-analysis/technical-indicator-guide/hull-moving-average .",9bf6bb89d600597875c1cba13bf475e63550f4b7fb4034f3934bdac2bd5350cf,754,0.6460318742487985,0.18123810758181258,1.0314260471480639,0.21289549940371655,0.0610079575596817
0173,discard,"Training empirical-rank Gaussianization: replace all nine close-only predictor values with normal quantiles of their training empirical marginal CDF, midrank ties and tail probability clamp 0.001/0.999. Fold-specific transforms, purged training ridge CV, unchanged monthly labels and shock gate. Hypothesis rank-based features reduce sensitivity to heavy-tailed magnitude changes while preserving ordering.",7362b9c3ee446f9677be7447fb7371a7295e3e1b487cf2dcb406ea64edb29962,754,0.6654083869153173,0.18586734970649887,1.0550836083067572,0.2128954994037161,0.06631299734748011
0174,discard,"Mixed magnitude/rank monthly model: concatenate original nine close-only features with their train-empirical Gaussian rank transforms. Hypothesis keep informative magnitude variation while allowing different nonlinear responses across common and extreme states. Entire transform fitted within each purged training fold, then full refit; unchanged original shock gate.",f37ab9a011fc28159b50f2a5b26b1ca96cedd25f667a640aa815721ae424228e,754,0.5485139596063673,0.15737196829544708,0.922073962660528,0.21289549940371622,0.05570291777188329
0175,discard,"GARCH-normalized innovation shock gate: fit stationary GARCH(1,1) to training close log returns by Gaussian likelihood over fixed alpha/beta candidates, variance-target intercept. Gate score is RMS of last five standardized innovations, each normalized by variance forecast before that return; train95/70 quantiles and original price/recovery rules. Hypothesis surprise relative to conditional volatility is more useful than raw fast/slow volatility; monthly return model unchanged. Method inspiration: Bollerslev, Journal of Econometrics April1986, https://doi.org/10.1016/0304-4076(86)90063-1 ; variance targeting plus finite training likelihood search is an adapted implementation.",006248bab9df28dc30069fbf5231bf1547d5f85ce977159fb1d4257fe18b85dc,754,0.7019545940515468,0.19450192651239373,1.11613757029876,0.2388680133888249,0.07692307692307693
0176,discard,"GARCH forecast-volatility shock gate: same train-fitted variance model, risk score is sqrt(next conditional variance / mean previous60 conditional variances). Same train95/70 quantiles, monthly forecast and gate transitions. Hypothesis modeled volatility persistence identifies risky regimes after transient innovations fade; recursion uses only trailing252 closes. Method inspiration: Bollerslev, Journal of Econometrics April1986, https://doi.org/10.1016/0304-4076(86)90063-1 ; variance targeting plus finite training likelihood search is an adapted implementation.",1f6af9c3d9523efb8ebabea85c9814a965b97ad98a94b6d98d78260f12166334,754,0.4118014590452028,0.12216564315444467,0.7584775987387276,0.316076398915938,0.08488063660477453
0177,discard,"Learned nonlinear monthly predictor: one tanh hidden layer with eight units, deterministic seed, train-standardized inputs/targets, minibatch32 SGD and mild weight decay. Purged late-training monthly MSE selects 200/600/1200 updates, then full-training refit; original shock gate. Hypothesis learned nonlinear projections improve beyond fixed random features; no validation gradient or fitting.",06ca03b1e827834fa4ca1af5c3209c48f7917932873beff8f89c65598227baf2,754,0.695384081529878,0.19295871199485903,1.0986280279263425,0.20109786147239284,0.05570291777188329
0178,discard,"Learned nonlinear residual monthly predictor: same eight-unit tanh network models residual around fixed ridge0.1 linear skip forecast, preserving linear structure while learning smooth interactions. Purged training early stopping selects update count, all full-training refits deterministic; original shock gate. Hypothesis residual initialization is more stable than an entirely nonlinear signal.",ebbac9dee9c3ef9bb328d06b8be37d02390655786f47059b8511d11ce4f8bf4a,754,0.5302460489088705,0.15279066209192793,0.9088797043362442,0.20109786147239261,0.0636604774535809
0179,keep,"Linear/nonlinear forecast diversification: equal-average original purged-CV monthly ridge forecast and independently trained eight-unit tanh monthly forecast, then apply common signal hysteresis and shock gate. Both base model selection procedures use training only; fixed 50/50 weight. Hypothesis different inductive biases reduce forecast sign errors despite neither nonlinear model individually exceeding current champion.",777081eb2029cd49f64d686250bec7c4ffc875b5d0fe60853ede4653fa970283,754,0.7536528513985159,0.20650806782346454,1.1517535206395897,0.212895499403716,0.05570291777188329
0180,discard,"Linear/nonlinear allocation diversification: same independently fitted monthly ridge and tanh models, keep separate binary signal hysteresis states and average their allocations before the shared shock gate. Hypothesis partial exposure on model disagreement can retain profitable periods lost by averaging noisy forecast magnitudes. Fixed equal weights, no validation-fit stacking.",2ff7ae731662f59ba6873a2de649e31674f47e4a16bf0e4e6ba1de8a938c1165,754,0.7161444563080337,0.1978212133840176,1.1221245360276713,0.20399200805461615,0.05982211901663521
0181,keep,"Noise-regularized linear/nonlinear ensemble: add independent Gaussian noise sd0.1 to standardized neural training inputs only, preserving minibatch RNG sequence and clean inference. Original ridge, fixed 50/50 forecast blend, purged training early stopping and shock gate unchanged. Hypothesis local input smoothing stabilizes neural decisions without adding features or tuning validation weights.",fee090a2d7265cbc0d417810fa15d29dca137e95533c3fe9ad878b5700c98dfc,754,0.7732181419383557,0.2109903177870318,1.1721858498280717,0.21289549940371555,0.05570291777188329
0182,discard,"Robust-loss linear/nonlinear ensemble: neural minibatch gradients use Huber derivative cutoff1.345 in standardized target units; keep original clean inputs, ridge forecast, equal blend, purged training MSE early stopping and risk gate. Hypothesis downweighting rare extreme residuals yields a more useful nonlinear complement to ridge.",87ae6aac301b05b15e43feba7626a911c1b73033346c06a2d652adb7b79c29c9,754,0.7284561227334618,0.20068638015218299,1.1227989301086718,0.21329247416664232,0.05305039787798409
0183,discard,"Ensemble-aware neural early stopping: select neural 200/600/1200-step checkpoint by MSE of its equal forecast blend with a ridge model fitted to exactly the corresponding purged training prefix. Then refit both full-training models. Hypothesis the most useful ensemble member need not minimize its own standalone error; fixed equal blend, unchanged architecture/gate, no validation fitting.",b49fe71456fae55a6bff6c68fb0e33a9d0799b0c5bf452b27b1e7d592413e340,754,0.7536528513985159,0.20650806782346454,1.1517535206395897,0.212895499403716,0.05570291777188329
0184,discard,Fixed three-seed neural averaging with noisy inputs: average all networks seeded 6047/6048/6049 without seed selection; choose their shared 200/600/1200 checkpoint using purged training mean-forecast MSE. Equal blend with unchanged ridge and shock gate. Hypothesis averaging initialization and minibatch variation stabilizes the nonlinear complement; no validation-fitted seeds or weights.,6c458bda66909a742d22615c3a13e5393f27c0ebafb7621450e718aa5de23862,754,0.6872209204320539,0.1910358757958599,1.0702080527745301,0.21289549940371522,0.04509283819628647
0185,discard,"Training checkpoint prediction averaging: average all noisy-neural checkpoints up to 200,600,1200, selecting cumulative endpoint solely by purged training MSE then refitting all retained checkpoints. Fixed equal ridge blend and shock gate. Hypothesis temporal averaging along one training trajectory reduces forecast variance without selecting lucky seeds.",fcf000928adfaad12b3b1a042b8b4f9a70cf98af76ebd8612898b6f8ecc424d0,754,0.7732181419383557,0.2109903177870318,1.1721858498280717,0.21289549940371555,0.05570291777188329
0186,discard,"Nonoverlapping-target neural minibatches: each step sample 32 distinct training starts from one randomly chosen 20-session phase, so no monthly forward-label windows overlap within the batch. Preserve noisy-input architecture, train-only checkpoint selection, equal ridge blend and gate. Hypothesis reducing duplicated target information per gradient gives a more useful nonlinear estimate.",3a24229d1c24d5ce86dae31e8d8c3100caf9f99ea4463936f0b821e6cc49a790,754,0.6929434415031599,0.1923844653359923,1.0771140859309976,0.213292474166643,0.04509283819628647
0187,discard,"OHLC variance shock gate: replace close-return standard-deviation ratio with sqrt(mean5/mean60) of Rogers-Satchell intraday variance plus squared overnight gaps; training 95/70 quantiles and all forecast components unchanged. Hypothesis within-session path variation detects risk shifts hidden in closes. Method inspiration Rogers and Satchell, November 1991, https://www.skokholm.co.uk/wp-content/uploads/2016/01/R_Satchell_HLOC.pdf ; overnight squared gaps are our additional risk proxy, not an assertion of the paper's estimator.",3198c1ef250585d5b8aee4c9912e3768b7c9679b9b2c5e2b451724d0f0fbd394,754,0.5149988160551826,0.1489389347709218,0.8819423086573798,0.3173723694680659,0.05570291777188329
0188,discard,"Variance decomposition forecast features: append RS intraday volatility relative to close volatility, log intraday variance5/60 and overnight energy share20 to both ridge and noisy neural predictors; preserve original close-volatility shock gate. Hypothesis separating intraday oscillation from overnight moves helps distinguish drift from noisy risk. Method inspiration Rogers and Satchell, November 1991, https://www.skokholm.co.uk/wp-content/uploads/2016/01/R_Satchell_HLOC.pdf ; overnight squared gaps are our additional risk proxy, not an assertion of the paper's estimator.",ef18c63e723b58ad89a0b61421666c3c6abb858b16df8424e18d2a77a63a23f1,754,0.6597984057859367,0.18453077389579509,1.038051874775648,0.21329247416664188,0.04509283819628647
0189,discard,"OHLC-normalized forecast features: replace close-based 20/5-day volatility normalization in the existing nine features with square-root average RS-plus-overnight energy at identical horizons. Preserve original independent close-return shock gate and training-only model fitting. Hypothesis path-based scale estimates stabilize momentum and distance predictors. Method inspiration Rogers and Satchell, November 1991, https://www.skokholm.co.uk/wp-content/uploads/2016/01/R_Satchell_HLOC.pdf ; overnight squared gaps are our additional risk proxy, not an assertion of the paper's estimator.",c5b7b244884914ebccb28fd3e6ab92e408dab0ad3903854b55cc5bc921d4e743,754,0.6222697589140287,0.17551130294132244,0.9981027147877355,0.21289549940371566,0.04509283819628647
0190,discard,"Specialist nonlinear reversal expert: retain monthly ridge on nine close features; train the noisy neural member only on one/five-day returns, short-to-medium volatility ratio, volatility level and normalized drawdown. Fixed equal monthly forecast blend and shock gate, purged train-only early stopping. Hypothesis feature specialization reduces redundant long-trend learning and exposes nonlinear short-run effects.",9ecba260b23b8401e83f7d83fa0dddeb4bbb8def0617747512a77021d69c6a3d,754,0.6353214261807405,0.17866368911148478,1.0081359438384014,0.21329247416664276,0.03183023872679045
0191,discard,"Specialist nonlinear intraday expert: retain existing monthly close-feature ridge; train neural member only on short/medium volatility ratio, volatility level, latest candle close location, body, overnight gap and range. Fixed equal forecast blend and original gate, no additional data. Hypothesis a distinct OHLC information set provides more complementary nonlinear forecasts than sharing all close features.",390805ee7f031d0c26a422ea08d143d1071138c14124c768dd4d8b3bd05887d1,754,0.562337242414729,0.16081477076676776,0.9140136722272565,0.2132924741666422,0.023872679045092837
0192,discard,"Mixed-horizon linear/neural forecasts: original monthly ridge plus noisy neural five-session mean-log target, equal daily-unit forecast blend. Neural checkpoint selection uses purged training split with six-row gap; original features, architecture and shock gate. Hypothesis nonlinear short-horizon response complements slower linear expected returns; horizons and blend predetermined without validation fitting.",bc5baf0dd95e12421ca17ecf7759b19cf2fbf32ee1114b81b30893d9d06a3a86,754,0.5151789222104961,0.1489845831349399,0.894759745151818,0.20109786147239295,0.06896551724137931
0193,discard,"Purged three-fold training stack, convex forecast blend: fit base ridge/noisy-neural ensemble on expanding training prefixes ending21 rows before 50/65/80 percent boundaries; collect monthly-target OOF forecasts in later training blocks. Analytically fit clipped ridge weight0..1 by MSE with 10-percent quadratic shrink toward equal weights. Refit base full train, freeze blend and gate. Hypothesis complementary models merit a training-estimated blend.",f7266d3f56bbcf79bf86fa32f343a606b0e79e7e696254974ee01c2219b2707a,754,0.7353732484758473,0.20229017354930723,1.1319600614103944,0.21289549940371577,0.0636604774535809
0194,discard,Purged three-fold residual calibration: same expanding 50/65/80-percent training-prefix OOF predictions with21-row purge; fit ridge penalty1 on the two forecasts to predict residual of their equal blend against monthly log labels. Full-training base refit; freeze affine correction. Hypothesis conservative bias/scale calibration corrects mismatch between raw models and executable expected returns without fitting validation data.,d49b8c9a53c3dc19e87e34931c987b1c52b7c6db63cfbb5520695dc6ff6b4378,754,0.5628803064273582,0.1609496105709105,0.9146181756139186,0.21329247416664254,0.021220159151193633
0195,discard,"Purged three-fold economic hysteresis selection: base ensemble fit only on expanding prefixes with21-row purge, then select threshold among0,round-trip-cost/20,2.5bp,5bp using aggregate net log growth on three later training blocks with the prefix-trained shock gate, next-open labels, 0.05-percent switching and terminal costs. Full-training base refit; frozen threshold. Hypothesis decision threshold should reflect realized training utility rather than forecast MSE alone.",c00e9aee2aa777b7de1cfc8a5a035d987551fbe51001a301c644102db50d6ef7,754,0.5628803064273582,0.1609496105709105,0.9146181756139186,0.21329247416664254,0.021220159151193633
0196,discard,"Shared-trunk multi-horizon neural learning: eight tanh hidden units jointly predict standardized 20/5/1-session mean-log training targets with equally weighted squared losses; use only monthly output in fixed equal blend with original ridge. Noisy inputs, 200/600/1200 early stopping on purged monthly training MSE, unchanged shock gate. Hypothesis auxiliary shorter horizons regularize return representation without replacing the monthly decision target.",4b55a59058428c5b4dd1e58f01f285ee6a76111d0c82927e5a3adef804a594c5,754,0.6867861323584252,0.19093328770007756,1.0702371437530094,0.2132924741666432,0.04774535809018567
0197,discard,"Shared-trunk return/risk auxiliary learning: same eight-unit noisy neural trunk jointly predicts monthly mean log return, future20-session log-return volatility and downside RMS, each standardized from fitting rows. Use only return output with unchanged ridge/gate; purge21 and early stop by monthly training MSE. Hypothesis learning future dispersion jointly improves useful state representation; auxiliary labels exist only inside training data.",32d4758a7639f1ff3ba7457545c6d3ab76987dba0de2f23547be6ad8d55ef319,754,0.7095634359956553,0.1962840649156845,1.0940691876844755,0.21329247416664243,0.04509283819628647
0198,discard,"Shared multi-horizon forecast averaging: jointly train 20/5/1-session daily-unit log-return heads sharing an eight-tanh-unit noisy trunk; average all three daily-return predictions for the neural forecast, then equal blend with monthly ridge. Select checkpoint by purged training monthly MSE of this mean forecast. Hypothesis shared representation plus horizon diversification improves response while preserving fixed ex-ante combination weights.",b45a8cb46140f4bf0aaa07a3beac384b85105c62a3fb17f941c2ed52c2b452ef,754,0.5295945015848655,0.15262659332665218,0.9007903910449147,0.212895499403716,0.06896551724137931
0199,discard,"Payoff-weighted neural sign classification: replace neural squared-error target with monthly-return sign and logistic loss weighted by absolute monthly mean log return. Convert probability to signed forecast using fitting-sample average absolute return, blend equally with original ridge. Noisy inputs and purged train MSE checkpoint selection unchanged. Hypothesis economically weighted directional learning better prioritizes decisions than fitting return magnitude; global magnitude conversion is an explicit approximation.",d6fb59d927169726c0b7baeacb688e521370682367cb39bad10137ea95420d2c,754,0.6765267107431809,0.1885074547147516,1.0555654276830202,0.21329247416664232,0.034482758620689655
0200,discard,"Conditional-magnitude payoff-weighted neural classifier: use absolute-return-weighted logistic sign loss, then scale signed probability by a ridge penalty1 prediction of conditional absolute monthly return fitted on the same training rows. Equal original ridge blend and unchanged gate. Hypothesis estimating state-dependent magnitude corrects the constant-magnitude approximation of weighted directional forecasts; all fitting and early stopping remain training-only.",2cd3d03771be3752a94f577f488834fc635b9d3cebb2dc1da959c6fcefa8ac80,754,0.6153706761953446,0.17383813269544257,0.9823969013911906,0.2132924741666432,0.03183023872679045
0201,discard,"Standalone payoff-weighted neural timing: use monthly sign logistic loss weighted by absolute monthly mean log return, global-magnitude signed-probability forecast and original shock gate, without ridge forecast blending. Training-only purged checkpoint selection. Hypothesis an economically weighted directional classifier can serve as an independent timing family rather than only an ensemble component.",c36c235e63e7910aefe2fe7903ad0796a3306553c8570b3300a9862fb1bac648,754,0.5628803064273582,0.1609496105709105,0.9146181756139186,0.21329247416664254,0.021220159151193633
0202,discard,"Nonlinear direct-utility policy: replace earlier linear sigmoid policy with eight tanh hidden units and sigmoid weight0..1. Full chronological gradient ascent on exact daily net-log wealth including drifted prior weights, switching costs and final liquidation; fixed weight decay.01, select50/150 iterations on purged later training net growth. No external shock gate. Hypothesis optimizing executable economic utility directly learns nonlinear allocations missed by return forecasting. Inspired by direct utility optimization in Moody and Saffell, July2001, https://people.idsia.ch/~juergen/rnnaissance2003talks/MoodySaffellTNN01.pdf ; this candidate is a feedforward adaptation, not a paper reproduction.",56b4e2b2c0264cead4e75d4aecbeba5e6c05e8dd96c96edc50811a850e2e1bcf,754,0.16376723588922437,0.05199484683491051,0.3656776441357357,0.2992564079511615,0.009071213289218158
0203,discard,"Shock-aware nonlinear direct-utility policy: eight-tanh sigmoid allocation trained by exact chronological net-log-wealth gradient with training-calibrated shock gate inside objective. Include drift, switching and liquidation derivatives, fixed penalty.01, training-only50/150 checkpoint selection with two-row purge. Hypothesis nonlinear risk-conditioned utility training yields useful state-dependent exposure. Inspired by direct utility optimization in Moody and Saffell, July2001, https://people.idsia.ch/~juergen/rnnaissance2003talks/MoodySaffellTNN01.pdf ; this candidate is a feedforward adaptation, not a paper reproduction.",f9d07d6ecd679beaee3bfa594a73743aa04d5fdd82020d36f1206db9d061b1c0,754,0.49928434728356774,0.14494207204942922,0.915495607761641,0.19176556268658085,0.024289940381389652
0204,discard,"Discrete execution of nonlinear utility policy: same shock-aware eight-tanh direct-net-growth training, but select checkpoint and execute through fixed0.6/0.4 probability hysteresis to index/cash. Fixed penalty.01 and purged training-only checkpoint choice. Hypothesis converting smooth allocation preferences into persistent binary exposure preserves growth while reducing small trades; optimize smooth surrogate but select using actual discrete training execution. Inspired by direct utility optimization in Moody and Saffell, July2001, https://people.idsia.ch/~juergen/rnnaissance2003talks/MoodySaffellTNN01.pdf ; this candidate is a feedforward adaptation, not a paper reproduction.",9b4660e8e4c3a7899d4b4852aa020c59a9cbe2c6f79692c0768cda3469d972b3,754,0.5628803064273582,0.1609496105709105,0.9146181756139186,0.21329247416664254,0.021220159151193633
0205,discard,"Causal L1 trend timing: fit piecewise-linear trend to latest64 log closes normalized by trailing20 volatility, fixed L1 curvature penalty10 and ADMM rho10; buy/cash according to latest three-session endpoint slope with ±0.005 normalized hysteresis. No fitting or dates, no shock gate. Hypothesis sparse slope changes identify persistent direction with fewer false reversals. Source Kim, Koh, Boyd and Gorinevsky, SIAM Review May2009, https://stanford.edu/~boyd/papers/l1_trend_filter.html ; causal rolling-endpoint adaptation with a fixed120-step ADMM approximation, not a full-sample retrospective smoother.",629eae3dc07b7a4427c3d5ed0585039bb16a47f104d0bcf788c8a0bb418823de,754,0.34056510348211244,0.10291450376218747,0.80600487912964,0.16324250421293107,0.058355437665782495
0206,discard,"Causal L1 trend plus volatility-break gate: same fixed64-session piecewise-linear endpoint-slope timing, combined with original training95/70 close-volatility shock gate. Hypothesis trend segmentation and abrupt-risk detection provide complementary exits. Source Kim, Koh, Boyd and Gorinevsky, SIAM Review May2009, https://stanford.edu/~boyd/papers/l1_trend_filter.html ; causal rolling-endpoint adaptation with a fixed120-step ADMM approximation, not a full-sample retrospective smoother.",893394949c95fbfb7aaf342a892564c5d08e9a1eec44328c8e2fa697567c8931,754,0.3413845228927055,0.10313977255471962,0.8075536225905042,0.16324250421293085,0.058355437665782495
0207,discard,"L1 trend representation in learned ensemble: append normalized recent endpoint slope, close-minus-filtered endpoint and slope change to the existing ridge/noisy-neural monthly forecasters. Preserve equal blend, purged training checkpoint choice and original gate. Hypothesis piecewise-linear trend geometry adds regime information beyond moving averages. Source Kim, Koh, Boyd and Gorinevsky, SIAM Review May2009, https://stanford.edu/~boyd/papers/l1_trend_filter.html ; causal rolling-endpoint adaptation with a fixed120-step ADMM approximation, not a full-sample retrospective smoother.",f16d860f1d138db943d8ff0fd6e4c54d81e56b5b73a231a4e91a4c171b32fd3e,754,0.640047853833086,0.17980113726345048,1.0184751394333658,0.21289549940371555,0.06896551724137931
0208,discard,"Ordered daily-path neural representation: preserve original nine-feature monthly ridge, but feed neural member the latest20 ordered one-session log returns normalized by current20 volatility, plus63 momentum, price/SMA200, SMA50/SMA200 and volatility. Noisy-input eight-unit model, train-only early stopping, equal blend and gate unchanged. Hypothesis learned short path motifs contain information lost by aggregate indicators.",36209048a604cfb76ecaa6dfb1a3385e32654ff45e3591a79931fd5050b99e54,754,0.5900663800903849,0.1676602724027123,0.9686537408274575,0.21289549940371522,0.0610079575596817
0209,discard,"Ordered weekly-block neural representation: neural member receives12 disjoint five-session normalized log-return blocks covering latest60 sessions, ordered oldest to newest, plus four slow trend/volatility features; original ridge and gate unchanged. Fixed monthly target and equal blend. Hypothesis aggregating within weeks suppresses daily noise while retaining the order of medium-term gains and losses.",728e8ad022a531d100e897137ccc3d54b80b8f98db5d4e3484ab80179bcb31ea,754,0.5053594483618553,0.14649052253295491,0.8624066820989729,0.21289549940371588,0.058355437665782495
0210,discard,Multiscale return-acceleration neural representation: append Haar-style differences between recent and preceding half-window log returns at2/4/8/16/32/64/128 sessions to the original nine neural inputs; scale by current volatility times square-root horizon. Keep ridge inputs unchanged. Hypothesis nonlinear combinations of accelerating and decelerating trends at distinct scales complement simple cumulative momentum.,bd497bf14b895e1a883ec5e9f7b5545300c77db46667186f76a5d13636730ceb,754,0.7155538736456453,0.19768342969586183,1.107581596702398,0.21329247416664232,0.05305039787798409
0211,discard,"Residual linear model tree: fit monthly global ridge then split its training residuals using largest squared-error mean reduction over feature terciles, depth2/minleaf200. Each leaf fits a ridge residual model, prediction shrunk by n/(n+500) toward global ridge. Preserve purged training ridge selection and original shock gate. Hypothesis local slopes capture regime-specific responses that constant regression trees miss.",65381f18c6a03ccedb0c4a0c42f56511698b955696e769b4dca3f0984c4653e2,754,0.47951993995781517,0.13987533716104572,0.85722730241188,0.20109786147239295,0.06896551724137931
0212,discard,"Residual linear model forest: average eight depth2/minleaf200 model trees, each considering four randomly sampled features per split with a fixed seed; leaf ridge residual correction shrunk by n/(n+500). Global monthly ridge and shock gate unchanged, ridge selected only on purged later training data. Hypothesis averaging alternative regime partitions reduces instability of local linear forecasts.",e5f53d4b575710076726f5aa0046d71f6d5c8c4e571ccea3e60fce008fa8fc54,754,0.471945982402703,0.1379217617920121,0.8358448521645401,0.21289549940371655,0.05305039787798409
0213,discard,"Full-target local linear tree with pooling: partition by global-ridge residual mean separation, but fit full monthly return models inside depth2/minleaf200 leaves and interpolate local/global predictions using n/(n+500). Original train-only ridge choice and risk gate. Hypothesis jointly changing local intercept and slopes handles regime variation better than an additive residual model.",e68a7ceb812f21bf707e7eb002485ed6a3bbe5fd47fe74c5327059788fa7aa3a,754,0.44487398717807225,0.1308837792194455,0.8086021637303017,0.21289549940371533,0.06631299734748011
0214,discard,"Training-covariance whitening for neural inputs: whiten the nine standardized/clipped neural features using fitting-only covariance shrunk10 percent toward identity and its Cholesky factor, then clip whitened coordinates. Preserve noisy training, ridge inputs, equal blend, gate and purged checkpoint selection. Hypothesis decorrelating redundant trend features improves nonlinear optimization and makes isotropic input noise more meaningful.",b6c8aef7c3d22eabf9ee0af9ed784b7ce6af031c8c8ac6884a99a14f4dbaa594,754,0.5358139728452989,0.1541908501666085,0.9016142101332605,0.21289549940371555,0.04509283819628647
0215,keep,"Feature dropout neural regularization: replace additive Gaussian input noise with independent10-percent inverted feature masking during neural training, clean inference and unchanged minibatch RNG; original ridge, equal blend and gate retained. Hypothesis preventing dependence on any one indicator produces a more stable nonlinear complement under changing market states.",6ae7aa180ed707e3a20be8862529c42895bcf62cb63cda85b349f098524e73f4,754,0.8097729659045891,0.2192772854581111,1.2102117319231382,0.21289549940371577,0.058355437665782495
0216,discard,"Hidden-unit dropout neural regularization: retain original Gaussian input perturbation and independently mask10 percent of hidden activations using inverted scaling with matching backprop derivatives; clean inference, original ridge and gate. Hypothesis discouraging hidden-unit coadaptation regularizes nonlinear interactions without changing available indicators or searching validation-tuned penalties.",bb34d5e96d665e72885c262e3b439b79d9d934c761e3c4ad11ce4a3e8d953712,754,0.7271941891842522,0.20039332963788592,1.1174877533693077,0.21289549940371555,0.05305039787798409
0217,discard,"Group-wise feature dropout: jointly mask four predeclared neural feature groups (short reversal, slow trend, volatility, drawdown) with10-percent probability and inverted scaling instead of independently masking individual coordinates. Keep original ridge, equal blend, gate and purged checkpoint selection. Hypothesis preserving relationships within correlated indicators while withholding entire information groups improves robustness.",77548d5d7d0ed1b73640c7f839b8f6bd555f67cb279fa8c1bd0b5f714905102c,754,0.7075078320259498,0.19580312407567546,1.0935823685830937,0.21329247416664332,0.04774535809018567
0218,discard,"Analytical dropout regularization for ridge member: add diagonal covariance penalty p/(1-p) times standardized feature second moment, p=.1, to the ridge normal equations. Keep neural feature dropout, equal forecast blend and gate; base ridge penalty still selected only on purged training data. Hypothesis extending missing-feature robustness to the linear member improves the combined forecast.",011dbfd490ee30f678150da0c59f73cc55dbed274ee5da9e20c056190548eae2,754,0.7225688098020862,0.19931798784170973,1.1121475374262473,0.21329247416664288,0.050397877984084884
0219,discard,"Exhaustive leave-one-feature-out neural ensemble: train nine fixed eight-hidden-unit networks, each with one of the nine indicators permanently masked during fitting and inference; equal-average every member, no random subset or seed selection. Select shared checkpoint by purged training ensemble MSE, full refit, equal blend with unchanged ridge/gate. Hypothesis explicit feature-subset averaging tests whether stochastic input dropout gains survive deterministic model averaging.",43b028fdae943d39118386ce065b0243bc8f4dc02ddc744a234c893ef1758070,754,0.8054314316277886,0.21829892709660137,1.2059485591800507,0.21289549940371588,0.0610079575596817
0220,discard,"Softsign neural interactions: replace tanh hidden activation and derivative with softsign x/(1+abs(x)), keeping input dropout, initialization, training schedule, purged checkpoint choice, equal ridge blend and shock gate. Hypothesis polynomial rather than exponential saturation retains sensitivity to unusually strong standardized signals without unbounded activations.",3cf130bf4032550dfb7bfb1b23e84bd33c1f356d5346510778b6c0af171318f3,754,0.7285401121697357,0.20070587940908902,1.119953241341101,0.21329247416664232,0.05305039787798409
0221,discard,"Closed-form neural readout refinement: after each200/600/1200 neural checkpoint, fit a penalty0.1 ridge readout on its eight clean hidden activations and monthly training labels; choose checkpoint by purged training MSE, full refit. Preserve feature-dropout hidden training and equal original-ridge blend/gate. Hypothesis solving the final layer directly reduces optimization error left by stochastic gradient training.",0534d0d60e12519326b29b248e915994fdbc21c9b5bb234ee6e40db604106382,754,0.6282415368072938,0.176955761704503,1.0184001814340409,0.2128954994037161,0.05305039787798409
0222,discard,"Joint hidden/raw closed-form readout: after dropout neural training, fit a penalty0.1 ridge on the concatenation of eight learned hidden activations and nine standardized original inputs. Purged train-only checkpoint choice, original ridge member/equal blend/gate unchanged. Hypothesis a jointly fitted linear path plus learned interactions improves calibration relative to freezing separate linear and neural readouts.",507a61600167ceb960cceab6aacbe4d7f05c832a87becac8687106f5c61e476a,754,0.5693433641607362,0.16255196277277228,0.947736422939182,0.21289549940371555,0.05570291777188329
0223,discard,"Gaussian variance-change scan gate: for trailing60 log returns, maximize zero-mean variance-segmentation likelihood ratio across candidate recent block lengths5/10/20/30, retaining only increases in recent energy. Use square-root statistic with training95/70 quantiles and original price-break/recovery conditions; dropout ensemble unchanged. Hypothesis scanning possible onset ages detects persistent volatility transitions missed by one fixed ratio. Statistic derived from Gaussian log likelihood; no external data.",3d8af0f1730fbacbf45c6b148827e3ddfc79509971f443a02a249b78299d13d4,754,0.5620146877498264,0.16073466744745502,0.9018423333566833,0.26727798536283565,0.04509283819628647
0224,discard,"Downward joint mean/variance change gate: maximize Gaussian two-segment versus pooled log-likelihood ratio over trailing60 returns and recent lengths5/10/20/30, retaining negative recent means. Use square-root score with original training quantile calibration and price confirmation. Hypothesis identifying a downward distribution shift captures sustained risk even when close-volatility ratios are moderate. Analytical Gaussian likelihood construction, training-only thresholds.",e74e0733b180f8c9f0f475856064b8382d77f63d6e766773c2b2cf2cf169abb6,754,0.6814323185599269,0.18966861161056903,1.0483848319924982,0.2672779853628353,0.04509283819628647
0225,discard,"Distribution-change forecast representation: add one-sided variance-change likelihood score, negative-mean joint-change score and largest absolute signed two-sample mean-shift statistic from trailing60 log returns to both dropout-neural and ridge forecasts. Keep original volatility gate and fixed equal blend. Hypothesis providing graded evidence of distribution shifts lets training learn when changes imply reversal versus continuation; all scans use past history only.",c0d179c8a0adc776f821359ab7874ea290f81f55982bd046d5a0a5b2eb4f087c,754,0.6108168120558883,0.1727311182356439,0.9785072747449055,0.21289549940371566,0.04509283819628647
0226,discard,"Regime-balanced neural training: form four training-only groups by price above/below SMA200 and volatility above/below fitting-sample median, then sample groups uniformly and observations uniformly within group. Keep feature dropout, monthly target, purged MSE checkpoint choice and original ridge/gate. Hypothesis giving rarer weak-trend regimes equal learning weight improves nonlinear decisions beyond predominantly rising-market training examples.",7fc78c13e985409fc8c86bdd849585fe99a46a62d59f33ffd04c93fbe36a14d3,754,0.36854727311702096,0.11055586960838504,0.695136821800084,0.21289549940371588,0.06896551724137931
0227,discard,"Chronologically stratified neural minibatches: split fitting rows into eight contiguous equal blocks and draw four observations per block for every32-example update. All blocks and rows remain within fitting prefix; original monthly labels, feature dropout, ridge blend and gate unchanged. Hypothesis each update seeing diverse training eras reduces gradient imbalance without changing the expected empirical loss.",aa2741a91082c032852cf6f89919e5e3e7b5790faa0d0c1aa69ce9608d9ae1c4,754,0.6287093990826158,0.17706877954275213,1.0177409894893503,0.21289549940371566,0.05570291777188329
0228,discard,"Loss-adaptive chronological neural sampling: split fitting rows into four contiguous blocks and sample blocks proportional to exponentially tracked standardized squared-error loss, clipped0.25..4, with within-block uniform sampling. Loss tracking uses only sampled training errors and starts equally. Preserve feature dropout, purged checkpoint choice and ridge/gate. Hypothesis spending more updates on persistently poorly fitted training regimes improves robustness to heterogeneous dynamics.",abe35a863c7b551a476a8c2a8d304cbe8c06bdf7cf2cccedff43fb116f9f3160,754,0.7075834899123461,0.19582083225751634,1.0951662608956307,0.21329247416664265,0.04774535809018567
0229,discard,"Causal singular-spectrum trend timing: form a lagged log-price trajectory matrix from latest64 closes, reconstruct rank2 signal by diagonal averaging, extrapolate one point using recurrent SSA coefficients and trade the reconstructed endpoint slope with fixed normalized hysteresis. Hypothesis low-rank trend/cycle extraction identifies persistent direction without selecting calendar regimes. Method source Golyandina/Korobeynikov, submitted2012-06-28, https://arxiv.org/abs/1206.6910 ; fixed rolling64 observations, lag16/rank2,40-step orthogonalized power approximation. Reconstruction is redone using past observations only.",648285a21181d987f3f5fac80b133a878a5278a2d4300c888ea82060470938c4,754,0.07165244052532782,0.02339798769755652,0.23322874712651698,0.2091639046707121,0.09283819628647215
0230,discard,"Causal singular-spectrum trend with shock gate: fixed rank2 recurrent SSA endpoint direction combined with original training-calibrated volatility-break gate. Hypothesis latent trend extrapolation and abrupt-risk detection cover different failure modes. Method source Golyandina/Korobeynikov, submitted2012-06-28, https://arxiv.org/abs/1206.6910 ; fixed rolling64 observations, lag16/rank2,40-step orthogonalized power approximation. Reconstruction is redone using past observations only.",a65a4b688604807807b20536a3793282b3972c9af8ebb33f99c71529a40713bb,754,0.16705890314271965,0.05298838404950068,0.449497073574435,0.16457898411000027,0.09283819628647215
0231,discard,"Singular-spectrum features for dropout ensemble: add reconstructed next-step slope, next forecast minus current observed log-price and explained trajectory energy fraction to both monthly ridge/neural inputs. Keep equal blend, purged training fitting and original gate. Hypothesis learned models can distinguish smooth latent continuation from endpoint noise using these features. Method source Golyandina/Korobeynikov, submitted2012-06-28, https://arxiv.org/abs/1206.6910 ; fixed rolling64 observations, lag16/rank2,40-step orthogonalized power approximation. Reconstruction is redone using past observations only.",ecc7eb3966643790391283a28d283d9029d303c8127920b00812c6d5db273148,754,0.6945185517884158,0.19275512861281952,1.0839627294806098,0.21329247416664288,0.04774535809018567
0232,discard,"Combine stochastic and exhaustive feature robustness: retain original ridge at50-percent forecast weight and split remaining50 percent equally between feature-dropout neural model and equal-averaged nine leave-one-feature-out neural models. Each neural branch chooses checkpoints on purged training MSE independently; weights fixed, gate unchanged. Hypothesis complementary regularization methods reduce branch-specific prediction errors.",b4f07d31f52552b244298f18eba42d770383ae31fd9d4865b3d3f64962bf910f,754,0.805483087461563,0.21831057686514987,1.2056780090760535,0.21289549940371544,0.058355437665782495
0233,discard,"Median aggregation of leave-one-feature-out experts: keep all nine deterministic masked-feature neural models and use their median prediction instead of mean, including during purged training checkpoint selection. Equal blend with unchanged original ridge and gate. Hypothesis an extreme forecast caused by removal of one important indicator should not dominate the ensemble.",85b87eee8d32f60ec5e3d71536d99ac07c752e401d0536403441c3f7c524475d,754,0.8043589045686261,0.21805699347881546,1.2049706857827012,0.212895499403715,0.0610079575596817
0234,crash,"Conditional-quantile neural expectation: train five shared-hidden monthly log-return quantile heads at probabilities0.1/0.3/0.5/0.7/0.9 using pinball loss and input dropout; average their daily-unit quantile predictions as a midpoint approximation to conditional mean. Purged training-MSE checkpoint selection, equal original-ridge blend and gate unchanged. Hypothesis learning return distribution shape reduces sensitivity to extreme labels compared with squared-error mean fitting.",e320f1baa6a75abc1e9600370aaadb0c7d19a52115260dd0c6bdb942d7d2aa7d,,,,,,
0235,discard,"Conditional-quantile neural expectation: train five shared-hidden monthly log-return quantile heads at probabilities0.1/0.3/0.5/0.7/0.9 using pinball loss and input dropout; average their daily-unit quantile predictions as a midpoint approximation to conditional mean. Purged training-MSE checkpoint selection, equal original-ridge blend and gate unchanged. Hypothesis learning return distribution shape reduces sensitivity to extreme labels compared with squared-error mean fitting. Correct the five-head bias-gradient buffer dimension; previous attempt crashed before evaluation. Small in-memory shape check verifies all five heads execute.",e75523957854dbd9d78974527ce259fd5c4730ff683cb676f84d848607ac6b3b,754,0.6811172743628024,0.18959410850395741,1.0607821026328812,0.21329247416664276,0.034482758620689655
0236,discard,"Return-priority risk-gate ablation: use the feature-dropout ridge/neural forecast and its original position hysteresis directly, without the external volatility gate. Frozen max-drawdown constraint remains50 percent in evaluator. Hypothesis the stronger learned forecaster may avoid sufficient losses by itself while the gate suppresses profitable high-volatility exposure; no model or protocol changes.",f3287fc11af0f08f122df9382b33230163ae3c9476c62431091fa2319e09051e,754,0.3729139551571947,0.11173891293361593,0.6266711594645914,0.3223653655578401,0.03978779840848806
0237,discard,"Partial exposure during volatility alarms: preserve dropout ensemble decisions and original risk-state transitions but retain half of the forecast-requested index position while the shock gate is off. Fully exposed when gate on, never leveraged. Hypothesis accepting more risk within the fixed50-percent drawdown cap can preserve rebound participation rather than forcing all alarm periods to cash; one predetermined midpoint exposure, not a validation grid.",e08d5e1f41548b85cef883e4008cf09470fb98a1d8cc37be4895d72f50301eb6,754,0.5817049309079294,0.1656045058212856,0.9274126032260438,0.24047248243299735,0.04934980857776862
0238,discard,"Continuous variance-scaled alarm exposure: preserve dropout forecast and risk-state transitions; when gate is off, multiply requested exposure by min(1,(training recovery ratio/current short-long volatility ratio)^2), restoring full exposure when gate turns on. Hypothesis proportional risk reduction uses magnitude of the alarm and retains some positive-forecast participation while respecting0..1 holdings.",d33addeac5738a1ba5d0a0c30abb5f6b4ff997db9349711fc1282a3680908714,754,0.759420582663773,0.20783285442249766,1.1414321015337727,0.2353755160408172,0.05590573073291109
0239,discard,"Era-demeaned neural training labels: within each fitting call, split monthly labels into four contiguous blocks, subtract each block mean and restore the overall fitting mean before neural optimization. Evaluation/early stopping still compares predictions with untouched later-training labels. Original ridge and gate unchanged. Hypothesis suppressing era-specific return-level shifts encourages reusable within-era nonlinear patterns instead of incidental era correlations.",c8f12299571af9a9c71edc4484a62fea023c42c4acea6ea992b251316692bc8e,754,0.7691312909046517,0.21005678405959682,1.1679334928981895,0.21289549940371566,0.05570291777188329
0240,discard,"Within-era fixed-effects ridge slopes: estimate ridge covariance and cross-moments after demeaning standardized features and monthly targets inside four fitting-only chronological blocks; deploy slopes around full-fitting feature means and global target mean. Neural dropout branch keeps original labels/normalization, equal blend and gate. Hypothesis separating era intercept shifts from predictive slopes improves transfer of the linear member.",152a33f6d6fcc0361f9722be645f2baf1b5182ae1e8c3470abae52395d2ee739,754,0.7696466452239905,0.2101745822698915,1.1693367171875113,0.21289549940371522,0.058355437665782495
0241,discard,Combined era-adjusted forecasting: fit ridge slopes from within-era centered feature/target moments and train dropout neural model on block-demeaned monthly labels with global mean restored. Each fitting call derives its own four blocks entirely inside its training prefix; preserve purged original-target checkpoint evaluation and gate. Hypothesis removing nuisance era levels in both branches improves stable conditional-return estimation.,bdcb098f772ad4f02a7dc1b79306cf4cb2ddce4bd77715f6c89900ded3211e35,754,0.763883527286124,0.20885596247118587,1.1667609837365502,0.21289549940371577,0.0636604774535809
0242,discard,"Depth-two symmetric gradient boosting: fit monthly mean-log labels with up to120 additive depth2 trees, choosing global symmetric splits from fitting-only feature quartiles, minleaf40, leaf shrinkage50 and learning rate.05. Choose20/60/120 trees by purged training MSE; original shock gate. Hypothesis learned two-feature interactions overcome the limited expressiveness of earlier boosted stumps.",e3645c84d00d5d5a225d388969f317ae5bf1d5d008c72b48384fae93c46f7531,754,0.5628803064273582,0.1609496105709105,0.9146181756139186,0.21329247416664254,0.021220159151193633
0243,discard,"Ridge and depth-two boosted-tree forecast blend: equal-average independently training-selected monthly ridge and symmetric depth2 boosting predictions, preserving original hysteresis and gate. Boosted trees use fixed minleaf40/shrinkage50/rate.05 and purged train checkpoint selection. Hypothesis local threshold interactions provide a complementary predictor to global linear slopes.",5657f32acbb1804f28213d5c423c8fd4a481fa106f23378ba6fb595566bc35aa,754,0.5866932541788468,0.16683181545713066,0.9468741406467,0.21329247416664254,0.023872679045092837
0244,discard,"Robust depth-two boosting ensemble: clip boosting pseudo-residuals at1.345 times fitting-target standard deviation, with otherwise identical symmetric-tree construction, purged training checkpoint selection and equal ridge blend. Hypothesis bounded residual influence prevents unusual training episodes from dominating interaction splits.",36121a4ed4e360d3fb6829dd3e0f964eca85109a8d5fc8a4605890ea6ec21a4f,754,0.5628803064273582,0.1609496105709105,0.9146181756139186,0.21329247416664254,0.021220159151193633
0245,discard,"Volatility-unit neural targets: divide each monthly mean-log training target by its observation's trailing20 close volatility, fit the dropout neural predictor in those units, and multiply its forecast by the current observable volatility at inference. Select checkpoints against original-unit labels on purged later training data. Original ridge and shock gate unchanged. Hypothesis predicting standardized reward separates direction from changing return scale.",1dd590ce1df97cd3c2da1cf4c2acc0c31530a7eed3721def0f54f40ad92caa65,754,0.6980907858925396,0.19359491638324133,1.0811473256130681,0.21329247416664254,0.042440318302387266
0246,discard,"Heteroskedastic neural loss weighting: retain original return units but weight neural squared errors inversely to current trailing20 volatility squared, relative to fitting-sample median and clipped0.25..4 then mean-normalized. Keep dropout, purged unweighted MSE checkpoint choice, ridge blend and gate. Hypothesis bounded variance weighting prevents noisy observations from dominating conditional-mean estimation without altering prediction units.",f23c4707136a600e7476bed277a94d31ca3ffa39229a625c3ff6b69c9418fb10,754,0.8019076866102435,0.21750370412623576,1.1998850018617178,0.21329247416664243,0.05570291777188329
0247,discard,"Global training mixup with feature dropout: convexly combine pairs of standardized training examples and their monthly targets using Beta(.2,.2) coefficients, then apply original input dropout. Independent augmentation RNG preserves primary minibatch selection; clean inference, purged checkpoint choice and ridge/gate unchanged. Hypothesis enforcing smoother behavior between training states improves generalization. Source Zhang et al., submitted2017-10-25, https://arxiv.org/abs/1710.09412 .",1b7748c997658f540452d710164f03f70d484434ffc7694ce30d1dd33cd4eb1b,754,0.7392108711171439,0.20317812337549834,1.1357946367726466,0.21289549940371633,0.0610079575596817
0248,discard,"Time-local training mixup: constrain each paired example to within20 training rows of the original before convex feature/label interpolation, retaining Beta(.2,.2), dropout and other original settings. Hypothesis local interpolation avoids unrealistic mixtures of distant market regimes while smoothing overlapping monthly targets. Adaptation of Zhang et al., submitted2017-10-25, https://arxiv.org/abs/1710.09412 ; pairs never cross the fitting-prefix boundary.",b89c708559b0b5fdf1ee553c5602c65182510953654d6445b3050be2771f7dd4,754,0.5628803064273582,0.1609496105709105,0.9146181756139186,0.21329247416664254,0.021220159151193633
0249,discard,"Adversarial feature smoothing during neural training: after dropout, perturb each active standardized feature by0.05 along the sign of its current squared-error gradient, then train on the perturbed input; masked features remain zero, inference remains clean. Original ridge/gate and purged checkpoint selection. Hypothesis reducing sensitivity to worst-direction small indicator errors improves stability. Method inspiration Goodfellow et al., submitted2014-12-20, https://arxiv.org/abs/1412.6572 ; regression adaptation.",062581e4e67dfe615cf7895a8c9f20146e107ff1f10caf42e39aea2c7604efdc,754,0.6811172743628024,0.18959410850395741,1.0607821026328812,0.21329247416664276,0.034482758620689655
0250,discard,"Bipower shock gate: use square-root adjacent absolute-return products for short/long volatility ratio with unchanged train95/70 calibration and price confirmations. Hypothesis persistence-sensitive volatility separates repeated stress from isolated moves. Ridge/dropout forecast unchanged. Source Barndorff-Nielsen and Shephard (2004), https://shephard.scholars.harvard.edu/publications/power-and-bipower-variation-stochastic-volatility-and-jumps ; daily-frequency heuristic, not an intraday jump estimator.",740dead72bd79ca15777ccf0250f26f88ac2964a72bea83d0e8762c80e697bc0,754,0.7238455069542473,0.19961499555777684,1.112281768437967,0.25851222163818177,0.05305039787798409
0251,discard,"Bipower state features: append nonnegative variance-minus-bipower shares over20/60 daily returns and short/long bipower ratio to both predictors. Hypothesis distinguishing isolated moves from persistent variation adds predictive state information. Original gate and training-only tuning retained. Source Barndorff-Nielsen and Shephard (2004), https://shephard.scholars.harvard.edu/publications/power-and-bipower-variation-stochastic-volatility-and-jumps ; daily-frequency heuristic, not an intraday jump estimator.",bc7969a60484314d2c7c1e5348de2d62142ca61ffc3f0811a3f49870580d2160,754,0.6517219826569693,0.18260127703561713,1.0421157865341357,0.21289549940371544,0.06896551724137931
0252,discard,"Bipower feature normalization: scale existing momentum/trend features with adjacent-product volatility instead of standard deviation, preserving all other modeling and gate choices. Hypothesis isolated extreme returns distort ordinary volatility normalization. Source Barndorff-Nielsen and Shephard (2004), https://shephard.scholars.harvard.edu/publications/power-and-bipower-variation-stochastic-volatility-and-jumps ; daily-frequency heuristic, not an intraday jump estimator.",cafff3d8ad60878c83340f2f7fd6ddcdf04e4e79d40d30b880ae6d6f8635855b,754,0.7708407418112151,0.2104474376960097,1.172840184801474,0.212895499403716,0.058355437665782495
0253,discard,Moving-block bootstrap neural ensemble: fit five dropout networks to fixed-seed resamples of contiguous20-observation training blocks and average their forecasts. Choose training duration on the original purged training suffix before resampling; retain original ridge/gate. Hypothesis preserving overlapping-label dependence while resampling whole episodes reduces nonlinear estimator variance. Own adaptation; no validation fitting or seed selection.,074b14c211d72478504bf83609b16808ba7220a81190c53e426bcea432b94fbd,754,0.7087935204968123,0.19610397621060227,1.095332067608192,0.21289549940371544,0.05305039787798409
0254,discard,"Empirical Gaussian-rank neural targets: map monthly training returns to normal quantiles, fit the dropout network, then invert predictions through training empirical quantiles. Checkpoint selection still uses original-unit errors on the purged later training suffix. Original ridge/gate. Hypothesis rank estimation is less dominated by extreme target magnitudes; inverse mapping is a robust location heuristic rather than guaranteed conditional mean.",1e06d9af8c5ebd910f6c9caa82182acc6bc9def6ae3b2d04aee2bf21a12e75e3,754,0.5894324050680118,0.167504654254385,0.9470440217183339,0.213292474166642,0.023872679045092837
0255,discard,"Hidden-direction decorrelation: add squared pairwise inner-product penalty on nonbias neural hidden weights, coefficient0.001 in the gradient, alongside original dropout and weight decay. Original ridge, clean inference, purged checkpoint choice and shock gate retained. Hypothesis discouraging redundant hidden projections preserves complementary nonlinear representations when indicators are correlated. Own regularization hypothesis.",f095ef2355a9123aa9dac4b4a7cc28809145e0a0e7d49500b8a243701a830169,754,0.8097729659045891,0.2192772854581111,1.2102117319231382,0.21289549940371577,0.058355437665782495
0256,discard,"Multiscale variance-ratio features: append log variance ratios for2/5/20-session overlapping returns against126-session daily variance to both ridge and dropout neural predictors. Hypothesis return dependence across horizons distinguishes persistent from reversing paths. Original training-only fits and gate unchanged. Inspired by Lo and MacKinlay (1988), https://web.mit.edu/~alo/www/Papers/lo-mackinlay-88.html ; descriptive rolling ratios, not significance tests.",8cda6ab64d9a2333776816ff5826ff3eee71d69c3579f7fd54bf69bcee7b0c6d,754,0.37133309245156987,0.11131090740223293,0.7004519689802633,0.21289549940371633,0.050397877984084884
0257,discard,"Dependence-conditioned momentum: augment variance-ratio features with products of each log ratio and its corresponding short/monthly normalized return feature. Hypothesis explicitly conditioning momentum on serial dependence lets a shallow model express trend-versus-reversal regimes. Original ensemble/gate and purged fitting. Inspired by Lo and MacKinlay (1988), https://web.mit.edu/~alo/www/Papers/lo-mackinlay-88.html ; descriptive rolling ratios, not significance tests.",16bfd3cbcbdc318c66e0188272b53bce0f9340483c625b84c40a8f3b7b648e7a,754,0.42189490249904593,0.12484062693160314,0.7726491233999626,0.21289549940371544,0.0610079575596817
0258,discard,"Variance-ratio regime rule: when rolling5-session variance ratio exceeds unity, follow21-session momentum; otherwise trade against5-session momentum. Use dimensionless0.1 hysteresis and original training-calibrated shock gate. Hypothesis adapting direction to observed persistence works without a fitted return predictor. Inspired by Lo and MacKinlay (1988), https://web.mit.edu/~alo/www/Papers/lo-mackinlay-88.html ; descriptive rolling ratios, not significance tests.",47294c463c539fa6219f09fbfa11842f6823323b8cb076fc398561086d9e4a7b,754,0.3904971114869169,0.11647743713194103,0.907368016505824,0.20758162134626357,0.15915119363395225
0259,discard,"Execution-aware neural early stopping: select200/600/1200 training steps by simulated net log growth of the ridge-plus-dropout ensemble on the later30-percent training suffix. Fit the companion ridge and shock thresholds strictly on earlier training rows; retain21-row purge, next-open labels, drifted turnover costs and terminal liquidation. Full refit after choosing duration. Hypothesis prediction MSE can select a checkpoint with inferior trading decisions; no validation fitting.",07231ede0abc81251669c3999310992ad8b92df4d31f3138ba9b36be5e2d8a11,754,0.5715653227618356,0.16310182637784498,0.9519629824030693,0.21289549940371622,0.04774535809018567
0260,discard,"Expanding-fold execution-aware early stopping: select neural duration by summed ensemble net log growth on three chronological20-percent training windows following40/60/80-percent prefixes. Refit ridge, dropout neural snapshots and shock calibration on each purged prefix; charge costs and liquidation separately per fold. Refit selected duration on all training data. Hypothesis averaging sequential trading outcomes is a more stable early-stopping criterion than a single MSE suffix.",17a98b688d0f1eadefad191d2f521ec63390b624486ca2c7800772e732af3757,754,0.5715653227618356,0.16310182637784498,0.9519629824030693,0.21289549940371622,0.04774535809018567
0261,discard,"Adam neural optimization: replace plain stochastic gradient updates with bias-corrected first/second gradient moments, default learning rate0.001 and beta0.9/0.999. Retain coupled weight penalty, dropout, initialization, minibatches, purged MSE checkpoint selection and ridge/gate. Hypothesis adaptive scaling fits nonlinear indicators more effectively under the fixed training budget. Kingma and Ba, submitted2014-12-22, https://arxiv.org/abs/1412.6980 .",d3fa6b9dd4c6ddb84db7ed01c609a98b2252e561f61c51e8f1c4165678d7d5c3,754,0.6900149609298616,0.19169470906899355,1.0722500804394277,0.2132924741666431,0.03978779840848806
0262,discard,Smoothed-gradient neural optimization: use bias-corrected exponential gradient averaging with0.9 memory while retaining original decaying learning rate and penalties. All other dropout ensemble choices unchanged. Hypothesis reducing minibatch gradient noise improves convergence without coordinate-wise adaptive scaling. Own optimizer comparison; training-only checkpoint selection.,a6b460a8ceeb9ce2f1e02ff1b1e95877abcde624ef101488e64d1096341f7c29,754,0.6843825238388306,0.1903658391804759,1.0667215780860055,0.2132924741666422,0.03978779840848806
0263,discard,"Dropout-distribution inference: average64 fixed-seed feature-masked neural predictions per observation, with the same10-percent inverted masking used in training. Use this averaged prediction both for purged training checkpoint selection and deployment; keep ridge/gate unchanged. Hypothesis integrating nonlinear masked predictions better matches the training objective than feeding only mean inputs. Reuse identical masks for every observation; no seed search.",9bcb833b8c74bb9dd674ab2a776ad7871b524eebfebc360f0f2862c72caaa5e2,754,0.7412953479708098,0.20365988340508112,1.133463143545422,0.21329247416664265,0.05305039787798409
0264,discard,"First-passage neural labels: replace fixed monthly targets by average forward log return up to the first cumulative move of either sign reaching twice current daily volatility, capped at20 sessions. Use only training forward returns and purge21 rows before checkpoint evaluation. Original ridge and daily reallocation/gate remain. Hypothesis early directional resolution is more predictable than a fixed calendar endpoint. Own event-label adaptation; barriers define training labels, not hindsight execution.",75bacb0879025bb2bd320b344223d4ae990cfd694255792bf7d4f24d763c285a,754,0.3560546532370368,0.10715736586120572,0.7407470444683542,0.1854509350052025,0.07161803713527852
0265,discard,"Variance-clock neural labels: accumulate training forward squared log returns until reaching20 times current observable daily variance, capped at60 sessions, and predict average log return over that interval. Purge61 rows for all checkpoint fitting; original ridge and actual daily execution unchanged. Hypothesis a comparable amount of market variation defines more stable prediction targets across quiet and active states. Own event-time labeling hypothesis; future observations are confined to training labels.",36aa6b815944e3dc2a317dbb75dfd4e7b88801720104f9f81c7a1cb3c1eb0c6a,754,0.37745199885011926,0.1129657308110612,0.7224187246941204,0.20109786147239261,0.034482758620689655
0266,discard,"Robust trend replacement: substitute normalized median pairwise log-price slopes for the5/21/63-session endpoint momentum inputs, keeping all other ridge/dropout features and gate unchanged. Hypothesis using the full path reduces sensitivity to arbitrary endpoints and isolated moves. Training-only fitting retained. Trend estimator: Sen (December1968), https://doi.org/10.1080/01621459.1968.10480934 .",a9802c2064a80996463efe2221ba90485f4c0c548b9c6de3e0ee349d95fb8b25,754,0.7784616539306908,0.21218596469650808,1.178415266892845,0.21289549940371533,0.0610079575596817
0267,discard,"Robust trend geometry features: append21/63-session median pairwise slopes, deviations from the fitted endpoint and pairwise directional concordance. Hypothesis trend strength, overshoot and consistency jointly distinguish continuation from reversal. Original ensemble and shock gate retained. Trend estimator: Sen (December1968), https://doi.org/10.1080/01621459.1968.10480934 .",ee1b8006d9d7b331d984d215e622108eb339b30c34283e9c98dad2edb27c017d,754,0.6892439706969198,0.19151298246974413,1.0845096390756113,0.21289549940371577,0.06896551724137931
0268,discard,"Standalone robust monthly trend: invest when the normalized21-session median pairwise log-price slope exceeds0.05, exit below-0.05, otherwise retain position; multiply by the original training-calibrated shock gate. Hypothesis a robust path trend can provide a simpler directional rule than supervised forecasts. Trend estimator: Sen (December1968), https://doi.org/10.1080/01621459.1968.10480934 .",aaf7b7709c558c2c7926db27d70d7f9931d3443a6aec12ba84a589dedd1569cf,754,0.13014960251373586,0.04173908857851849,0.3808070184585832,0.20351868259627004,0.03978779840848806
0269,discard,"Representation ablation, robust neural only: give the dropout network median-pairwise5/21/63-session log-price slopes while preserving the original ridge endpoint-momentum representation. Keep equal forecast blend, purged training fits and gate. Hypothesis robustness helps nonlinear estimation while the linear predictor benefits from endpoint sensitivity; isolates the two components of the prior joint replacement. Sen (December1968), https://doi.org/10.1080/01621459.1968.10480934 .",c2b9a214ba01ea51c8a089748bdab43e38c509396996c98e0bb3058b3e948599,754,0.7654644101883159,0.2092179586793257,1.164654959422578,0.21289549940371577,0.0610079575596817
0270,discard,"Representation ablation, robust ridge only: give ridge the median-pairwise momentum slopes and leave dropout neural inputs unchanged. Retain equal blend, training-only checkpoint and ridge selection, and gate. Hypothesis a smooth robust linear forecast complements the nonlinear predictor's endpoint sensitivity; reciprocal component ablation rather than a blend-weight search. Sen (December1968), https://doi.org/10.1080/01621459.1968.10480934 .",821b66cfe4ee8fc398cff0a6866819b4189e71f1e09099664459f5402ef46525,754,0.7107935595837513,0.19657168753667453,1.098698159980461,0.21289549940371566,0.05305039787798409
0271,discard,"Neural additive predictor: allocate four trainable tanh units to each of the nine individual features and sum their outputs, with no cross-feature hidden connections. Preserve dropout, training-only early stopping, ridge forecast blend and shock gate. Hypothesis smooth nonlinear marginal effects generalize better than unrestricted indicator interactions. Own sparse-architecture comparison; fixed connectivity, no feature or seed search.",2cbacab9c6d0af2058ebdad58472585159e03f30d6f6300d798777282c1f9297,754,0.5370953863624368,0.15451261377418146,0.9082645180367651,0.21289549940371566,0.05570291777188329
0272,discard,"Grouped neural predictor: allocate four tanh units to each of short returns, slow trend, and volatility/drawdown groups; permit interactions within each group but not across groups. Keep original training targets, dropout, purged checkpoint selection, ridge blend and gate. Hypothesis an intermediate structural prior captures economically related interactions while limiting unrelated combinations. Own grouped-architecture hypothesis.",4700a20cf6f199363108e4c9e9a843185ace209c4031916354fb0669fda71f02,754,0.7255395885397653,0.20000887656422606,1.1206004699967038,0.21289549940371522,0.0636604774535809
0273,discard,"State-local neural experts: partition standardized training states into four deterministic farthest-initialized k-means clusters, fit a dropout network per cluster using the globally selected training duration, and shrink the nearest expert toward the global neural prediction by n/(n+500). Original ridge and gate retained. Hypothesis differing conditional return relations across recurring states justify local nonlinear models. All clustering and labels use training only; no random seed search.",c35269f0fb3a6aed2e605b2e8d3cf886068ae46999f6e23abf395a3393378a04,754,0.5127657331166602,0.1483726538600787,0.8816160424866453,0.21289549940371577,0.0610079575596817
0274,discard,"Smooth state-local neural experts: use the same four training-only k-means neural experts but average their shrunken corrections with Gaussian distance weights of bandwidth sqrt(feature_count). Original global model, ridge blend and gate unchanged. Hypothesis smooth transitions among recurring states reduce brittle nearest-cluster switches while preserving local information.",f7c65de80b8e08f473a7b94f1d14c635d892cee575146aca0e20109a96eeeaf7,754,0.6376530075255187,0.17922507375929708,1.032697920461121,0.21289549940371533,0.050397877984084884
0275,discard,"Residual two-layer neural predictor: augment the original8-unit tanh network with a4-unit tanh layer reading those hidden activations and a zero-initialized additive output head. Jointly train both paths with existing dropout/penalties and purged early stopping, preserving ridge and gate. Hypothesis compositions of learned market-state features capture effects inaccessible to a single shallow layer while retaining its direct path. Own architecture hypothesis.",2ce9fbbb8600088a4dfb7c7d73ffa59bc6545d97a971fb1b083f007c46b77e0e,754,0.7456730540309531,0.2046704013501648,1.1379560696903206,0.21289549940371555,0.05305039787798409
0276,discard,"Stacked two-layer neural predictor: use the same8-to4 tanh architecture but remove the direct first-layer output path, forcing predictions through the second-layer bottleneck. Retain original targets, dropout, training-only checkpoint choice, ridge blend and shock gate. Hypothesis a compact composed representation generalizes better than an unrestricted residual correction. Own structural ablation, no width or seed grid.",ce3826032f7b30f222f0d84756935695c88bf1bb5e1d1a449d94981f8c04633e,754,0.7121075407460804,0.1968787653528805,1.0989695302154054,0.21289549940371544,0.05305039787798409
0277,discard,"Fractional-memory features: append three normalized power-decay filters of trailing log returns corresponding to price differencing orders0.75/0.5/0.25, used jointly as a fixed basis. Weights use(j-d)/j recurrence and normalization by current volatility times weight norm. Hypothesis retaining smoothly decaying memory avoids abrupt lookback cutoffs. Original ensemble/gate. Inspiration: Granger and Joyeux (January1980), https://doi.org/10.1111/j.1467-9892.1980.tb00297.x ; finite causal filters only, no asserted stationarity.",7c674c7ba812a7fdfd2829112eedb2d9a8b3742dc337e2a3753a9175cbc06fd5,754,0.7013417429009003,0.1943581542351056,1.0896998984005513,0.21289549940371533,0.05570291777188329
0278,discard,"Fractional-memory momentum replacement: replace endpoint5/21/63-session inputs with the fixed short-to-long fractional filter basis, preserving other features and train-only fitting. Hypothesis a smooth memory profile is a better low-dimensional summary than endpoint returns. Inspiration: Granger and Joyeux (January1980), https://doi.org/10.1111/j.1467-9892.1980.tb00297.x ; finite causal filters only, no asserted stationarity.",3da8fff8407c4dcbf97d60b7546c6791d737972aa5ac7b9c757d94fdb3a2c7ee,754,0.7264088274490339,0.20021087828537754,1.1188352032440116,0.21289549940371555,0.0610079575596817
0279,discard,"Standalone fractional-memory trend: average the three volatility-normalized fractional signals, enter above0.1 and exit below-0.1, retaining position between thresholds and applying the original training-calibrated shock gate. Hypothesis multi-rate long memory yields a stable directional rule without supervised fitting. Inspiration: Granger and Joyeux (January1980), https://doi.org/10.1111/j.1467-9892.1980.tb00297.x ; finite causal filters only, no asserted stationarity.",30aedf4c7a92407dd3a9c763b07f40d0078364cdd812b0d533be69bbe9ec310c,754,0.004573943703101158,0.0015263703275045781,0.07696783714287432,0.26177197504009,0.17771883289124668
0280,discard,"Drawdown-energy shock gate: replace short/long return volatility ratio with the ratio of5/60-session root-mean-square pullbacks from each observation's trailing20-session price high. Preserve train95/70 calibration, price confirmations and original ridge/dropout forecasts. Hypothesis persistent downside path stress is more relevant to avoiding losses than volatility from upward moves. Own causal path-risk hypothesis.",13bab1cb7d62dcde8b0523263db7609454f60c4072433472fb8c0e46fceef70d,754,0.5308652667374669,0.15294654673667418,0.8855675401247387,0.2758153598784534,0.05570291777188329
0281,discard,"Duration-normalized drawdown gate: use log decline from the126-session high divided by trailing60 volatility times square root of sessions since that high. Preserve original train-quantile thresholds, exit confirmation, recovery logic and ensemble. Hypothesis unusually fast declines relative to their duration identify harmful states without treating all high-volatility moves alike. Own price-path hypothesis.",ca4b148f56bb75b2f04102addc9504d1ded06d8501f8b8acc197ad9efcb20aff,754,0.3417552538030544,0.10324166108359889,0.6705701813494586,0.33866450144134075,0.07161803713527852
0282,discard,"Drawdown geometry features: append trailing126-session maximum pullback, RMS pullback, age since high and fraction of observations more than one current daily-volatility unit underwater. Normalize magnitude features by current volatility and sqrt126. Original training-only ensemble and shock gate unchanged. Hypothesis depth, duration and persistence jointly describe market states beyond current distance to a recent high. Own feature hypothesis.",cdee230fafb522102e369db9278cd6b7df539bd07976f8b29fafc84b2d9c1874,754,0.6668319249931067,0.1862060301443884,1.0429590101761121,0.21289549940371544,0.05570291777188329
0283,discard,"Log-volatility representation: log-transform current20-session volatility and the5/20 volatility ratio in both predictors; keep all directional features, original gate and training-only model selection unchanged. Hypothesis compressing the positive risk scale represents proportional changes more consistently across volatility regimes. Own feature-coordinate hypothesis.",770856c2f144169502dd2bc2b5703f1f475e75b2ade3f752cd16ef9e486fb2e7,754,0.6390089730565918,0.17955131059479146,1.029430342706514,0.21289549940371577,0.05570291777188329
0284,discard,"Volatility term structure: append log20/60 and60/126 volatility ratios plus lag-one squared-return dependence to both predictors. Hypothesis short-lived shocks and persistent multi-horizon risk states have different conditional returns. Original training-only fit and gate retained. Horizon-component inspiration: Corsi (Spring2009), https://doi.org/10.1093/jjfinec/nbp001 ; daily close-return adaptation, not intraday HAR-RV replication.",313657aadd76dfb60726abc7b730a41bbc3da36d8ec2c0c62ff15a974c8f9d77,754,0.6006420146329787,0.17025014137613992,0.9612539986242638,0.21329247416664388,0.03978779840848806
0285,discard,"Rolling relative-volatility context: append the current20-session volatility percentile and log ratio to its median among all20-session windows in the available252-session history. Hypothesis current risk relative to the observable recent environment transfers better than its absolute level alone. Original features, training-only fits and gate retained; no future or external distribution statistics.",48d55562e39d869e10c118184af7816cea154aa9eab105c0a522d6ffcc6b6c81,754,0.6814677597090832,0.18967699231559942,1.0654638471208657,0.212895499403716,0.050397877984084884
0286,discard,"Adjacent-state prediction consistency: train each minibatch on16 pairs of neighboring training observations and penalize squared differences between their dropout neural forecasts with relative coefficient0.1, alongside the original supervised errors. Pairing stays within each fitting prefix; purged checkpoint evaluation remains clean MSE. Original ridge and gate unchanged. Hypothesis monthly expected return should vary smoothly across nearby daily states, reducing unstable signal switches.",423bfe1beaa3b1267db192ec8f01774babcbbe230a134da28a1d3de04f07f8f7,754,0.7001446464684229,0.19407722101008562,1.0890113608562928,0.2128954994037161,0.04774535809018567
0287,discard,"Adjacent-state change supervision: use the same paired training procedure but match predicted forecast changes to differences between the two monthly training targets instead of forcing them toward zero. Original ridge, dropout, clean purged early stopping and gate retained. Hypothesis learning changes as well as levels improves sensitivity to evolving return opportunities without shrinking every change. All difference labels remain inside training.",101adbb491f53bd044d427fb2ffce1e89c87aa1f9621841f080ac19c429e153f,754,0.7623861518785386,0.20851288886061092,1.162334723385403,0.21289549940371588,0.05570291777188329
0288,discard,"Factorization-machine forecast ensemble: replace tanh prediction with a linear term and rank-three pairwise feature interactions, initialized near ridge and trained with input dropout and squared loss. Select200/600/1200 steps on the same purged training suffix; retain equal ridge blend and shock gate. Hypothesis low-rank interactions share parameters more efficiently than dense quadratic features or hidden tanh units. Factorized-interaction inspiration: Rendle (ICDM2010), https://www.libfm.org/ ; independent standard-library implementation.",f17f2977d77373ea9d8b0bde928a426ef4155ee3bef4361d21219c7db292c099,754,0.5827650931929274,0.16586555986048923,0.9572043206307386,0.212895499403715,0.04774535809018567
0289,discard,"Standalone factorization-machine allocation: use the same training-only low-rank interaction predictor directly for the existing hysteretic long/cash decision, preserving the original shock gate. Hypothesis the model's learned linear term already supplies the ridge-like baseline and an extra equal ridge blend dilutes useful interactions. Factorized-interaction inspiration: Rendle (ICDM2010), https://www.libfm.org/ ; independent standard-library implementation.",b994cc93ecd1487c4857823ee471c876b5f4b421ecc3adfd4a3b5a055ef7c296,754,0.442737509545174,0.13032462778288978,0.8002075921556405,0.20109786147239284,0.05305039787798409
0290,discard,"Training-only symbolic policy discovery: evolve32 small causal expressions for10 generations using current technical features and add/subtract/multiply/negate/tanh, bounded to25 nodes and depth5. Fit on first70-percent training data with2-row purge, select generation2/5/10 champions on later training net growth, enforce training drawdown50-percent and charge trading costs. Deploy selected expression with0.05 score hysteresis and original shock gate. Hypothesis compositional rules express useful interactions missed by fixed predictors; validation used only by official runner.",3bb5bbfa693d9f70ba1717369d2538f8546a1a202e7a2567fd1ecd0986389b9c,754,0.5171439960158395,0.14948240152615466,0.8839598665030186,0.21289549940371555,0.03713527851458886
0291,discard,"Ungated symbolic policy discovery: apply the identical fixed-seed, bounded expression-fitting procedure directly to long/cash positions without the shock overlay in either training or deployment. Hypothesis a jointly learned nonlinear rule may incorporate risk information more effectively than multiplying by a fixed independent filter. All program search and checkpoint choice remain inside training; unchanged official reward and execution.",2f0a8680aab484ec64934f5b30448069fe621e602d9c4e9e542d705de8412e8d,754,0.150922355098825,0.048099829915934755,0.33525244657997694,0.3223653655578401,0.01856763925729443
0292,discard,"Deterministic symbolic-search correction: Training-only symbolic policy discovery: evolve32 small causal expressions for10 generations using current technical features and add/subtract/multiply/negate/tanh, bounded to25 nodes and depth5. Fit on first70-percent training data with2-row purge, select generation2/5/10 champions on later training net growth, enforce training drawdown50-percent and charge trading costs. Deploy selected expression with0.05 score hysteresis and original shock gate. Hypothesis compositional rules express useful interactions missed by fixed predictors; validation used only by official runner. Add a canonical expression-string tie-break after equal training reward and size, ensuring set/hash iteration cannot change the evolutionary parent ordering. Earlier archives retained.",c42fdcc04f5d261b0ba5a767c53a673d9509eb0ce7a57e2fb70f802a5001b5d6,754,0.5171439960158395,0.14948240152615466,0.8839598665030186,0.21289549940371555,0.03713527851458886
0293,discard,"Deterministic symbolic-search correction: Ungated symbolic policy discovery: apply the identical fixed-seed, bounded expression-fitting procedure directly to long/cash positions without the shock overlay in either training or deployment. Hypothesis a jointly learned nonlinear rule may incorporate risk information more effectively than multiplying by a fixed independent filter. All program search and checkpoint choice remain inside training; unchanged official reward and execution. Add a canonical expression-string tie-break after equal training reward and size, ensuring set/hash iteration cannot change the evolutionary parent ordering. Earlier archives retained.",63eb446eae683c68adfbbe5e5d470f59b3fa23cfa5b686a4a05af8aec89b6d45,754,0.150922355098825,0.048099829915934755,0.33525244657997694,0.3223653655578401,0.01856763925729443
0294,discard,"Conditional Gaussian-noise neural fit: add a learned log-variance head to the8-unit dropout predictor and jointly optimize Gaussian likelihood, with log variance clipped[-2,4] and learning rate0.01. Continue selecting training checkpoints by clean mean-prediction MSE; deploy only the mean in the original ridge/gate ensemble. Hypothesis learned input-dependent uncertainty discounts noisy training targets more effectively than a fixed volatility weight. Inspiration Nix and Weigend (1994), https://doi.org/10.1109/ICNN.1994.374138 .",89b1829441f3609a4ddec3ec03347dbff57c8702a98dcb85bd1d871e8508ce4f,754,0.692917769182493,0.19237842208856137,1.0766070881669167,0.21289549940371555,0.04774535809018567
0295,discard,"Conditional Student-t neural fit: replace Gaussian likelihood with a fixed4-degree-of-freedom Student-t likelihood while jointly learning location and log scale. Same dropout architecture, rate0.01, scale bounds, purged mean-MSE selection and original mean-based allocation. Hypothesis heavy-tailed target noise should reduce extreme-label influence without discarding conditional uncertainty modeling. Own robust-likelihood extension of the mean/variance-network idea.",f918863fb278903b9670ac7ab0535edacd28a901aa1e0c9606daa70b72dba51a,754,0.6471520310516439,0.18150670934887225,1.0217934992120223,0.21329247416664276,0.03183023872679045
0296,discard,"Recency-weighted neural learning: weight monthly-target neural squared errors with a504-observation exponential half-life, mean-normalized within each fitting prefix. Keep original global normalization, dropout, unweighted later-training MSE checkpoint selection, full-history ridge and shock gate. Hypothesis the nonlinear return relation changes over time, so recent labeled states should receive more training influence. No calendar rules or validation fitting.",943a3d03bb639f14851fca9a809e9c56dd75f0a04d261b3f87f72dd7a2282a6a,754,0.581495681308255,0.1655529664986053,0.9645433922082833,0.21289549940371566,0.05570291777188329
0297,discard,"Long/short training-memory neural ensemble: average two dropout predictors fitted separately to all training rows and the most recent756 rows, each selecting duration on its own purged70/30 chronological split. Preserve the original full-history ridge and shock gate. Hypothesis averaging broad historical structure with recent-state adaptation balances estimation variance and parameter drift without selecting a single window from validation.",2900b835ff2682e6e29d209d3c28afb6e1d12f129415c34e9bc7337b20fa5c12,754,0.6222608661444864,0.17550914931296058,1.0095515405633968,0.21289549940371555,0.05305039787798409
0298,discard,"Piecewise-linear neural response: replace bounded tanh hidden units with rectified linear units and matching derivatives, retaining width8, dropout, fixed initialization scale, training-only checkpoint selection, ridge blend and shock gate. Hypothesis a piecewise-linear forecast can respond to extreme standardized indicator states instead of saturating. Own activation-family comparison, no activation parameter search.",a89814a3d1393dff8988dfc55d2de87c6d0e08c9c795698cd373e299dfb4312f,754,0.6653788043292439,0.1858603095345861,1.058290958742431,0.21289549940371544,0.05305039787798409
0299,discard,"Chronologically cross-fitted residual network: generate monthly residual targets from ridge0.1 models trained strictly before three later training folds with21-row purges, then fit dropout neural correction on those out-of-sample training residuals. Select neural duration on a further purged chronological residual split. At inference add correction to full-training ridge0.1, then retain original equal blend with tuned ridge and shock gate. Hypothesis realistic baseline errors support a more complementary nonlinear correction than in-sample residual learning.",54be20ec059e8f111e92d0011a38413562f4072084884380e00da2808bdb596d,754,0.5037619563674514,0.1460837499941483,0.873574941631495,0.20109786147239272,0.05570291777188329
0300,discard,"Feature-support forecast shrinkage: estimate the95th-percentile squared standardized-feature radius using training observations. Beyond it, shrink the ensemble forecast toward its training unconditional mean in inverse proportion to excess radius; within it retain original forecasts. Preserve original hysteresis and shock gate. Hypothesis fitted conditional-return signals should be trusted less far outside their typical training inputs. Support calibration uses features only.",90bf10edb53b91f770663d21502103a8e2150777736ae3d65fb31d5e8f52efe3,754,0.7922187114419117,0.21531178867112644,1.1854366244389538,0.2128954994037151,0.05570291777188329
0301,discard,"Local-support forecast shrinkage: retain every20th training state as a reference bank; calibrate95th-percentile nearest-reference distance while excluding references within20 rows of each calibration observation. Shrink forecasts toward the training mean only beyond that support distance. Original predictor fits, hysteresis and gate retained. Hypothesis local support geometry is more informative than distance to the global center; all calibration stays in training.",02445b9e9118a388ec9ddeab6bee432f7c391b36fba5dfd6db755a9310e0af20,754,0.7896312730793251,0.21472510398898303,1.1884702444921593,0.21289549940371533,0.058355437665782495
0302,discard,"Supertrend directional rule: compute causal WilderATR10 with3-ATR carried bands across the available252 OHLC bars, then hold the index only in the upward state with the existing shock gate. Hypothesis volatility-adjusted trailing bands capture trends differently from moving-average or endpoint rules. Formula reference TradingView, publication date unstated, accessed2026-09-16: https://www.tradingview.com/support/solutions/43000634738-supertrend/ .",019bc50e7b61526f98aa541d395237adccde5f21257cba7f6c99c02c4a54f364,754,0.05824567722377716,0.019101028218821536,0.22333519803266283,0.16845702161691278,0.042440318302387266
0303,discard,"Supertrend state features: append trend direction, signed distance to active band in ATR units and fraction of the last20 upward states to the original ridge/dropout inputs. Retain training-only fitting and original gate. Hypothesis a path-dependent trailing-band state complements instantaneous momentum features. TradingView formula reference, undated, accessed2026-09-16: https://www.tradingview.com/support/solutions/43000634738-supertrend/ .",c9a7427f223243d883f74e65d1c4745911a41f8ef4ad3d65ed5540d56eb43b2c,754,0.6574715386710943,0.18397551622293196,1.0360072895447539,0.21289549940371544,0.05305039787798409
0304,discard,"Causal Ichimoku rule: enter above both visible cloud spans with9-session midpoint above26-session midpoint; exit below both cloud spans or when conversion falls below base. Use9/26/52 settings, computing the currently visible cloud from observations26 sessions earlier; no future prices or shifted future labels. Apply original shock gate. Hypothesis agreement between range midpoints and a slower historical cloud filters weak trends. Reference TradingView, undated, accessed2026-09-16: https://www.tradingview.com/support/solutions/43000589152-ichimoku-cloud/ .",8a59b794cfea655f193f31b46f5ca1245050a1997982d92d912b2e875dea746e,754,0.07383011931687666,0.02409256416754313,0.26055483691775944,0.1862364466675015,0.034482758620689655
0305,discard,"Rolling autoregressive return forecast: fixed AR(5) ridge .1 fitted exclusively on trailing 251 close log returns, recursively forecast 20 steps, mean forecast with cost hysteresis and existing train-calibrated shock gate. Hypothesis locally estimated short-memory return persistence adapts causal timing without fitting validation outcomes. Method reference: statsmodels AutoReg official documentation https://www.statsmodels.org/stable/generated/statsmodels.tsa.ar_model.AutoReg.html (undated; accessed 2026-09-16).",dc12d2b091dec648ef220269d3c450cb99bb9119902f8de4e21c6ddb39ac225c,754,0.29038607013065265,0.08894125300845057,0.6964546392596244,0.14069763491757648,0.04774535809018567
0306,discard,Autoregressive feature augmentation: append trailing AR(5) one/five/twenty-step average forecasts normalized by trailing volatility and coefficient sum to the original ridge plus feature-dropout neural ensemble; all supervised tuning remains purged training-only. Hypothesis local dynamics complement global indicator mappings. Method reference: statsmodels AutoReg official documentation https://www.statsmodels.org/stable/generated/statsmodels.tsa.ar_model.AutoReg.html (undated; accessed 2026-09-16).,30eb0f5efddd7541461a8d967ec18243a331aab53a968aa7dd29212594b60c44,754,0.5010034547596289,0.14538066943156114,0.8705737480765817,0.21329247416664276,0.058355437665782495
0307,discard,"Permutation-entropy features: append normalized order-three return-pattern entropy and ascending-versus-descending pattern imbalance over trailing20 and60 observations to original ridge/dropout ensemble. Hypothesis local temporal regularity and return acceleration complement magnitude-based predictors; fit and checkpoint selection remain purged training-only. Ordinal-method source: Bandt and Pompe, Permutation Entropy, published 2002-04-11, https://doi.org/10.1103/PhysRevLett.88.174102 .",c083cef1c6e88006390f64ef608a177a090dab48752790cf7ca9e52d08f382f1,754,0.5069111848489576,0.14688536918156037,0.866661208392481,0.21289549940371622,0.0610079575596817
0308,discard,"Shrunk ordinal-pattern conditional forecast: group monthly training log returns by most recent four return ranks and current SMA200 trend state; choose prior strength20/100/500 by chronological70/30 training MSE with21-row purge, full-train refit, cost hysteresis and existing shock gate. Hypothesis amplitude-invariant short-path states capture nonlinear continuation and reversal. Ordinal-method source: Bandt and Pompe, Permutation Entropy, published 2002-04-11, https://doi.org/10.1103/PhysRevLett.88.174102 .",df267f478d2d38d3288dd42d2dc2933e552960a8b77ef20fb94887923fc09a1c,754,0.5628803064273582,0.1609496105709105,0.9146181756139186,0.21329247416664254,0.021220159151193633
0309,discard,"Daily-label nonlinear complement: replace only the incumbent neural monthly mean-log target with exact one-session forward log return; chronological70/30 training MSE checkpoint selection with two-row purge, feature dropout, original monthly ridge, equal forecast blend and original gate. Source: own hypothesis from0215/0192; aligning one forecast head with the actual daily holding interval may preserve short-lived reversals erased by monthly targets.",0f1e73498a5919656aa7fc798708e64d1929cd0d3f3438367e6e5e322b15eed4,754,0.47418319051404567,0.1384995072027897,0.8430448578512528,0.2010978614723924,0.0610079575596817
0310,discard,"Session-component multitask network: decompose each supplied training forward log return into next-session open-to-close and remaining close-to-next-open return, average each over20 labels, train two standardized output heads sharing8 tanh units with10-percent feature dropout. Sum the forecasts, blend equally with original monthly ridge; chronological70/30 checkpoint selection uses combined-return MSE and22-row purge. Source: own extension of0196/0215; distinct within-session and overnight targets may regularize prediction of their sum. Decomposition uses consecutive supplied training rows only; allocation uses causal close features.",ae5876c54183713c635394a1b8ee5662e8f6a7e5ce0a9ee5667213524cdeaf12,754,0.6914543152567711,0.19203382507238875,1.0759758286341299,0.2132924741666431,0.04774535809018567
0311,discard,"Stochastic weight averaging neural complement: constant learning rate .02; average hidden/output weights every20 steps after100-step burn-in, select averaged200/600/1200 checkpoint by purged training MSE. Keep feature dropout, original ridge blend and gate. Hypothesis averaging nearby stochastic iterates stabilizes noisy financial regression. Source: Izmailov et al., submitted2018-03-14, https://arxiv.org/abs/1803.05407 .",1e0de2cb671dbee254bcaacc040a0701bdac26fd4392cea80489fb0d72dddf3a,754,0.7329445218977368,0.20172753865232318,1.1257532919263127,0.21289549940371588,0.05305039787798409
0312,discard,"Sharpness-aware neural training: for each original dropout minibatch compute MSE gradient, perturb all trainable network weights by radius .05 in normalized gradient direction, compute second gradient on the same masked batch, update original weights with that gradient and original decay. Retain purged training checkpoint selection, ridge blend and gate. Hypothesis flatter training solutions reduce sensitivity to noisy monthly targets. Source: Foret et al., submitted2020-10-03, https://arxiv.org/abs/2010.01412 .",1aa29b57fae8ec298fb6da3cafbeaf97e5c89c82aca224e0180f92a6c3e54c85,754,0.7836372644153611,0.21336382902515583,1.1819038771891937,0.2132924741666431,0.05570291777188329
0313,discard,"Reflected-path training augmentation: augment neural fitting with log-price histories reflected around the current close, correctly interchange transformed OHLC highs/lows, and reflect monthly targets around fitting-prefix mean. Select checkpoint using only untouched later training rows with21-row purge; full refit repeats augmentation, original ridge/gate unchanged. Source: own symmetry-regularization hypothesis extending0215; pairing upward/downward histories may discourage accidental directional asymmetry while preserving unconditional training drift.",05e83a977e8b4520ddfe949c89bb74c307db0070bf9de8081fa6dd3367f2cc80,754,0.6227070656718974,0.17561719908689377,1.0056610706600158,0.212895499403716,0.05305039787798409
0314,discard,"Volatility-scaled path augmentation: supplement neural fitting with trailing OHLC/log-price deviations multiplied by0.5 and2 around the current close; scale monthly labels around fitting-prefix mean by the same factors. Purged later-training checkpoint MSE uses only real rows, full refit augments training only. Source: own scale-equivariance hypothesis extending0215; exposure to coherent calm/stressed paths may improve forecast stability across volatility regimes. Original ridge and shock gate retained.",0ea390cba41bd548d5f757ea37efaeecf3d672dd705b1f321df6ca7b02e2183f,754,0.6738064393065968,0.18786259151174134,1.0552773651478555,0.2132924741666432,0.042440318302387266
0315,discard,"Generative directional forecast: replace neural branch by shared-covariance Gaussian linear discriminant on monthly positive versus nonpositive return classes; convert posterior to expected return with training class means. Select covariance ridge .01/.1/1 solely by70/30 chronological training MSE with21-row purge, retain equal original ridge blend and shock gate. Hypothesis class-distribution modeling provides a complementary prior to conditional regression. Source: scikit-learn official LDA/QDA guide https://scikit-learn.org/stable/modules/lda_qda.html (undated, accessed2026-09-16); own monthly-payoff adaptation.",247ad193db7b67583a2106b8df354ac72bddaba0f206f01acb4c20e2814715d7,754,0.6015480035281056,0.17047147874694613,0.9669495175499561,0.21329247416664288,0.029177718832891247
0316,discard,"Conditional diagonal-Gaussian forecast: replace neural branch with class-specific diagonal Gaussian distributions for monthly positive/nonpositive classes, posterior-weighted training class returns. Select variance regularization .01/.1/1 on purged chronological training MSE, retain original ridge blend and shock gate. Hypothesis state-dependent feature dispersion enables curved class boundaries without the variance of a full covariance estimate. Source: scikit-learn official LDA/QDA guide https://scikit-learn.org/stable/modules/lda_qda.html (undated, accessed2026-09-16); own monthly-payoff adaptation.",c768c422c6820b4a338e92ef02ea9aaeef767596ed2e3086bbafea98118872d2,754,0.48965052957249067,0.14247797150379937,0.8499317258083066,0.2128954994037151,0.04509283819628647
