date,signal_date,strategy_equity,buy_and_hold_equity,strategy_net_return,buy_and_hold_net_return,strategy_drawdown,buy_and_hold_drawdown,strategy_weight,buy_and_hold_weight
2023-01-04,,1.0,1.0,0.0,0.0,0.0,0.0,0.0,0.0
2023-01-05,2023-01-03,0.9993386115015621,0.9993386115015621,-0.000661388498437887,-0.000661388498437887,0.000661388498437887,0.000661388498437887,1.0,1.0
2023-01-06,2023-01-04,0.9950781477367189,0.9950781477367189,-0.004263283451483635,-0.004263283451483635,0.0049218522632811235,0.0049218522632811235,1.0,1.0
2023-01-09,2023-01-05,1.017838064183096,1.017838064183096,0.022872491470286915,0.022872491470286915,0.0,0.0,1.0,1.0
2023-01-10,2023-01-06,1.0120472335263562,1.0120472335263562,-0.00568934377728092,-0.00568934377728092,0.00568934377728092,0.00568934377728092,1.0,1.0
2023-01-11,2023-01-09,1.023441506162404,1.023441506162404,0.01125863720445719,0.01125863720445719,0.0,0.0,1.0,1.0
2023-01-12,2023-01-10,1.035210556153315,1.035210556153315,0.011499484748318745,0.011499484748318745,0.0,0.0,1.0,1.0
2023-01-13,2023-01-11,1.0307939091310734,1.0307939091310734,-0.0042664238651632935,-0.0042664238651632935,0.0042664238651634045,0.0042664238651634045,1.0,1.0
2023-01-17,2023-01-12,1.0408608192757758,1.0408608192757758,0.00976617154556969,0.00976617154556969,0.0,0.0,1.0,1.0
2023-01-18,2023-01-13,1.041633797570181,1.041633797570181,0.0007426336740612438,0.0007426336740612438,0.0,0.0,1.0,1.0
2023-01-19,2023-01-17,1.0181035314761238,1.0181035314761238,-0.022589768255356413,-0.022589768255356413,0.022589768255356524,0.022589768255356524,1.0,1.0
2023-01-20,2023-01-18,1.0173747717043513,1.0173747717043513,-0.0007158012414668624,-0.0007158012414668624,0.02328939971266175,0.02328939971266175,1.0,1.0
2023-01-23,2023-01-19,1.0353588534705378,1.0353588534705378,0.01767694881607773,0.01767694881607773,0.00602413642326205,0.00602413642326205,1.0,1.0
2023-01-24,2023-01-20,1.0415010639236668,1.0415010639236668,0.005932445965512567,0.005932445965512567,0.00012742832156931172,0.00012742832156931172,1.0,1.0
2023-01-25,2023-01-23,1.0365482770743295,1.0365482770743295,-0.004755431387346465,-0.004755431387346465,0.004882253732275688,0.004882253732275688,1.0,1.0
2023-01-26,2023-01-24,1.0504384888151506,1.0504384888151506,0.013400448438374957,0.013400448438374957,0.0,0.0,1.0,1.0
2023-01-27,2023-01-25,1.055029485386019,1.055029485386019,0.0043705525071218165,0.0043705525071218165,0.0,0.0,1.0,1.0
2023-01-30,2023-01-26,1.0538713192546711,1.0538713192546711,-0.0010977571218534488,-0.0010977571218534488,0.0010977571218533377,0.0010977571218533377,1.0,1.0
2023-01-31,2023-01-27,1.0464746977633688,1.0464746977633688,-0.00701852432660699,-0.00701852432660699,0.00810857681339594,0.00810857681339594,1.0,1.0
2023-02-01,2023-01-30,1.059284795962233,1.059284795962233,0.012241192478177565,0.012241192478177565,0.0,0.0,1.0,1.0
2023-02-02,2023-01-31,1.0823466424151214,1.0823466424151214,0.021771148364250426,0.021771148364250426,0.0,0.0,1.0,1.0
2023-02-03,2023-02-01,1.0766234018132832,1.0766234018132832,-0.005287807415438994,-0.005287807415438994,0.005287807415438994,0.005287807415438994,1.0,1.0
2023-02-06,2023-02-02,1.0721676894570382,1.0721676894570382,-0.004138598834783402,-0.004138598834783402,0.009404522136614246,0.009404522136614246,1.0,1.0
2023-02-07,2023-02-03,1.06846684115638,1.06846684115638,-0.003451743917532446,-0.003451743917532446,0.012823804052064403,0.012823804052064403,1.0,1.0
2023-02-08,2023-02-06,1.0809906771242623,1.0809906771242623,0.011721314584108189,0.011721314584108189,0.0012528013094154078,0.0012528013094154078,1.0,1.0
2023-02-09,2023-02-07,1.07859100895252,1.07859100895252,-0.002219878693243027,-0.002219878693243027,0.003469898935724691,0.003469898935724691,1.0,1.0
2023-02-10,2023-02-08,1.058985442550036,1.058985442550036,-0.01817701634795199,-0.01817701634795199,0.021583842873996173,0.021583842873996173,1.0,1.0
2023-02-13,2023-02-09,1.0661947534425225,1.0661947534425225,0.0068077525930161364,0.0068077525930161364,0.014923027743272699,0.014923027743272699,1.0,1.0
2023-02-14,2023-02-10,1.0740234619925357,1.0740234619925357,0.007342662796582022,0.007342662796582022,0.007689939707313576,0.007689939707313576,1.0,1.0
2023-02-15,2023-02-13,1.0721495231658096,1.0721495231658096,-0.001744783883258605,-0.001744783883258605,0.009421306307707655,0.009421306307707655,1.0,1.0
2023-02-16,2023-02-14,1.070913278418865,1.070913278418865,-0.0011530525549217074,-0.0011530525549217074,0.010563495601320638,0.010563495601320638,1.0,1.0
2023-02-17,2023-02-15,1.061189862130377,1.061189862130377,-0.00907955525852111,-0.00907955525852111,0.01954713901780636,0.01954713901780636,1.0,1.0
2023-02-21,2023-02-16,1.0546729524010003,1.0546729524010003,-0.006141134552768657,-0.006141134552768657,0.025568231959745003,0.025568231959745003,1.0,1.0
2023-02-22,2023-02-17,1.0415245135345512,1.0415245135345512,-0.012466839920864725,-0.012466839920864725,0.037716316825708085,0.037716316825708085,1.0,1.0
2023-02-23,2023-02-21,1.045889108146395,1.045889108146395,0.004190582703648582,0.004190582703648582,0.03368378746699474,0.03368378746699474,1.0,1.0
2023-02-24,2023-02-22,1.0340835954420005,1.0340835954420005,-0.011287537667657,-0.011287537667657,0.04459111811482863,0.04459111811482863,1.0,1.0
2023-02-27,2023-02-23,1.039059831902222,1.039059831902222,0.004812218743393215,0.004812218743393215,0.03999348158581639,0.03999348158581639,1.0,1.0
2023-02-28,2023-02-24,1.035111604521149,1.035111604521149,-0.0037998075374012785,-0.0037998075374012785,0.043641321590440985,0.043641321590440985,1.0,1.0
2023-03-01,2023-02-27,1.0315070271535216,1.0315070271535216,-0.0034823079481318686,-0.0034823079481318686,0.046971657017531365,0.046971657017531365,1.0,1.0
2023-03-02,2023-02-28,1.0250889128990799,1.0250889128990799,-0.006222075163319851,-0.006222075163319851,0.05290147100034237,0.05290147100034237,1.0,1.0
2023-03-03,2023-03-01,1.040532889090271,1.040532889090271,0.01506598695669581,0.01506598695669581,0.038632496915727677,0.038632496915727677,1.0,1.0
2023-03-06,2023-03-02,1.0554016340941574,1.0554016340941574,0.014289548326421597,0.014289548326421597,0.024894989520953703,0.024894989520953703,1.0,1.0
2023-03-07,2023-03-03,1.0536084545821633,1.0536084545821633,-0.0016990493988889854,-0.0016990493988889854,0.026551741102861737,0.026551741102861737,1.0,1.0
2023-03-08,2023-03-06,1.0378079454059534,1.0378079454059534,-0.014996566426069502,-0.014996566426069502,0.04115012257975448,0.04115012257975448,1.0,1.0
2023-03-09,2023-03-07,1.0406994307773383,1.0406994307773383,0.0027861468821708257,0.0027861468821708257,0.0384786259833102,0.0384786259833102,1.0,1.0
2023-03-10,2023-03-08,1.0183455491582682,1.0183455491582682,-0.021479671226852792,-0.021479671226852792,0.05913178897478044,0.05913178897478044,1.0,1.0
2023-03-13,2023-03-09,0.9981362268475819,0.9981362268475819,-0.019845250295826178,-0.019845250295826178,0.07780355411796214,0.07780355411796214,1.0,1.0
2023-03-14,2023-03-10,1.013463033062968,1.013463033062968,0.015355425244701015,0.015355425244701015,0.06364283553229144,0.06364283553229144,1.0,1.0
2023-03-15,2023-03-13,1.0089683074251299,1.0089683074251299,-0.004435016859227536,-0.004435016859227536,0.06779559534296409,0.06779559534296409,1.0,1.0
2023-03-16,2023-03-14,1.009538255292779,1.009538255292779,0.0005648818337056216,0.0005648818337056216,0.06726901000947305,0.06726901000947305,1.0,1.0
2023-03-17,2023-03-15,1.030296756559366,1.030296756559366,0.020562372111957883,0.020562372111957883,0.04808984831293295,0.04808984831293295,1.0,1.0
2023-03-20,2023-03-16,1.0195687808026133,1.0195687808026133,-0.010412510462110225,-0.010412510462110225,0.058001622726363444,0.058001622726363444,1.0,1.0
2023-03-21,2023-03-17,1.0347732638535647,1.0347732638535647,0.01491266046708728,0.01491266046708728,0.043953920765534615,0.043953920765534615,1.0,1.0
2023-03-22,2023-03-20,1.041579142539264,1.041579142539264,0.006577169050883347,0.006577169050883347,0.037665844081975264,0.037665844081975264,1.0,1.0
2023-03-23,2023-03-21,1.0304321188526049,1.0304321188526049,-0.010702041958601138,-0.010702041958601138,0.04796478459680509,0.04796478459680509,1.0,1.0
2023-03-24,2023-03-22,1.0252268778128388,1.0252268778128388,-0.005051512801796276,-0.005051512801796276,0.05277400267517518,0.05277400267517518,1.0,1.0
2023-03-27,2023-03-23,1.0366055086995623,1.0366055086995623,0.011098646682964342,0.011098646682964342,0.042261076001948394,0.042261076001948394,1.0,1.0
2023-03-28,2023-03-24,1.0343152026420652,1.0343152026420652,-0.0022094287926082146,-0.0022094287926082146,0.044377131956431226,0.044377131956431226,1.0,1.0
2023-03-29,2023-03-27,1.0409258847887732,1.0409258847887732,0.00639136128892015,0.00639136128892015,0.03826940095081077,0.03826940095081077,1.0,1.0
2023-03-30,2023-03-28,1.0532128562631409,1.0532128562631409,0.011803886956717413,0.011803886956717413,0.026917241676818082,0.026917241676818082,1.0,1.0
2023-03-31,2023-03-29,1.0556697040077052,1.0556697040077052,0.0023327171995235485,0.0023327171995235485,0.024647314789917885,0.024647314789917885,1.0,1.0
2023-04-03,2023-03-30,1.0676470417188224,1.0676470417188224,0.011345724581890426,0.011345724581890426,0.013581231853316944,0.013581231853316944,1.0,1.0
2023-04-04,2023-03-31,1.0743695064168595,1.0743695064168595,0.006296523509506047,0.006296523509506047,0.00737022288946354,0.00737022288946354,1.0,1.0
2023-04-05,2023-04-03,1.065642971866102,1.065642971866102,-0.008122470433716389,-0.008122470433716389,0.015432828905670326,0.015432828905670326,1.0,1.0
2023-04-06,2023-04-04,1.062168447445853,1.062168447445853,-0.003260495787031359,-0.003260495787031359,0.01864300601907276,0.01864300601907276,1.0,1.0
2023-04-10,2023-04-05,1.063222534782611,1.063222534782611,0.0009923918746528315,0.0009923918746528315,0.01766911531211235,0.01766911531211235,1.0,1.0
2023-04-11,2023-04-06,1.0697525096669975,1.0697525096669975,0.006141682169783724,0.006141682169783724,0.011635951232796926,0.011635951232796926,1.0,1.0
2023-04-12,2023-04-10,1.0727273569736342,1.0727273569736342,0.0027808743421997573,0.0027808743421997573,0.008887435008827604,0.008887435008827604,1.0,1.0
2023-04-13,2023-04-11,1.0670848236341175,1.0670848236341175,-0.005259988293237372,-0.005259988293237372,0.014100675497961568,0.014100675497961568,1.0,1.0
2023-04-14,2023-04-12,1.0775134980310836,1.0775134980310836,0.009773050994624555,0.009773050994624555,0.0044654311240373,0.0044654311240373,1.0,1.0
2023-04-17,2023-04-13,1.076748327598238,1.076748327598238,-0.0007101260766050332,-0.0007101260766050332,0.005172386181557798,0.005172386181557798,1.0,1.0
2023-04-18,2023-04-14,1.0837988005603958,1.0837988005603958,0.006547930265082824,0.006547930265082824,0.0,0.0,1.0,1.0
2023-04-19,2023-04-17,1.077310545682943,1.077310545682943,-0.005986586139510197,-0.005986586139510197,0.005986586139510308,0.005986586139510308,1.0,1.0
2023-04-20,2023-04-18,1.0750072004966413,1.0750072004966413,-0.0021380512754951564,-0.0021380512754951564,0.008111837786873966,0.008111837786873966,1.0,1.0
2023-04-21,2023-04-19,1.0754392615291473,1.0754392615291473,0.00040191454746185684,0.00040191454746185684,0.007713183505025145,0.007713183505025145,1.0,1.0
2023-04-24,2023-04-20,1.0754209651068927,1.0754209651068927,-1.701297591516493e-05,-1.701297591516493e-05,0.007730065256735141,0.007730065256735141,1.0,1.0
2023-04-25,2023-04-21,1.0739531912384994,1.0739531912384994,-0.0013648365765748238,-0.0013648365765748238,0.009084351557508197,0.009084351557508197,1.0,1.0
2023-04-26,2023-04-24,1.0638940108767412,1.0638940108767412,-0.009366497947790209,-0.009366497947790209,0.018365760945078136,0.018365760945078136,1.0,1.0
2023-04-27,2023-04-25,1.0606433378474072,1.0606433378474072,-0.003055448189481891,-0.003055448189481891,0.021365093503531996,0.021365093503531996,1.0,1.0
2023-04-28,2023-04-26,1.0747859517262464,1.0747859517262464,0.013333995862871095,0.013333995862871095,0.008315979709046739,0.008315979709046739,1.0,1.0
2023-05-01,2023-04-27,1.084457315604337,1.084457315604337,0.008998409276337327,0.008998409276337327,0.0,0.0,1.0,1.0
2023-05-02,2023-04-28,1.0837572367106934,1.0837572367106934,-0.0006455568915161303,-0.0006455568915161303,0.0006455568915162413,0.0006455568915162413,1.0,1.0
2023-05-03,2023-05-01,1.0728652438087778,1.0728652438087778,-0.010050214691044501,-0.010050214691044501,0.010689283597205668,0.010689283597205668,1.0,1.0
2023-05-04,2023-05-02,1.0625328403448422,1.0625328403448422,-0.009630662866153106,-0.009630662866153106,0.020217001576753435,0.020217001576753435,1.0,1.0
2023-05-05,2023-05-03,1.0631002116181767,1.0631002116181767,0.0005339799879977569,0.0005339799879977569,0.019693817063015095,0.019693817063015095,1.0,1.0
2023-05-08,2023-05-04,1.0766989038345653,1.0766989038345653,0.012791543137490091,0.012791543137490091,0.007154188236028425,0.007154188236028425,1.0,1.0
2023-05-09,2023-05-05,1.0733857679127543,1.0733857679127543,-0.0030771238923078537,-0.0030771238923078537,0.010209297804785189,0.010209297804785189,1.0,1.0
2023-05-10,2023-05-08,1.0784583273584167,1.0784583273584167,0.004725756198096676,0.004725756198096676,0.005531788259067749,0.005531788259067749,1.0,1.0
2023-05-11,2023-05-09,1.0754653137605512,1.0754653137605512,-0.0027752705152702672,-0.0027752705152702672,0.008291706565485835,0.008291706565485835,1.0,1.0
2023-05-12,2023-05-10,1.0771049126356669,1.0771049126356669,0.0015245483551511452,0.0015245483551511452,0.0067797993179405935,0.0067797993179405935,1.0,1.0
2023-05-15,2023-05-11,1.074010370811321,1.074010370811321,-0.0028730180208478284,-0.0028730180208478284,0.009633338853170303,0.009633338853170303,1.0,1.0
2023-05-16,2023-05-12,1.0743487895575212,1.0743487895575212,0.00031509821077868594,0.00031509821077868594,0.009321276090228148,0.009321276090228148,1.0,1.0
2023-05-17,2023-05-15,1.0730214270661755,1.0730214270661755,-0.0012355042461511534,-0.0012355042461511534,0.01054526386019028,0.01054526386019028,1.0,1.0
2023-05-18,2023-05-16,1.0820863803631333,1.0820863803631333,0.008448063634426184,0.008448063634426184,0.0021862872858968707,0.0021862872858968707,1.0,1.0
2023-05-19,2023-05-17,1.0941806798404143,1.0941806798404143,0.01117683365834643,0.01117683365834643,0.0,0.0,1.0,1.0
2023-05-22,2023-05-18,1.0907009501791256,1.0907009501791256,-0.0031802148634139105,-0.0031802148634139105,0.0031802148634137994,0.0031802148634137994,1.0,1.0
2023-05-23,2023-05-19,1.087062486692329,1.087062486692329,-0.003335894670486006,-0.003335894670486006,0.006505500672085884,0.006505500672085884,1.0,1.0
2023-05-24,2023-05-22,1.0756526503855723,1.0756526503855723,-0.010496026168168249,-0.010496026168168249,0.016933244934962954,0.016933244934962954,1.0,1.0
2023-05-25,2023-05-23,1.0815736120683062,1.0815736120683062,0.005504529441368922,0.005504529441368922,0.011521925038876502,0.011521925038876502,1.0,1.0
2023-05-26,2023-05-24,1.0816907820441113,1.0816907820441113,0.00010833287212053122,0.00010833287212053122,0.011414840369987744,0.011414840369987744,1.0,1.0
2023-05-30,2023-05-25,1.1000522177594756,1.1000522177594756,0.016974754726730712,0.016974754726730712,0.0,0.0,1.0,1.0
2023-05-31,2023-05-26,1.0906906438018669,1.0906906438018669,-0.008510117798476768,-0.008510117798476768,0.008510117798476768,0.008510117798476768,1.0,1.0
2023-06-01,2023-05-30,1.0886839192762163,1.0886839192762163,-0.0018398659024484454,-0.0018398659024484454,0.0103343262253619,0.0103343262253619,1.0,1.0
2023-06-02,2023-05-31,1.1037739130504978,1.1037739130504978,0.013860766662479707,0.013860766662479707,0.0,0.0,1.0,1.0
2023-06-05,2023-06-01,1.1146998180977876,1.1146998180977876,0.009898680262422577,0.009898680262422577,0.0,0.0,1.0,1.0
2023-06-06,2023-06-02,1.1116676610873029,1.1116676610873029,-0.002720155652002343,-0.002720155652002343,0.002720155652002454,0.002720155652002454,1.0,1.0
2023-06-07,2023-06-05,1.1153452679867184,1.1153452679867184,0.003308189154138441,0.003308189154138441,0.0,0.0,1.0,1.0
2023-06-08,2023-06-06,1.1109779926757393,1.1109779926757393,-0.003915626341305378,-0.003915626341305378,0.003915626341305378,0.003915626341305378,1.0,1.0
2023-06-09,2023-06-07,1.1203968763371956,1.1203968763371956,0.008478011016916254,0.008478011016916254,0.0,0.0,1.0,1.0
2023-06-12,2023-06-08,1.1212921517698304,1.1212921517698304,0.0007990699113349375,0.0007990699113349375,0.0,0.0,1.0,1.0
2023-06-13,2023-06-09,1.1328191840785975,1.1328191840785975,0.010280132872216186,0.010280132872216186,0.0,0.0,1.0,1.0
2023-06-14,2023-06-12,1.1363795949760027,1.1363795949760027,0.003142964868043885,0.003142964868043885,0.0,0.0,1.0,1.0
2023-06-15,2023-06-13,1.1361297694322992,1.1361297694322992,-0.00021984339107106177,-0.00021984339107106177,0.0002198433910711728,0.0002198433910711728,1.0,1.0
2023-06-16,2023-06-14,1.1558108118298598,1.1558108118298598,0.017322882409282148,0.017322882409282148,0.0,0.0,1.0,1.0
2023-06-20,2023-06-15,1.1552329064239448,1.1441405833400888,-0.0004999999999999449,-0.010097005816457894,0.000500000000000056,0.010097005816457894,0.0,1.0
2023-06-21,2023-06-16,1.1552329064239448,1.1399503382768719,0.0,-0.0036623515713291033,0.000500000000000056,0.013722378602669338,0.0,1.0
2023-06-22,2023-06-20,1.1552329064239448,1.1335453152036452,0.0,-0.00561868605864746,0.000500000000000056,0.01926396292397048,0.0,1.0
2023-06-23,2023-06-21,1.1552329064239448,1.1332251928796995,0.0,-0.00028240805166945826,0.000500000000000056,0.019540930677403145,0.0,1.0
2023-06-26,2023-06-22,1.1552329064239448,1.1307969219084433,0.0,-0.002142796494918664,0.000500000000000056,0.021641854934558835,0.0,1.0
2023-06-27,2023-06-23,1.1552329064239448,1.1288501877857762,0.0,-0.0017215594462192119,0.000500000000000056,0.02332615664098181,0.0,1.0
2023-06-28,2023-06-26,1.162673608395138,1.1366893068178687,0.0064408674041549485,0.006944339573941916,0.0,0.016543801819709714,1.0,1.0
2023-06-29,2023-06-27,1.1646595199164884,1.1386308356994965,0.001708055904091399,0.001708055904091399,0.0,0.014864003653992652,1.0,1.0
2023-06-30,2023-06-28,1.1773045684109908,1.150993283168941,0.010857292005314267,0.010857292005314267,0.0,0.004168094476717954,1.0,1.0
2023-07-03,2023-06-29,1.1847691668171105,1.158291057132898,0.0063404140325342695,0.0063404140325342695,0.0,0.0,1.0,1.0
2023-07-05,2023-06-30,1.182522341358298,1.1560944454141167,-0.0018964246553180297,-0.0018964246553180297,0.0018964246553180297,0.0018964246553180297,1.0,1.0
2023-07-06,2023-07-03,1.1773525397318056,1.151040182390709,-0.00437184266688273,-0.00437184266688273,0.0062599764519781775,0.0062599764519781775,1.0,1.0
2023-07-07,2023-07-05,1.1725394083363223,1.1463346184645553,-0.004088097008377534,-0.004088097008377534,0.010322482069349936,0.010322482069349825,1.0,1.0
2023-07-10,2023-07-06,1.169794767284147,1.1436513167085558,-0.002340766572672792,-0.002340766572672792,0.012639086121047693,0.012639086121047693,1.0,1.0
2023-07-11,2023-07-07,1.1754703442292647,1.149200051604536,0.004851771527662363,0.004851771527662363,0.007848636551563204,0.007848636551563093,1.0,1.0
2023-07-12,2023-07-10,1.1893506409241743,1.1627701410214115,0.011808291687708028,0.011808291687708028,0.0,0.0,1.0,1.0
2023-07-13,2023-07-11,1.1956891644854153,1.1689670065054583,0.0053293985332329985,0.0053293985332329985,0.0,0.0,1.0,1.0
2023-07-14,2023-07-12,1.20184128672127,1.1749816365007029,0.005145252142936707,0.005145252142936707,0.0,0.0,1.0,1.0
2023-07-17,2023-07-13,1.2003105703245671,1.17348512970177,-0.0012736427127402195,-0.0012736427127402195,0.0012736427127402195,0.0012736427127402195,1.0,1.0
2023-07-18,2023-07-14,1.203749996893917,1.1768476893872537,0.0028654472054010505,0.0028654472054010505,0.0,0.0,1.0,1.0
2023-07-19,2023-07-17,1.2149549207812465,1.1878021972340571,0.009308348009339218,0.009308348009339218,0.0,0.0,1.0,1.0
2023-07-20,2023-07-18,1.2143474433208559,1.1853322583082777,-0.0004999999999999449,-0.002079419394517834,0.0004999999999999449,0.002079419394517834,0.0,1.0
2023-07-21,2023-07-19,1.2143474433208559,1.1842340305275028,0.0,-0.0009265147160867349,0.0004999999999999449,0.003004007497934613,0.0,1.0
2023-07-24,2023-07-20,1.2143474433208559,1.1824720304093366,0.0,-0.0014878816794188232,0.0004999999999999449,0.0044874195696325,0.0,1.0
2023-07-25,2023-07-21,1.2143474433208559,1.1855430705703882,0.0,0.002597135561835273,0.0004999999999999449,0.0019019384447424015,0.0,1.0
2023-07-26,2023-07-24,1.2143474433208559,1.1865242845325892,0.0,0.0008276493588115219,0.0004999999999999449,0.0010758632240651655,0.0,1.0
2023-07-27,2023-07-25,1.2143474433208559,1.1967525311233191,0.0,0.008620343236176664,0.0004999999999999449,0.0,0.0,1.0
2023-07-28,2023-07-26,1.2143474433208559,1.18829146386559,0.0,-0.007070022446317603,0.0004999999999999449,0.007070022446317603,0.0,1.0
2023-07-31,2023-07-27,1.2143474433208559,1.1932546091445964,0.0,0.004176707003230584,0.0004999999999999449,0.0029228448553515474,0.0,1.0
2023-08-01,2023-07-28,1.2143474433208559,1.191695717531802,0.0,-0.0013064199382493147,0.0004999999999999449,0.00422544633080546,0.0,1.0
2023-08-02,2023-07-31,1.2143474433208559,1.1844344323075333,0.0,-0.006093237659113071,0.0004999999999999449,0.010292937341209174,0.0,1.0
2023-08-03,2023-08-01,1.2143474433208559,1.169687932389466,0.0,-0.012450245885994748,0.0004999999999999449,0.022615033626416703,0.0,1.0
2023-08-04,2023-08-02,1.2143474433208559,1.1748124921931156,0.0,0.004381134199769932,0.0004999999999999449,0.018332978923896515,0.0,1.0
2023-08-07,2023-08-03,1.2143474433208559,1.1689878534958225,0.0,-0.0049579305089101355,0.0004999999999999449,0.023200015797280704,0.0,1.0
2023-08-08,2023-08-04,1.2154831441427962,1.1706664656525314,0.0009352354865050927,0.001435953463236661,0.0,0.021797376477075248,1.0,1.0
2023-08-09,2023-08-07,1.2164397430364418,1.17158779331657,0.00078701123767555,0.00078701123767555,0.0,0.021027520019639034,1.0,1.0
2023-08-10,2023-08-08,1.2125458991330866,1.1678375212522394,-0.00320101667644912,-0.00320101667644912,0.00320101667644912,0.024161227253840845,1.0,1.0
2023-08-11,2023-08-09,1.2026906876554235,1.1583456861376105,-0.008127701792327358,-0.008127701792327358,0.011302701559797956,0.03209255379611231,1.0,1.0
2023-08-14,2023-08-10,1.2047011666861365,1.1602820358044035,0.001671650950114456,0.001671650950114456,0.009649944781484843,0.030474550394042677,1.0,1.0
2023-08-15,2023-08-11,1.2103057012550604,1.1656799228150514,0.004652219756988263,0.004652219756988263,0.005042618688262945,0.025964104942482802,1.0,1.0
2023-08-16,2023-08-14,1.1981239007506992,1.1539472834852134,-0.010065060828622907,-0.010065060828622907,0.01505692525305291,0.03576783547549889,1.0,1.0
2023-08-17,2023-08-15,1.1934030041428547,1.1494004533845674,-0.003940240742118961,-0.003940240742118961,0.018937838084838843,0.0395671423350199,1.0,1.0
2023-08-18,2023-08-16,1.1740981088597582,1.1308073584167282,-0.016176342120876375,-0.016176342120876375,0.03480783525782516,0.05510343282473962,1.0,1.0
2023-08-21,2023-08-17,1.1836640707736479,1.140020609030909,0.008147497931991321,0.008147497931991321,0.026943934091614108,0.04740488999773351,1.0,1.0
2023-08-22,2023-08-18,1.193135561791148,1.1491428720317145,0.008001840430376106,0.008001840430376106,0.019157694722405583,0.03978237593273881,1.0,1.0
2023-08-23,2023-08-21,1.1880309447231407,1.144226469817245,-0.004278321115786965,-0.004278321115786965,0.023354053068331826,0.0438904952695367,1.0,1.0
2023-08-24,2023-08-22,1.203898677495611,1.1595091355886138,0.013356329515615606,0.013356329515615606,0.010309647981022074,0.031120381671344566,1.0,1.0
2023-08-25,2023-08-23,1.1861231514493726,1.1423890197302076,-0.014764968496531305,-0.014764968496531305,0.02492239484990333,0.045425858712898504,1.0,1.0
2023-08-28,2023-08-24,1.196026895458476,1.1519275979093737,0.008349675998652994,0.008349675998652994,0.016780812773357523,0.03745547391645876,1.0,1.0
2023-08-29,2023-08-25,1.1978428660474811,1.1536766109511454,0.001518335913599067,0.001518335913599067,0.015287955770451611,0.035994007994067934,1.0,1.0
2023-08-30,2023-08-28,1.2161073654547512,1.1712676709926244,0.01524782584174611,0.01524782584174611,0.0002732380157696168,0.021295012517561718,1.0,1.0
2023-08-31,2023-08-29,1.2206120274765238,1.1756062393992694,0.0037041647388493804,0.0037041647388493804,0.0,0.01766972801319333,1.0,1.0
2023-09-01,2023-08-30,1.224284475483392,1.179143278764406,0.0030086939373032973,0.0030086939373032973,0.0,0.01471419687943698,1.0,1.0
2023-09-05,2023-08-31,1.2187340400948374,1.1737974962165663,-0.004533615756552867,-0.004533615756552867,0.004533615756552756,0.019181104121172354,1.0,1.0
2023-09-06,2023-09-01,1.2134078920175049,1.1686677311718767,-0.004370230010903864,-0.004370230010903864,0.008884032823819443,0.02346750829520361,1.0,1.0
2023-09-07,2023-09-05,1.1983292182194543,1.154145030592314,-0.012426714790011562,-0.012426714790011562,0.021200348271744218,0.03560259905279839,1.0,1.0
2023-09-08,2023-09-06,1.2028554982953203,1.158504419963118,0.003777159070352587,0.003777159070352587,0.01750326628916099,0.03195991666238629,1.0,1.0
2023-09-11,2023-09-07,1.210875850409214,1.1662290497185412,0.006667760279817525,0.006667760279817525,0.010952213593073301,0.025505257445436413,1.0,1.0
2023-09-12,2023-09-08,1.208792410445935,1.1642224292977117,-0.0017206057603468272,-0.0017206057603468272,0.012653974911623345,0.02718197871290351,1.0,1.0
2023-09-13,2023-09-11,1.2059225867424304,1.1614584202793907,-0.002374124521882237,-0.002374124521882237,0.014998057321368607,0.029491569832570175,1.0,1.0
2023-09-14,2023-09-12,1.2127133309620428,1.1679987796196516,0.005631160983522454,0.005631160983522454,0.009451352813062863,0.024026480626431757,1.0,1.0
2023-09-15,2023-09-13,1.215469686904123,1.1706535046023423,0.0022728833531446835,0.0022728833531446835,0.007199951282391703,0.021808206661137586,1.0,1.0
2023-09-18,2023-09-14,1.2011882328959125,1.1568986291285555,-0.011749740994846491,-0.011749740994846491,0.01886509471449449,0.033301706876153636,1.0,1.0
2023-09-19,2023-09-15,1.2012639771529434,1.1569715805817278,6.305777475712482e-05,6.305777475712482e-05,0.0188032265306306,0.03324074903292784,1.0,1.0
2023-09-20,2023-09-18,1.2032636201340419,1.1588974937402359,0.0016646157873123624,0.0016646157873123624,0.017169910891053575,0.0316314663212377,1.0,1.0
2023-09-21,2023-09-19,1.1820643617932833,1.1384798837093435,-0.017618132872991632,-0.017618132872991632,0.03448554199254916,0.04869231181761413,1.0,1.0
2023-09-22,2023-09-20,1.1732496813042845,1.1299902136521005,-0.007457022454874007,-0.007457022454874007,0.04168540498641626,0.05578623460988452,1.0,1.0
2023-09-25,2023-09-21,1.1648402312392718,1.1218908325680192,-0.007167655955093832,-0.007167655955093832,0.04855427430021875,0.06255403402826465,1.0,1.0
2023-09-26,2023-09-22,1.165450887222283,1.1224789727531024,0.0005242401203482405,0.0005242401203482405,0.04805548827847317,0.06206258724224356,1.0,1.0
2023-09-27,2023-09-25,1.157276560518107,1.1146060456804563,-0.00701387488207128,-0.00701387488207128,0.05473230797836237,0.06864116290254008,1.0,1.0
2023-09-28,2023-09-26,1.1537690312414062,1.1112278442456482,-0.0030308479376187636,-0.0030308479376187636,0.05759727061322384,0.07146396991313986,1.0,1.0
2023-09-29,2023-09-27,1.169585421135404,1.126461060227139,0.013708454175598739,0.013708454175598739,0.044678385982465985,0.058735176294301916,1.0,1.0
2023-10-02,2023-09-28,1.1577873140686383,1.1150979669849195,-0.010087426581730452,-0.010087426581730452,0.054315122625808065,0.0682301160973986,1.0,1.0
2023-10-03,2023-09-29,1.1537960808315908,1.1112538964770522,-0.0034472939792556945,-0.0034472939792556945,0.057575176409853435,0.07144220080822772,1.0,1.0
2023-10-04,2023-10-02,1.1440896015660922,1.1019053095958375,-0.008412647110486504,-0.008412647110486504,0.06550346387887984,0.07925382989451812,1.0,1.0
2023-10-05,2023-10-03,1.150974951794932,1.1085367866804994,0.006018191424355779,0.006018191424355779,0.059879484839105546,0.07371260318958084,1.0,1.0
2023-10-06,2023-10-04,1.1443489911926488,1.102155135139541,-0.005756824327019516,-0.005756824327019516,0.0652915934911138,0.0790450770093506,1.0,1.0
2023-10-09,2023-10-05,1.1590033296114082,1.116269146218867,0.012805829805019986,0.012805829805019986,0.05332187672003963,0.06725148500743694,1.0,1.0
2023-10-10,2023-10-06,1.1727118781635684,1.1294722401162334,0.0118278767643889,0.0118278767643889,0.042124684542341195,0.05621905051993814,1.0,1.0
2023-10-11,2023-10-09,1.1799646812668656,1.136457621539189,0.006184641972463822,0.006184641972463822,0.03620056866197474,0.05038210324697201,1.0,1.0
2023-10-12,2023-10-10,1.1838424467424888,1.1401924080114265,0.0032863402923719587,0.0032863402923719587,0.033033195757003364,0.04726133569051494,1.0,1.0
2023-10-13,2023-10-11,1.1783164127324925,1.1348701271268813,-0.004667879602730962,-0.004667879602730962,0.037546880379047076,0.05170860506837838,1.0,1.0
2023-10-16,2023-10-12,1.1734198964577045,1.130154152718648,-0.004155519028571586,-0.004155519028571586,0.0415463726317401,0.055649248004647434,1.0,1.0
2023-10-17,2023-10-13,1.1741927148689861,1.1308984761611292,0.0006586034663418339,0.0006586034663418339,0.04091513175042727,0.05502729532594075,1.0,1.0
2023-10-18,2023-10-16,1.1774678770867475,1.1340528782574324,0.002789288484153829,0.002789288484153829,0.038239967372092565,0.05239149384295383,1.0,1.0
2023-10-19,2023-10-17,1.1677424009562143,1.1246859949539632,-0.008259653040043613,-0.008259653040043613,0.04618377154938014,0.0602184113216051,1.0,1.0
2023-10-20,2023-10-18,1.15490403312646,1.1123209969164092,-0.01099417801326863,-0.01099417801326863,0.05667019695691078,0.07055053740112771,1.0,1.0
2023-10-23,2023-10-19,1.137758159928268,1.0958073176653413,-0.014846145399437183,-0.014846145399437183,0.07067500837251095,0.08434927926429925,1.0,1.0
2023-10-24,2023-10-20,1.14461921686882,1.1024153971915294,0.006030329803114354,0.006030329803114354,0.06507087217872065,0.07882760343380368,1.0,1.0
2023-10-25,2023-10-23,1.1437085293175557,1.1015382880501237,-0.0007956249011400462,-0.0007956249011400462,0.06581472507361652,0.07956051113075457,1.0,1.0
2023-10-26,2023-10-24,1.128459775478923,1.0868517785350396,-0.013332727218298812,-0.013332727218298812,0.07826996251556151,0.09183247975679854,1.0,1.0
2023-10-27,2023-10-25,1.122228371386417,1.0808501356161893,-0.005522043610159955,-0.005522043610159955,0.08335979597934495,0.09684742040891225,1.0,1.0
2023-10-30,2023-10-26,1.1185694887084925,1.0773261614060625,-0.003260372640021769,-0.003260372640021769,0.08634838462127792,0.09979203436917594,1.0,1.0
2023-10-31,2023-10-27,1.1272004968053977,1.085638931346569,0.007716112574168932,0.007716112574168932,0.07929854590344454,0.09284592836620487,1.0,1.0
2023-11-01,2023-10-30,1.1352910265273932,1.0934311511568937,0.007177542721924723,0.007177542721924723,0.07269017188252824,0.08633479126168542,1.0,1.0
2023-11-02,2023-10-31,1.1533933905289604,1.1108660539671795,0.015945130877091707,0.015945130877091707,0.05790409530958163,0.07176627993050755,1.0,1.0
2023-11-03,2023-11-01,1.1712202324311036,1.1280355935892583,0.015455994501553105,0.015455994501553105,0.04334306618675088,0.05741950465695722,1.0,1.0
2023-11-06,2023-11-02,1.179337811743284,1.1358538656309871,0.0069308735346302885,0.0069308735346302885,0.036712597962464066,0.05088659844752541,1.0,1.0
2023-11-07,2023-11-03,1.179862049555056,1.1363587740118444,0.0004445187855013355,0.0004445187855013355,0.03628439861642152,0.050464699710964345,1.0,1.0
2023-11-08,2023-11-06,1.184769374856891,1.1410851589021571,0.004159236500305807,0.004159236500305807,0.03227607751123274,0.046515357831673376,1.0,1.0
2023-11-09,2023-11-07,1.1866717906397033,1.14291742977436,0.0016057266698357164,0.0016057266698357164,0.0307221773998545,0.04498432211246495,1.0,1.0
2023-11-10,2023-11-08,1.179305357639576,1.1358226081585434,-0.006207641454218926,-0.006207641454218926,0.03673910659208235,0.050912717023948506,1.0,1.0
2023-11-13,2023-11-09,1.1907927322013128,1.1468864260671818,0.009740797400199286,0.009740797400199286,0.027356177385860714,0.041667850085373104,1.0,1.0
2023-11-14,2023-11-10,1.2049282373218233,1.1605007340066897,0.011870667949391622,0.011870667949391622,0.015810245534581435,0.030291807348510114,1.0,1.0
2023-11-15,2023-11-13,1.2174476848085602,1.1725585707704869,0.010390201755553274,0.010390201755553274,0.0055843154199372025,0.020216343582848184,1.0,1.0
2023-11-16,2023-11-14,1.2152265108181366,1.1704192947817587,-0.0018244512829089787,-0.0018244512829089787,0.007398578391414223,0.022003911131771803,1.0,1.0
2023-11-17,2023-11-15,1.2185961439322874,1.1736646844914371,0.002772843650260981,0.002772843650260981,0.004646249842266914,0.019292080886773477,1.0,1.0
2023-11-20,2023-11-16,1.219177237226326,1.1742243520080329,0.00047685469622726906,0.00047685469622726906,0.004171610732096598,0.01882442570991716,1.0,1.0
2023-11-21,2023-11-17,1.2264921922351428,1.1812695937029458,0.005999911075651676,0.005999911075651676,0.0,0.012937459514575145,1.0,1.0
2023-11-22,2023-11-20,1.2303483126341046,1.1849835331848189,0.0031440236011077705,0.0031440236011077705,0.0,0.00983411159151959,1.0,1.0
2023-11-24,2023-11-21,1.2311048904822486,1.1857122148779757,0.0006149298051412178,0.0006149298051412178,0.0,0.009225229074703134,1.0,1.0
2023-11-27,2023-11-22,1.2308400963421686,1.1854571840932324,-0.00021508657964652844,-0.00021508657964652844,0.00021508657964652844,0.009438331431381619,1.0,1.0
2023-11-28,2023-11-24,1.2283242682744477,1.183034118363016,-0.002043992615448076,-0.002043992615448076,0.0022586395597141706,0.011463032167081777,1.0,1.0
2023-11-29,2023-11-27,1.2354285013009862,1.1898764077097885,0.0057836787972271875,0.0057836787972271875,0.0,0.005745651865951329,1.0,1.0
2023-11-30,2023-11-28,1.2308428526440656,1.1854598387661628,-0.003711787976472758,-0.003711787976472758,0.003711787976472647,0.009436113200910978,1.0,1.0
2023-12-01,2023-11-29,1.2320751087499733,1.1866466597494345,0.0010011481995939597,0.0010011481995939597,0.0027143558267286316,0.008444411949059205,1.0,1.0
2023-12-04,2023-11-30,1.2334099965676912,1.1879323282600518,0.001083446786837694,0.001083446786837694,0.0016338498999897144,0.007370114233214431,1.0,1.0
2023-12-05,2023-12-01,1.2314859627307853,1.1860792364236898,-0.0015599304710194328,-0.0015599304710194328,0.0031912316787651163,0.008918547838466573,1.0,1.0
2023-12-06,2023-12-04,1.239317102826224,1.193621630690311,0.0063590981403258695,0.0063590981403258695,0.0,0.002616163619114653,1.0,1.0
2023-12-07,2023-12-05,1.2346178242724732,1.189095621553824,-0.0037918290186056414,-0.0037918290186056414,0.0037918290186056414,0.006398072592591952,1.0,1.0
2023-12-08,2023-12-06,1.2366067933393632,1.1910112543612787,0.0016109997991176073,0.0016109997991176073,0.0021869378552753505,0.004797380087135816,1.0,1.0
2023-12-11,2023-12-07,1.241251945690177,1.1954851330087524,0.00375636974973248,0.00375636974973248,0.0,0.0010590310708405992,1.0,1.0
2023-12-12,2023-12-08,1.2479831862158965,1.2019681826451654,0.0054229445916209595,0.0054229445916209595,0.0,0.0,1.0,1.0
2023-12-13,2023-12-11,1.255522590671341,1.20922959800046,0.006041270859029169,0.006041270859029169,0.0,0.0,1.0,1.0
2023-12-14,2023-12-12,1.2757462262308514,1.228707557918854,0.016107743269435426,0.016107743269435426,0.0,0.0,1.0,1.0
2023-12-15,2023-12-13,1.275108353117736,1.2269351733448135,-0.0004999999999999449,-0.0014424787758630098,0.0004999999999999449,0.0014424787758631208,0.0,1.0
2023-12-18,2023-12-14,1.275108353117736,1.2298891736610862,0.0,0.0024076254234521866,0.0004999999999999449,0.0,0.0,1.0
2023-12-19,2023-12-15,1.275108353117736,1.2346103533103592,0.0,0.0038387033160225403,0.0004999999999999449,0.0,0.0,1.0
2023-12-20,2023-12-18,1.275108353117736,1.240078406970223,0.0,0.004428971169083695,0.0004999999999999449,0.0,0.0,1.0
2023-12-21,2023-12-19,1.275108353117736,1.2295534095878162,0.0,-0.00848736444667375,0.0004999999999999449,0.00848736444667375,0.0,1.0
2023-12-22,2023-12-20,1.2824640513294825,1.2372649481620244,0.005768684828831416,0.006271820739200962,0.0,0.002268774935830553,1.0,1.0
2023-12-26,2023-12-21,1.2837967141733744,1.2385506426988468,0.0010391424558922058,0.0010391424558922058,0.0,0.0012319900602969502,1.0,1.0
2023-12-27,2023-12-22,1.2877327365805067,1.2423479441159717,0.0030659234158163517,0.0030659234158163517,0.0,0.0,1.0,1.0
2023-12-28,2023-12-26,1.2912369654354259,1.2457286700926842,0.002721239241167739,0.002721239241167739,0.0,0.0,1.0,1.0
2023-12-29,2023-12-27,1.290276584924443,1.2448021371876057,-0.0007437678262711689,-0.0007437678262711689,0.0007437678262710579,0.0007437678262711689,1.0,1.0
2024-01-02,2023-12-28,1.2801117395481296,1.2349955411473021,-0.007878035992498922,-0.007878035992498922,0.008615944389064656,0.008615944389064656,1.0,1.0
2024-01-03,2023-12-29,1.2746811654362513,1.2297563619359568,-0.004242265689864855,-0.004242265689864855,0.012821658953662052,0.012821658953662052,1.0,1.0
2024-01-04,2024-01-02,1.2672220572647284,1.2225601422246852,-0.005851744243016377,-0.005851744243016377,0.01859837412771037,0.018598374127710482,1.0,1.0
2024-01-05,2024-01-03,1.2653741071135254,1.2207773211423603,-0.0014582686125206301,-0.0014582686125206301,0.02002952131499669,0.02002952131499669,1.0,1.0
2024-01-08,2024-01-04,1.2689162925802129,1.2241946659897875,0.0027993187522761254,0.0027993187522761254,0.017286271577336754,0.017286271577336754,1.0,1.0
2024-01-09,2024-01-05,1.2792295922810188,1.2341444842373002,0.008127643849410227,0.008127643849410227,0.009299124386791369,0.009299124386791369,1.0,1.0
2024-01-10,2024-01-08,1.2840880655643463,1.238831725714994,0.0037979681775999197,0.0037979681775999197,0.00553647398769197,0.00553647398769197,1.0,1.0
2024-01-11,2024-01-09,1.2927719556341593,1.2472095611684972,0.006762690428087081,0.006762690428087081,0.0,0.0,1.0,1.0
2024-01-12,2024-01-10,1.2925157552489681,1.246962390297724,-0.00019817910194797062,-0.00019817910194797062,0.00019817910194797062,0.0001981791019478596,1.0,1.0
2024-01-16,2024-01-11,1.2874359628164243,1.242061629832579,-0.003930159003412204,-0.003930159003412204,0.004127559229978428,0.004127559229978317,1.0,1.0
2024-01-17,2024-01-12,1.2784741558920005,1.2334156724131173,-0.006960972959632605,-0.006960972959632605,0.011059800361421845,0.011059800361421623,1.0,1.0
2024-01-18,2024-01-16,1.2841312826873403,1.2388734196957223,0.004424905086479969,0.004424905086479969,0.006683833841816478,0.006683833841816367,1.0,1.0
2024-01-19,2024-01-17,1.2938914733539701,1.2482896226580436,0.0076006174744098765,0.0076006174744098765,0.0,0.0,1.0,1.0
2024-01-22,2024-01-18,1.3093061470718366,1.2631610223348604,0.011913420897588178,0.011913420897588178,0.0,0.0,1.0,1.0
2024-01-23,2024-01-19,1.3102179420406768,1.2640406820443757,0.000696395545747075,0.000696395545747075,0.0,0.0,1.0,1.0
2024-01-24,2024-01-22,1.3187859120246554,1.2723066828941396,0.006539347164361109,0.006539347164361109,0.0,0.0,1.0,1.0
2024-01-25,2024-01-23,1.3182733763693701,1.2718122110215673,-0.00038864204615163267,-0.00038864204615163267,0.0003886420461517437,0.00038864204615163267,1.0,1.0
2024-01-26,2024-01-24,1.3188803584338957,1.272397800638541,0.0004604371713834432,0.0004604371713834432,0.0,0.0,1.0,1.0
2024-01-29,2024-01-25,1.3199702284519772,1.2734492593285738,0.0008263600341851252,0.0008263600341851252,0.0,0.0,1.0,1.0
2024-01-30,2024-01-26,1.328856418899651,1.282022265294863,0.006732114297831826,0.006732114297831826,0.0,0.0,1.0,1.0
2024-01-31,2024-01-29,1.3216535111133194,1.275073216454365,-0.005420380775445932,-0.005420380775445932,0.005420380775445932,0.005420380775445932,1.0,1.0
2024-02-01,2024-01-30,1.3113806768834817,1.2651624375146504,-0.007772713607202664,-0.007772713607202664,0.013150963315239128,0.013150963315239128,1.0,1.0
2024-02-02,2024-01-31,1.3262045817021901,1.2794638893238177,0.011304043959178722,0.011304043959178722,0.0019955784234814145,0.0019955784234814145,1.0,1.0
2024-02-05,2024-02-01,1.337300159887757,1.2901684154696864,0.008366415211238154,0.008366415211238154,0.0,0.0,1.0,1.0
2024-02-06,2024-02-02,1.3354037590793144,1.2883388513228242,-0.0014180816433924104,-0.0014180816433924104,0.0014180816433924104,0.0014180816433924104,1.0,1.0
2024-02-07,2024-02-05,1.3415786820411655,1.2942961455880155,0.004624011966319674,0.004624011966319674,0.0,0.0,1.0,1.0
2024-02-08,2024-02-06,1.3475434003698263,1.3000506436622978,0.004446044356925638,0.004446044356925638,0.0,0.0,1.0,1.0
2024-02-09,2024-02-07,1.3499739453950514,1.3023955266720968,0.0018036858957997115,0.0018036858957997115,0.0,0.0,1.0,1.0
2024-02-12,2024-02-08,1.3560869831633018,1.3082931168225622,0.004528263518790654,0.004528263518790654,0.0,0.0,1.0,1.0
2024-02-13,2024-02-09,1.3402001853071572,1.292966232528561,-0.011715176130579708,-0.011715176130579708,0.011715176130579708,0.011715176130579597,1.0,1.0
2024-02-14,2024-02-12,1.3424932286620317,1.2951784599704614,0.0017109707788534045,0.0017109707788534045,0.010024249675754882,0.01002424967575477,1.0,1.0
2024-02-15,2024-02-13,1.349696136448363,1.3021275088109592,0.005365321502224685,0.005365321502224685,0.004712711495859168,0.004712711495859168,1.0,1.0
2024-02-16,2024-02-14,1.3572469393771003,1.3094121915937016,0.00559444657566166,0.00559444657566166,0.0,0.0,1.0,1.0
2024-02-20,2024-02-15,1.3459678367922019,1.2985306091738655,-0.008310280360679934,-0.008310280360679934,0.008310280360679934,0.008310280360679934,1.0,1.0
2024-02-21,2024-02-16,1.3388755885804784,1.291688319827093,-0.005269255340176859,-0.005269255340176859,0.01353574671168778,0.013535746711688001,1.0,1.0
2024-02-22,2024-02-20,1.3593242208407716,1.311416261446422,0.015272989092267819,0.015272989092267819,0.0,0.0,1.0,1.0
2024-02-23,2024-02-21,1.3760741741696523,1.327575880201965,0.012322265043228864,0.012322265043228864,0.0,0.0,1.0,1.0
2024-02-26,2024-02-22,1.373937624279503,1.325514630776423,-0.001552641514719677,-0.001552641514719677,0.001552641514719677,0.001552641514719677,1.0,1.0
2024-02-27,2024-02-23,1.3689738868176964,1.3207258350460431,-0.003612782250147384,-0.003612782250147384,0.005159814409161689,0.005159814409161911,1.0,1.0
2024-02-28,2024-02-26,1.3669776172269041,1.318799921887535,-0.0014582232795051775,-0.0014582232795051775,0.006610513527177564,0.006610513527177786,1.0,1.0
2024-02-29,2024-02-27,1.3718765559811998,1.323526202673027,0.0035837739349631192,0.0035837739349631192,0.0030504301782898757,0.0030504301782899867,1.0,1.0
2024-03-01,2024-02-28,1.3754240019591133,1.3269486226304679,0.002585834682025112,0.002585834682025112,0.0004724834044148585,0.0004724834044150805,1.0,1.0
2024-03-04,2024-02-29,1.384186233180721,1.335402038183869,0.00637056733714636,0.00637056733714636,0.0,0.0,1.0,1.0
2024-03-05,2024-03-01,1.3786639912886092,1.330074421927258,-0.00398952233430494,-0.00398952233430494,0.00398952233430494,0.00398952233430494,1.0,1.0
2024-03-06,2024-03-04,1.3779922105165727,1.3294263173653966,-0.0004872693972434172,-0.0004872693972434172,0.00447484775940532,0.004474847759405209,1.0,1.0
2024-03-07,2024-03-05,1.3845611322807525,1.335763724357517,0.0047670238728834136,0.0047670238728834136,0.0,0.0,1.0,1.0
2024-03-08,2024-03-06,1.393215374648836,1.344112957011507,0.006250531064545761,0.006250531064545761,0.0,0.0,1.0,1.0
2024-03-11,2024-03-07,1.3790524598099054,1.330449199282121,-0.010165632031228777,-0.010165632031228777,0.010165632031228777,0.010165632031228888,1.0,1.0
2024-03-12,2024-03-08,1.385079063332167,1.3362634014711292,0.004370104617406945,0.004370104617406945,0.005839952289300454,0.005839952289300454,1.0,1.0
2024-03-13,2024-03-11,1.3956514499550934,1.3464631753933718,0.007633056410145889,0.007633056410145889,0.0,0.0,1.0,1.0
2024-03-14,2024-03-12,1.3960965431587649,1.3468925817529473,0.00031891429890018586,0.00031891429890018586,0.0,0.0,1.0,1.0
2024-03-15,2024-03-13,1.3821143740901596,1.3334031995983937,-0.010015187801389214,-0.010015187801389214,0.010015187801389214,0.010015187801389103,1.0,1.0
2024-03-18,2024-03-14,1.3906013052242794,1.3415910177277408,0.006140541834467772,0.006140541834467772,0.003936144646595974,0.003936144646595863,1.0,1.0
2024-03-19,2024-03-15,1.3863712607050906,1.3375100567001537,-0.003041881597045215,-0.003041881597045215,0.006966052957677382,0.006966052957677271,1.0,1.0
2024-03-20,2024-03-18,1.3978634814370894,1.3485972461410607,0.008289425104033077,0.008289425104033077,0.0,0.0,1.0,1.0
2024-03-21,2024-03-19,1.4172168482831717,1.3672685238293167,0.013844962046068998,0.013844962046068998,0.0,0.0,1.0,1.0
2024-03-22,2024-03-20,1.414262814948519,1.3644186023076343,-0.002084390499753952,-0.002084390499753952,0.002084390499753952,0.002084390499753952,1.0,1.0
2024-03-25,2024-03-21,1.4080689001922935,1.3584429855939832,-0.00437960659840364,-0.00437960659840364,0.006454868287771309,0.006454868287771087,1.0,1.0
2024-03-26,2024-03-22,1.4105858794635067,1.360871256565239,0.0017875398504074713,0.0017875398504074713,0.004678866771657297,0.004678866771657186,1.0,1.0
2024-03-27,2024-03-25,1.4099006641551088,1.3602101909531887,-0.0004857664594363209,-0.0004857664594363209,0.00516236039454776,0.005162360394547538,1.0,1.0
2024-03-28,2024-03-26,1.4157599834203876,1.3658630046437592,0.004155838360988318,0.004155838360988318,0.0010279759689203471,0.0010279759689202361,1.0,1.0
2024-04-01,2024-03-27,1.4184416032044809,1.3684501135453435,0.0018941203420757002,0.0018941203420757002,0.0,0.0,1.0,1.0
2024-04-02,2024-03-28,1.4039603060399712,1.3544791945422012,-0.010209300919963304,-0.010209300919963304,0.010209300919963193,0.010209300919963304,1.0,1.0
2024-04-03,2024-04-01,1.4012842165369102,1.3518974210126826,-0.0019061005439742207,-0.0019061005439742207,0.012095941509900343,0.012095941509900343,1.0,1.0
2024-04-04,2024-04-02,1.4146862995906933,1.3648271616768457,0.009564143301995287,0.009564143301995287,0.002647485525878457,0.002647485525878346,1.0,1.0
2024-04-05,2024-04-03,1.3917289969692255,1.342678965157462,-0.016227839789011878,-0.016227839789011878,0.018832362343932596,0.018832362343932485,1.0,1.0
2024-04-08,2024-04-04,1.405870303246659,1.3563218758964837,0.010160962592738354,0.010160962592738354,0.008862754680503793,0.008862754680503682,1.0,1.0
2024-04-09,2024-04-05,1.407397119420257,1.3577948810321219,0.0010860291806946698,0.0010860291806946698,0.007786350710013434,0.007786350710013323,1.0,1.0
2024-04-10,2024-04-08,1.394137960409934,1.345003027203102,-0.009421050268871412,-0.009421050268871412,0.017134045377434792,0.01713404537743468,1.0,1.0
2024-04-11,2024-04-09,1.3955057742596069,1.3463226338852983,0.0009811180016006116,0.0009811180016006116,0.016169737896194247,0.016169737896194136,1.0,1.0
2024-04-12,2024-04-10,1.3951171978303878,1.3459477524256143,-0.00027844845674340757,-0.00027844845674340757,0.016443683914374452,0.01644368391437434,1.0,1.0
2024-04-15,2024-04-11,1.3892254522343734,1.3402636552363951,-0.004223118749576704,-0.004223118749576704,0.020597359034100204,0.020597359034099982,1.0,1.0
2024-04-16,2024-04-12,1.3662734101241314,1.3181205338270252,-0.01652146674488786,-0.01652146674488786,0.03677852719667374,0.036778527196673516,1.0,1.0
2024-04-17,2024-04-15,1.3674551097843304,1.3192605857195547,0.0008649071638535677,0.0008649071638535677,0.035945430044468596,0.03594543004446826,1.0,1.0
2024-04-18,2024-04-16,1.3573521765785987,1.3095137198201827,-0.007388127868654504,-0.007388127868654504,0.04306798847966076,0.043067988479660424,1.0,1.0
2024-04-19,2024-04-17,1.3503165530492502,1.3027260594781227,-0.0051833441981746775,-0.0051833441981746775,0.04802809646962236,0.04802809646962192,1.0,1.0
2024-04-22,2024-04-18,1.3454310758082966,1.298012765769025,-0.0036180236626155438,-0.0036180236626155438,0.05147235334274047,0.05147235334273992,1.0,1.0
2024-04-23,2024-04-19,1.3566319181723423,1.3088188461675794,0.00832509562581385,0.00832509562581385,0.04357576998059054,0.043575769980589985,1.0,1.0
2024-04-24,2024-04-22,1.371741671077972,1.323396071647034,0.011137695275506676,0.011137695275506676,0.032923408352523276,0.03292340835252272,1.0,1.0
2024-04-25,2024-04-23,1.3542120290544726,1.3064842435088342,-0.012779113147247223,-0.012779113147247223,0.04528178953924056,0.04528178953924,1.0,1.0
2024-04-26,2024-04-24,1.371685019418616,1.3233414166161166,0.012902699126327688,0.012902699126327688,0.03296334771923948,0.03296334771923881,1.0,1.0
2024-04-29,2024-04-25,1.3796378333129335,1.3310139419087315,0.005797842640060447,0.005797842640060447,0.027356621382144675,0.02735662138214412,1.0,1.0
2024-04-30,2024-04-26,1.3768456888391352,1.3283202036444473,-0.002023824228633675,-0.002023824228633675,0.029325080617611632,0.029325080617611077,1.0,1.0
2024-05-01,2024-04-29,1.3566803958065625,1.3088656152583216,-0.014646008042901837,-0.014646008042901837,0.04354159329392915,0.043541593293928704,1.0,1.0
2024-05-02,2024-04-30,1.3621540251795512,1.3141463322931644,0.004034575416514752,0.004034575416514752,0.03968268971931399,0.039682689719313435,1.0,1.0
2024-05-03,2024-05-01,1.3819713151617958,1.3332651826322248,0.01454849423480753,0.01454849423480753,0.02571151886710954,0.025711518867109096,1.0,1.0
2024-05-06,2024-05-02,1.3872696211375688,1.3383767553594803,0.0038338755064193375,0.0038338755064193375,0.02197621812310757,0.021976218123107127,1.0,1.0
2024-05-07,2024-05-03,1.3993499940016025,1.350031368126132,0.008708020906655234,0.008708020906655234,0.013459566583317484,0.01345956658331715,1.0,1.0
2024-05-08,2024-05-06,1.394434734174016,1.3452893414864946,-0.00351253070972668,-0.00351253070972668,0.016924820152080744,0.01692482015208041,1.0,1.0
2024-05-09,2024-05-07,1.399843564839494,1.3505075435764498,0.003878869718977551,0.003878869718977551,0.013111599605490243,0.01311159960548991,1.0,1.0
2024-05-10,2024-05-08,1.409679479890796,1.359996802096764,0.00702643873812403,0.00702643873812403,0.0061772887187530046,0.0061772887187526715,1.0,1.0
2024-05-13,2024-05-09,1.4117270057448148,1.36197216504515,0.0014524761715177803,0.0014524761715177803,0.004733784911903793,0.00473378491190346,1.0,1.0
2024-05-14,2024-05-10,1.408495163463474,1.35885422566233,-0.0022892827495608614,-0.0022892827495608614,0.007012230689325771,0.007012230689325438,1.0,1.0
2024-05-15,2024-05-13,1.4198685775727096,1.3698267956955412,0.008074869125761497,0.008074869125761497,0.0,0.0,1.0,1.0
2024-05-16,2024-05-14,1.4324965022129066,1.3820096623491136,0.00889372779964237,0.00889372779964237,0.0,0.0,1.0,1.0
2024-05-17,2024-05-15,1.4306162875928514,1.3801957139253707,-0.0013125439518705262,-0.0013125439518705262,0.0013125439518705262,0.0013125439518705262,1.0,1.0
2024-05-20,2024-05-16,1.431223269657377,1.3807813035423442,0.00042428013003181775,0.00042428013003181775,0.0008888207081572119,0.000888820708157323,1.0,1.0
2024-05-21,2024-05-17,1.42942654879242,1.3790479062236918,-0.0012553742683257818,-0.0012553742683257818,0.002143079173836826,0.002143079173836937,1.0,1.0
2024-05-22,2024-05-20,1.4349810821303648,1.3844066758479259,0.003885847329922143,0.003885847329922143,0.0,0.0,1.0,1.0
2024-05-23,2024-05-21,1.4406408526698078,1.3898669736986402,0.003944142964616981,0.003944142964616981,0.0,0.0,1.0,1.0
2024-05-24,2024-05-22,1.4247757982600635,1.374561066526029,-0.01101249793128034,-0.01101249793128034,0.01101249793128034,0.01101249793128034,1.0,1.0
2024-05-28,2024-05-23,1.4340720657905313,1.3835296968375461,0.006524723077006467,0.006524723077006467,0.004559628353661638,0.004559628353661527,1.0,1.0
2024-05-29,2024-05-24,1.4240419704325424,1.3738531016922104,-0.006994136206439405,-0.006994136206439405,0.011521873898344692,0.011521873898344803,1.0,1.0
2024-05-30,2024-05-28,1.4189271349021404,1.3689185331865126,-0.0035917730211620924,-0.0035917730211620924,0.015072262963685468,0.015072262963685468,1.0,1.0
2024-05-31,2024-05-29,1.4144597469072318,1.364608593605586,-0.003148426642229696,-0.003148426642229696,0.018173235691641643,0.018173235691641643,1.0,1.0
2024-06-03,2024-05-30,1.4290111032904784,1.37864710266363,0.010287571926358208,0.010287571926358208,0.008072622234595817,0.008072622234595928,1.0,1.0
2024-06-04,2024-05-31,1.4239098371813408,1.3737256253391468,-0.00356978759464599,-0.00356978759464599,0.011613592282532448,0.011613592282532559,1.0,1.0
2024-06-05,2024-06-03,1.4336862410133384,1.3831574700507923,0.0068658868537281315,0.0068658868537281315,0.004827443039381429,0.004827443039381651,1.0,1.0
2024-06-06,2024-06-04,1.4453726150750432,1.394431970090515,0.008151277265132206,0.008151277265132206,0.0,0.0,1.0,1.0
2024-06-07,2024-06-05,1.4415986164136683,1.3907909820618143,-0.002611090470382993,-0.002611090470382993,0.002611090470382993,0.002611090470382993,1.0,1.0
2024-06-10,2024-06-06,1.4408999395919284,1.3901169293733697,-0.0004846541983218877,-0.0004846541983218877,0.003094479192746191,0.0030944791927463022,1.0,1.0
2024-06-11,2024-06-07,1.4440777739580168,1.3931827642933816,0.0022054511064719673,0.0022054511064719673,0.0008958528088337525,0.0008958528088338635,1.0,1.0
2024-06-12,2024-06-10,1.4592199262174015,1.4077912472452798,0.010485690267139969,0.010485690267139969,0.0,0.0,1.0,1.0
2024-06-13,2024-06-11,1.4584903162542928,1.4163279206291117,-0.0004999999999999449,0.006063877297529885,0.0004999999999999449,0.0,0.0,1.0
2024-06-14,2024-06-12,1.4584903162542928,1.4116822169749152,0.0,-0.0032801045481987146,0.0004999999999999449,0.0032801045481988256,0.0,1.0
2024-06-17,2024-06-13,1.4584903162542928,1.4135118071479829,0.0,0.0012960354328102053,0.0004999999999999449,0.0019883202471063788,0.0,1.0
2024-06-18,2024-06-14,1.4584903162542928,1.425234009969536,0.0,0.008292964206082498,0.0004999999999999449,0.0,0.0,1.0
2024-06-20,2024-06-17,1.4584903162542928,1.4314387353675526,0.0,0.004353478344338191,0.0004999999999999449,0.0,0.0,1.0
2024-06-21,2024-06-18,1.4584903162542928,1.422792777948091,0.0,-0.006040047125902115,0.0004999999999999449,0.006040047125902115,0.0,1.0
2024-06-24,2024-06-20,1.4584903162542928,1.4209215198205,0.0,-0.001315200749254175,0.0004999999999999449,0.007347304000650756,0.0,1.0
2024-06-25,2024-06-21,1.4584903162542928,1.4212207951540812,0.0,0.0002106205933307681,0.0004999999999999449,0.007138230900847975,0.0,1.0
2024-06-26,2024-06-24,1.4584903162542928,1.4212155899130416,0.0,-3.662513986091298e-06,0.0004999999999999449,0.007141867270963553,0.0,1.0
2024-06-27,2024-06-25,1.4584903162542928,1.4245677130902406,0.0,0.0023586310205083727,0.0004999999999999449,0.004800081280144863,0.0,1.0
2024-06-28,2024-06-26,1.4584903162542928,1.4284430670967567,0.0,0.002720371921184128,0.0004999999999999449,0.0020927673652946233,0.0,1.0
2024-07-01,2024-06-27,1.4584903162542928,1.4239145334183656,0.0,-0.003170258432206974,0.0004999999999999449,0.00525639118411525,0.0,1.0
2024-07-02,2024-06-28,1.4584903162542928,1.421509633979378,0.0,-0.0016889352433352434,0.0004999999999999449,0.00693644872312682,0.0,1.0
2024-07-03,2024-07-01,1.4584903162542928,1.43337760957625,0.0,0.008348853439458459,0.0004999999999999449,0.0,0.0,1.0
2024-07-05,2024-07-02,1.4584903162542928,1.4413078723789492,0.0,0.005532570586925578,0.0004999999999999449,0.0,0.0,1.0
2024-07-08,2024-07-03,1.4584903162542928,1.4503753502178114,0.0,0.006291145710524582,0.0004999999999999449,0.0,0.0,1.0
2024-07-09,2024-07-05,1.4584903162542928,1.4533658132475675,0.0,0.0020618545601365224,0.0004999999999999449,0.0,0.0,1.0
2024-07-10,2024-07-08,1.4584903162542928,1.4551927487477045,0.0,0.0012570376181166854,0.0004999999999999449,0.0,0.0,1.0
2024-07-11,2024-07-09,1.4584903162542928,1.4666313179850008,0.0,0.007860518303942854,0.0004999999999999449,0.0,0.0,1.0
2024-07-12,2024-07-10,1.4584903162542928,1.4550626177217103,0.0,-0.00788794028971418,0.0004999999999999449,0.00788794028971418,0.0,1.0
2024-07-15,2024-07-11,1.4584903162542928,1.4673991430907767,0.0,0.008478346717739615,0.0004999999999999449,0.0,0.0,1.0
2024-07-16,2024-07-12,1.4584903162542928,1.4689423929542464,0.0,0.0010516905851662983,0.0004999999999999449,0.0,0.0,1.0
2024-07-17,2024-07-15,1.4584903162542928,1.4600882779456044,0.0,-0.006027544069196034,0.0004999999999999449,0.006027544069196145,0.0,1.0
2024-07-18,2024-07-16,1.4584903162542928,1.4596953603257175,0.0,-0.0002691053861755277,0.0004999999999999449,0.006295027410797238,0.0,1.0
2024-07-19,2024-07-17,1.4584903162542928,1.4427288771566,0.0,-0.011623304170351956,0.0004999999999999449,0.017845162562792782,0.0,1.0
2024-07-22,2024-07-18,1.458068724138685,1.443033357731221,-0.00028906062036160307,0.00021104490208934124,0.0007889160900513836,0.017637883791289277,1.0,1.0
2024-07-23,2024-07-19,1.4635280075236679,1.4484363458780878,0.003744187975918578,0.003744187975918578,0.0,0.01395973536778261,1.0,1.0
2024-07-24,2024-07-22,1.4478915856857362,1.4329611642668634,-0.010684060542434759,-0.010684060542434759,0.010684060542434648,0.024494649252391643,1.0,1.0
2024-07-25,2024-07-23,1.4276058923455188,1.4128846536813067,-0.01401050571794693,-0.01401050571794693,0.024544877169061063,0.03816197254692877,1.0,1.0
2024-07-26,2024-07-24,1.428912793213463,1.4141780780010729,0.0009154493372096617,0.0009154493372096617,0.02365189742338769,0.03728145856219378,1.0,1.0
2024-07-29,2024-07-25,1.4401890832364759,1.4253380887641263,0.007891517296624961,0.007891517296624961,0.015947029484377317,0.02968414854065582,1.0,1.0
2024-07-30,2024-07-26,1.4407624187038668,1.4259055120898712,0.0003980973568431523,0.0003980973568431523,0.015555280597821408,0.029297868364886792,1.0,1.0
2024-07-31,2024-07-29,1.44782584223704,1.4328960987538666,0.004902559534782691,0.004902559534782691,0.010728981752249678,0.024538943374005084,1.0,1.0
2024-08-01,2024-07-30,1.4563067471188647,1.4412895499304894,0.005857683040607187,0.005857683040607187,0.004934145686095737,0.01882500168583423,1.0,1.0
2024-08-02,2024-07-31,1.4139127679589119,1.3993327305556604,-0.029110610964224737,-0.029110610964224737,0.033901120654811656,0.04738760534958175,1.0,1.0
2024-08-05,2024-08-01,1.3546148595675416,1.3406462925052285,-0.041938873270782606,-0.041938873270782606,0.07441821912271462,0.08733909584500232,1.0,1.0
2024-08-06,2024-08-02,1.369151998348512,1.3550335266867317,0.010731566008076676,0.010731566008076676,0.0644852771453569,0.07754481510907196,1.0,1.0
2024-08-07,2024-08-05,1.3919544560943422,1.3776008492146372,0.01665443849429038,0.01665443849429038,0.04890480473307113,0.0621818419685668,1.0,1.0
2024-08-08,2024-08-06,1.3812882126804724,1.3670445943597864,-0.007662781901498383,-0.007662781901498383,0.056192839781964654,0.06936813797682662,1.0,1.0
2024-08-09,2024-08-07,1.3976163607882073,1.3832043692725609,0.011820956667724758,0.011820956667724758,0.04503613623833891,0.058367179062246644,1.0,1.0
2024-08-12,2024-08-08,1.4074041665379764,1.3928912447689499,0.007003213488606441,0.007003213488606441,0.038348320426511484,0.0517727233893408,1.0,1.0
2024-08-13,2024-08-09,1.414004835084466,1.3994238483000614,0.0046899595037623865,0.0046899595037623865,0.0338382129925866,0.04732557586167396,1.0,1.0
2024-08-14,2024-08-12,1.4311980354901475,1.4164397552328518,0.012159223207079295,0.012159223207079295,0.02209043617021289,0.03574179489490026,1.0,1.0
2024-08-15,2024-08-13,1.4466530054096771,1.431735356028204,0.01079862432471601,0.01079862432471601,0.011530358166868093,0.025329132785945396,1.0,1.0
2024-08-16,2024-08-14,1.4543765720598998,1.4393792785213058,0.005338921373225558,0.005338921373225558,0.0062529964693006646,0.02012544166111596,1.0,1.0
2024-08-19,2024-08-15,1.4614058615945098,1.4463360831709529,0.004833197721724858,0.004833197721724858,0.0014500207158650857,0.015389514178176245,1.0,1.0
2024-08-20,2024-08-16,1.4734105890290778,1.4582170198180138,0.008214506147847134,0.008214506147847134,0.0,0.007301425289158225,1.0,1.0
2024-08-21,2024-08-19,1.4734657872286034,1.458271648822726,3.7462876903759934e-05,3.7462876903759934e-05,0.0,0.007264235944651309,1.0,1.0
2024-08-22,2024-08-20,1.4825857710265156,1.467297588838091,0.006189477812759803,0.006189477812759803,0.0,0.0011197199590975426,1.0,1.0
2024-08-23,2024-08-21,1.4733081081412505,1.458115595696354,-0.006257757943300302,-0.006257757943300302,0.006257757943300302,0.007370470965929576,1.0,1.0
2024-08-26,2024-08-22,1.483082844093419,1.4677895361687594,0.0066345497578916834,0.0066345497578916834,0.0,0.0007848209644004678,1.0,1.0
2024-08-27,2024-08-23,1.4734132713617851,1.4582196744909441,-0.006519914089859635,-0.006519914089859635,0.006519914089859635,0.0072996180889962625,1.0,1.0
2024-08-28,2024-08-26,1.479098685912904,1.4638464619763156,0.00385866929640466,0.00385866929640466,0.002686402985768721,0.003469115604787021,1.0,1.0
2024-08-29,2024-08-27,1.4745729069046496,1.4593673520615968,-0.0030598222088616955,-0.0030598222088616955,0.005738005279112612,0.006518322936676091,1.0,1.0
2024-08-30,2024-08-28,1.4760035895377996,1.460783281729234,0.0009702352636826728,0.0009702352636826728,0.0047733372304948896,0.0055544119797668046,1.0,1.0
2024-09-03,2024-08-29,1.4789357210522756,1.4636851775826982,0.001986534135322904,0.001986534135322904,0.0027962854925197567,0.00357891187344328,1.0,1.0
2024-09-04,2024-08-30,1.4481125888628743,1.4331798884953546,-0.02084142789347887,-0.02084142789347887,0.023579434803536747,0.02434575013317475,1.0,1.0
2024-09-05,2024-09-03,1.4516364114156175,1.436667373965793,0.002433389903412353,0.002433389903412353,0.02120342285870358,0.02197160293232736,1.0,1.0
2024-09-06,2024-09-04,1.4482834955321053,1.4333490328029421,-0.0023097490922278086,-0.0023097490922278086,0.023464197364231443,0.024230603134627438,1.0,1.0
2024-09-09,2024-09-05,1.4311217467922808,1.41636425321157,-0.011849716435192392,-0.011849716435192392,0.03503586971427819,0.03579319379362089,1.0,1.0
2024-09-10,2024-09-06,1.4438601974116787,1.428971347009883,0.008901025120993333,0.008901025120993333,0.02644669974974756,0.027210764789745157,1.0,1.0
2024-09-11,2024-09-09,1.4454143988362391,1.430509521763339,0.0010764209909979172,0.0010764209909979172,0.02539874654150276,0.026163634037148054,1.0,1.0
2024-09-12,2024-09-10,1.4614716050432068,1.4464011486839499,0.011109067558684904,0.011109067558684904,0.014571835374053377,0.01534522005656258,1.0,1.0
2024-09-13,2024-09-11,1.4735315306773002,1.458336714335723,0.008251905539921056,0.008251905539921056,0.006440175243182189,0.0072199418230376455,1.0,1.0
2024-09-16,2024-09-12,1.4766530822161605,1.4614260769452347,0.0021184151637565485,0.0021184151637565485,0.004335403044318009,0.00511682149352044,1.0,1.0
2024-09-17,2024-09-13,1.4872508735512477,1.471914585587953,0.007176899884421051,0.007176899884421051,0.0,0.0,1.0,1.0
2024-09-18,2024-09-16,1.4836140511588856,1.4683152655137754,-0.002445332160860181,-0.002445332160860181,0.002445332160860181,0.002445332160860292,1.0,1.0
2024-09-19,2024-09-17,1.4996422250589092,1.484178159503847,0.010803465960371295,0.010803465960371295,0.0,0.0,1.0,1.0
2024-09-20,2024-09-18,1.5014857239551127,1.4860026485406954,0.0012292924708299235,0.0012292924708299235,0.0,0.0,1.0,1.0
2024-09-23,2024-09-19,1.5020799921365686,1.4865907887257788,0.00039578676771601096,0.00039578676771601096,0.0,0.0,1.0,1.0
2024-09-24,2024-09-20,1.5062245380345227,1.49069259674373,0.0027592045161715095,0.0027592045161715095,0.0,0.0,1.0,1.0
2024-09-25,2024-09-23,1.507799672173148,1.492251488356524,0.0010457498857909808,0.0010457498857909808,0.0,0.0,1.0,1.0
2024-09-26,2024-09-24,1.5153129123823013,1.4996872532604455,0.004982916728138553,0.004982916728138553,0.0,0.0,1.0,1.0
2024-09-27,2024-09-25,1.513508833257936,1.4979017775051904,-0.0011905654004682464,-0.0011905654004682464,0.0011905654004682464,0.0011905654004682464,1.0,1.0
2024-09-30,2024-09-26,1.5059246953137084,1.490395845952053,-0.005010963780040956,-0.005010963780040956,0.006195563300409823,0.006195563300409601,1.0,1.0
2024-10-01,2024-09-27,1.5141321074489562,1.4985186245946076,0.005450081375774296,0.005450081375774296,0.0007792482487914976,0.0007792482487913865,1.0,1.0
2024-10-02,2024-09-30,1.498461525315082,1.48300963494283,-0.01034954747791228,-0.01034954747791228,0.011120730859955796,0.011120730859955685,1.0,1.0
2024-10-03,2024-10-01,1.4984746214100624,1.4830225959930192,8.739693852177766e-06,8.739693852177766e-06,0.011112088357886796,0.011112088357886574,1.0,1.0
2024-10-04,2024-10-02,1.5088068881045547,1.4932483180418445,0.006895189646101363,0.006895189646101363,0.00429351866837735,0.004293518668377128,1.0,1.0
2024-10-07,2024-10-03,1.508890987124127,1.4933315498460704,5.5738756387757604e-05,5.5738756387757604e-05,0.004238019227380652,0.00423801922738043,1.0,1.0
2024-10-08,2024-10-04,1.5039839750055723,1.4884751380345842,-0.003252065364846013,-0.003252065364846013,0.007476302276681612,0.007476302276681501,1.0,1.0
2024-10-09,2024-10-07,1.5125726202511207,1.4969752185739067,0.005710596248551525,0.005710596248551525,0.001808400171864455,0.0018084001718642329,1.0,1.0
2024-10-10,2024-10-08,1.519557230537997,1.5038878047009212,0.004617702445067762,0.004617702445067762,0.0,0.0,1.0,1.0
2024-10-11,2024-10-09,1.5186972799316696,1.503036721764714,-0.0005659218284413958,-0.0005659218284413958,0.0005659218284413958,0.0005659218284415068,1.0,1.0
2024-10-14,2024-10-10,1.5330872848744577,1.5172783393281295,0.009475229285612174,0.009475229285612174,0.0,0.0,1.0,1.0
2024-10-15,2024-10-11,1.542798933413257,1.5268898429342628,0.00633470033612249,0.00633470033612249,0.0,0.0,1.0,1.0
2024-10-16,2024-10-14,1.5296081415694487,1.5138350723803244,-0.008549909880106843,-0.008549909880106843,0.008549909880106843,0.008549909880106732,1.0,1.0
2024-10-17,2024-10-15,1.5451341144135706,1.5292009439297136,0.01015029432844905,0.01015029432844905,0.0,0.0,1.0,1.0
2024-10-18,2024-10-16,1.5408765949733765,1.524987327334228,-0.0027554368261488715,-0.0027554368261488715,0.0027554368261488715,0.0027554368261488715,1.0,1.0
2024-10-21,2024-10-17,1.5404531019742544,1.524568201325706,-0.00027483901079661255,-0.00027483901079661255,0.0030295185354138887,0.0030295185354139997,1.0,1.0
2024-10-22,2024-10-18,1.5338473054387665,1.5180305226845807,-0.004288216581875726,-0.004288216581875726,0.007304743885670928,0.007304743885671039,1.0,1.0
2024-10-23,2024-10-21,1.5343206056746208,1.5184989423257491,0.00030857063423206377,0.00030857063423206377,0.006998427280892616,0.006998427280892616,1.0,1.0
2024-10-24,2024-10-22,1.529928890706948,1.514152514005134,-0.0028623189647785097,-0.0028623189647785097,0.009840714514541382,0.009840714514541493,1.0,1.0
2024-10-25,2024-10-23,1.532282558765035,1.5164819114228398,0.0015384166364749152,0.0015384166364749152,0.008317436996990502,0.008317436996990502,1.0,1.0
2024-10-28,2024-10-24,1.534170763206352,1.518350645008526,0.0012322821469943346,0.0012322821469943346,0.0070954042791163685,0.0070954042791163685,1.0,1.0
2024-10-29,2024-10-25,1.5304233866306618,1.5146419107676927,-0.002442607215286885,-0.002442607215286885,0.00952068020871577,0.00952068020871566,1.0,1.0
2024-10-30,2024-10-28,1.5338340778568882,1.5180174315033654,0.002228593248130739,0.002228593248130739,0.007313304684215871,0.007313304684215649,1.0,1.0
2024-10-31,2024-10-29,1.518763023380365,1.5031017872777106,-0.009825739755098373,-0.009825739755098373,0.017067185810737406,0.017067185810737073,1.0,1.0
2024-11-01,2024-10-30,1.505056934385675,1.4895370332329012,-0.009024507960553207,-0.009024507960553207,0.02593767081707743,0.025937670817077096,1.0,1.0
2024-11-04,2024-10-31,1.5055643949174722,1.4900392609146231,0.00033717032239999334,0.00033717032239999334,0.025609245907509126,0.025609245907508682,1.0,1.0
2024-11-05,2024-11-01,1.5048491850877945,1.4893314262118305,-0.0004750443302804497,-0.0004750443302804497,0.026072124710718403,0.02607212471071796,1.0,1.0
2024-11-06,2024-11-04,1.5423124055955237,1.5264083321118789,0.02489500002988243,0.02489500002988243,0.0018261902262883822,0.0018261902262879381,1.0,1.0
2024-11-07,2024-11-05,1.5639603820848673,1.5478330782053509,0.014036051587735798,0.014036051587735798,0.0,0.0,1.0,1.0
2024-11-08,2024-11-06,1.5717312051260128,1.5555237697891948,0.004968682794116885,0.004968682794116885,0.0,0.0,1.0,1.0
2024-11-11,2024-11-07,1.5801726902359994,1.5638782076842246,0.005370819821134631,0.005370819821134631,0.0,0.0,1.0,1.0
2024-11-12,2024-11-08,1.5787895006701875,1.5625092813431762,-0.000875340761398169,-0.000875340761398169,0.000875340761398169,0.000875340761398169,1.0,1.0
2024-11-13,2024-11-11,1.5740953921358911,1.55786357768898,-0.0029732326775062656,-0.0029732326775062656,0.003845970847148772,0.003845970847148661,1.0,1.0
2024-11-14,2024-11-12,1.575128931744156,1.5588864596057042,0.0006565927410933092,0.0006565927410933092,0.003191903342596114,0.003191903342596114,1.0,1.0
2024-11-15,2024-11-13,1.5549088240683582,1.5388748583759133,-0.012837112739341183,-0.012837112739341183,0.01598804125887532,0.015988041258875207,1.0,1.0
2024-11-18,2024-11-14,1.5447527498163718,1.5288235119019198,-0.006531620436376118,-0.006531620436376118,0.022415233878227303,0.022415233878227303,1.0,1.0
2024-11-19,2024-11-15,1.543669271484477,1.5277512062215228,-0.0007013927193355585,-0.0007013927193355585,0.023100904715718462,0.023100904715718462,1.0,1.0
2024-11-20,2024-11-18,1.5553163808555164,1.5392782125040847,0.007545080793011305,0.007545080793011305,0.01573012211517888,0.01573012211517888,1.0,1.0
2024-11-21,2024-11-19,1.5622168921228203,1.5461075668268736,0.004436725126953478,0.004436725126953478,0.011363187216263948,0.011363187216263837,1.0,1.0
2024-11-22,2024-11-20,1.56321088047235,1.5470913053309792,0.0006362678284568268,0.0006362678284568268,0.010734149418261452,0.010734149418261452,1.0,1.0
2024-11-25,2024-11-21,1.5758125584210803,1.5595630368360534,0.008061406241570257,0.008061406241570257,0.002759275515809567,0.002759275515809567,1.0,1.0
2024-11-26,2024-11-22,1.577850605330666,1.5615800677389626,0.0012933307954010598,0.0012933307954010598,0.0014695133764061064,0.0014695133764061064,1.0,1.0
2024-11-27,2024-11-25,1.581553302658622,1.5652445834571629,0.002346671678197243,0.002346671678197243,0.0,0.0,1.0,1.0
2024-11-29,2024-11-26,1.5788894044148265,1.5626081548967263,-0.0016843556516984437,-0.0016843556516984437,0.0016843556516984437,0.0016843556516985547,1.0,1.0
2024-12-02,2024-11-27,1.5883906213230388,1.5720113968088587,0.006017658286670002,0.006017658286670002,0.0,0.0,1.0,1.0
2024-12-03,2024-11-29,1.5891428052682628,1.5727558243561606,0.00047355098621615355,0.00047355098621615355,0.0,0.0,1.0,1.0
2024-12-04,2024-12-02,1.59609054662911,1.5796319217434864,0.0043720056736338275,0.0043720056736338275,0.0,0.0,1.0,1.0
2024-12-05,2024-12-03,1.6012552730665544,1.5847433903659214,0.00323586055211722,0.00323586055211722,0.0,0.0,1.0,1.0
2024-12-06,2024-12-04,1.5992435498338264,1.582752411694416,-0.0012563413632825648,-0.0012563413632825648,0.0012563413632825648,0.0012563413632825648,1.0,1.0
2024-12-09,2024-12-05,1.5996721708219468,1.5831766128129516,0.00026801482998939363,0.00026801482998939363,0.0009886632514101157,0.0009886632514100047,1.0,1.0
2024-12-10,2024-12-06,1.5929873769585052,1.5765607514514088,-0.004178852383239673,-0.004178852383239673,0.005163384156865458,0.005163384156865347,1.0,1.0
2024-12-11,2024-12-09,1.5936606161705353,1.5772270483307045,0.00042262683419092006,0.00042262683419092006,0.004742939507374477,0.004742939507374366,1.0,1.0
2024-12-12,2024-12-10,1.5973790919261783,1.580907179772024,0.002333292118731123,0.002333292118731123,0.0024207140520153825,0.0024207140520154935,1.0,1.0
2024-12-13,2024-12-11,1.595769666004713,1.5793143499876503,-0.0010075416221484446,-0.0010075416221484446,0.0034258167040012166,0.0034258167040012166,1.0,1.0
2024-12-16,2024-12-12,1.594617867080933,1.5781744282261467,-0.000721782691021855,-0.000721782691021855,0.004145126699823476,0.004145126699823587,1.0,1.0
2024-12-17,2024-12-13,1.5916619890327877,1.5752490307093876,-0.0018536591801497915,-0.0018536591801497915,0.005991102227813183,0.005991102227813405,1.0,1.0
2024-12-18,2024-12-16,1.5903734437357195,1.5739737726808503,-0.0008095596338586475,-0.0008095596338586475,0.006795811707145938,0.006795811707146049,1.0,1.0
2024-12-19,2024-12-17,1.5548877861647754,1.5388540374117539,-0.02231278302006212,-0.02231278302006212,0.028956961255141356,0.028956961255141467,1.0,1.0
2024-12-20,2024-12-18,1.5362929091355093,1.520450907715661,-0.011958983275012658,-0.011958983275012658,0.040569648714808615,0.040569648714808726,1.0,1.0
2024-12-23,2024-12-19,1.5621300844731616,1.5460216543235117,0.01681787059226303,0.01681787059226303,0.02443407322460478,0.024434073224605002,1.0,1.0
2024-12-24,2024-12-20,1.5738008351883521,1.5575720581645474,0.007471049198266133,0.007471049198266133,0.017145572189513847,0.017145572189513958,1.0,1.0
2024-12-26,2024-12-23,1.5844092769621283,1.5680711074203713,0.006740650746005272,0.006740650746005272,0.010520493757478433,0.010520493757478544,1.0,1.0
2024-12-27,2024-12-24,1.579465290728027,1.5631781027643756,-0.0031203971764042215,-0.0031203971764042215,0.013608062814867372,0.013608062814867594,1.0,1.0
2024-12-30,2024-12-26,1.556981031273887,1.540925697319376,-0.014235361540471891,-0.014235361540471891,0.02764970866130423,0.02764970866130434,1.0,1.0
2024-12-31,2024-12-27,1.5567365445368753,1.5406837316896425,-0.00015702615003065912,-0.00015702615003065912,0.027802393084034316,0.027802393084034538,1.0,1.0
2025-01-02,2024-12-30,1.5524026312092962,1.5363945089680544,-0.002783973526405803,-0.002783973526405803,0.030508965484123407,0.03050896548412363,1.0,1.0
2025-01-03,2024-12-31,1.549196980650864,1.5332219145543171,-0.002064960786580916,-0.002064960786580916,0.032510926453340416,0.03251092645334075,1.0,1.0
2025-01-06,2025-01-02,1.5733222754766025,1.5570984332823394,0.015572774235334874,0.015572774235334874,0.017444437535844903,0.017444437535845236,1.0,1.0
2025-01-07,2025-01-03,1.5760702727399702,1.5598180936470016,0.0017466207058787209,0.0017466207058787209,0.01572828564576867,0.015728285645769113,1.0,1.0
2025-01-08,2025-01-06,1.5543487424802256,1.5383205522575887,-0.013782082331888823,-0.013782082331888823,0.029293599449948027,0.02929359944994847,1.0,1.0
2025-01-10,2025-01-07,1.5490077184107574,1.533034603955501,-0.0034361812915586487,-0.0034361812915586487,0.03262912262311435,0.0326291226231149,1.0,1.0
2025-01-13,2025-01-08,1.5205197409242903,1.5048403898374032,-0.0183911139679116,-0.0183911139679116,0.05042015067819128,0.05042015067819172,1.0,1.0
2025-01-14,2025-01-10,1.540834466571452,1.5249456333534996,0.013360382703622609,0.013360382703622609,0.03773340048360363,0.037733400483604074,1.0,1.0
2025-01-15,2025-01-13,1.5529154827038867,1.536902072021842,0.00784056716963022,0.00784056716963022,0.030188684575003677,0.03018868457500412,1.0,1.0
2025-01-16,2025-01-14,1.5682731260219667,1.5521013498317537,0.009889555155532248,0.009889555155532248,0.02059768208064905,0.020597682080649382,1.0,1.0
2025-01-17,2025-01-15,1.57663306295819,1.5603750804644616,0.005330663898723387,0.005330663898723387,0.015376817502190332,0.015376817502190776,1.0,1.0
2025-01-21,2025-01-16,1.5815559849913288,1.5652472381300928,0.003122427246262438,0.003122427246262438,0.01230240324985754,0.012302403249857874,1.0,1.0
2025-01-22,2025-01-17,1.5992462321665335,1.582755066367346,0.011185343638215661,0.011185343638215661,0.0012546662195674907,0.0012546662195677127,1.0,1.0
2025-01-23,2025-01-21,1.597912876134834,1.5814354596851499,-0.0008337402989490039,-0.0008337402989490039,0.0020873604527273937,0.0020873604527277267,1.0,1.0
2025-01-24,2025-01-22,1.609775729207115,1.593175984955163,0.007423967382361951,0.007423967382361951,0.0,0.0,1.0,1.0
2025-01-27,2025-01-23,1.5697011000250298,1.5535145988002552,-0.024894541801685488,-0.024894541801685488,0.024894541801685488,0.024894541801685488,1.0,1.0
2025-01-28,2025-01-24,1.5849352245516992,1.568591631524348,0.009705111709755743,0.009705111709755743,0.015431034401078292,0.015431034401078292,1.0,1.0
2025-01-29,2025-01-27,1.5930164092654504,1.5765894843819486,0.005098747626129052,0.005098747626129052,0.010410965724970467,0.010410965724970578,1.0,1.0
2025-01-30,2025-01-28,1.591188688796934,1.5747806110682194,-0.0011473331083634575,-0.0011473331083634575,0.011546353987667568,0.01154635398766779,1.0,1.0
2025-01-31,2025-01-29,1.6032960023088474,1.5867630759417608,0.007608974094120535,0.007608974094120535,0.004025235801920823,0.0040252358019209344,1.0,1.0
2025-02-03,2025-01-30,1.5698614877424695,1.553673332625763,-0.020853613130844217,-0.020853613130844217,0.02479490822259145,0.02479490822259145,1.0,1.0
2025-02-04,2025-01-31,1.5773536637506604,1.56108825053932,0.004772507680894211,0.004772507680894211,0.020140734431636553,0.020140734431636553,1.0,1.0
2025-02-05,2025-02-03,1.5832206354096994,1.5668947229453845,0.0037195029839334204,0.0037195029839334204,0.016496144969520232,0.016496144969520232,1.0,1.0
2025-02-06,2025-02-04,1.5968347887657321,1.5803684893768186,0.008599024704165625,0.008599024704165625,0.008038971023471064,0.008038971023470953,1.0,1.0
2025-02-07,2025-02-05,1.5997037539747008,1.5832078702853953,0.0017966575059316092,0.0017966575059316092,0.006256756795168683,0.006256756795168572,1.0,1.0
2025-02-10,2025-02-06,1.5900447264922382,1.573648445115865,-0.006038010136854011,-0.006038010136854011,0.012256988571069605,0.012256988571069605,1.0,1.0
2025-02-11,2025-02-07,1.5908125836756317,1.5744083842814658,0.00048291546181067346,0.00048291546181067346,0.01177999219855519,0.011779992198555078,1.0,1.0
2025-02-12,2025-02-10,1.5844381777821754,1.5680997102198848,-0.00400701249089197,-0.00400701249089197,0.01573980211356496,0.01573980211356496,1.0,1.0
2025-02-13,2025-02-11,1.5937762983428614,1.5773415376073736,0.005893647787354572,0.005893647787354572,0.00993891917611045,0.009938919176110339,1.0,1.0
2025-02-14,2025-02-12,1.6082215014851748,1.5916377841755014,0.00906350731739014,0.00906350731739014,0.0009654933253999687,0.0009654933253998577,1.0,1.0
2025-02-18,2025-02-13,1.6098204084548486,1.5932202034777954,0.0009942081785359047,0.0009942081785359047,0.0,0.0,1.0,1.0
2025-02-19,2025-02-14,1.6088105101907348,1.5922207191195445,-0.0006273359803428136,-0.0006273359803428136,0.0006273359803427025,0.0006273359803429246,1.0,1.0
2025-02-20,2025-02-18,1.6132127441101993,1.5965775579222392,0.0027363284187784664,0.0027363284187784664,0.0,0.0,1.0,1.0
2025-02-21,2025-02-19,1.6078481049939595,1.591268238087883,-0.003325438096014377,-0.003325438096014377,0.003325438096014266,0.003325438096014266,1.0,1.0
2025-02-24,2025-02-20,1.584861512997021,1.5685186800711755,-0.014296494753168854,-0.014296494753168854,0.01757439074089151,0.01757439074089151,1.0,1.0
2025-02-25,2025-02-21,1.57330121127564,1.5570775862919748,-0.007294203074892036,-0.007294203074892036,0.024740402640802017,0.024740402640801906,1.0,1.0
2025-02-26,2025-02-24,1.5701823683668663,1.553990904381599,-0.0019823558810107,-0.0019823558810107,0.026673714239139223,0.026673714239139,1.0,1.0
2025-02-27,2025-02-25,1.573077657252693,1.5568563375215796,0.0018439188620096303,0.0018439188620096303,0.024878979541934965,0.024878979541934854,1.0,1.0
2025-02-28,2025-02-26,1.5401691954654038,1.5242872224143793,-0.020919794795612567,-0.020919794795612567,0.04527831119080594,0.04527831119080583,1.0,1.0
2025-03-03,2025-02-27,1.569514414928112,1.5533298387695489,0.019053243987158686,0.019053243987158686,0.027087765914092232,0.02708776591409201,1.0,1.0
2025-03-04,2025-02-28,1.5283984358160563,1.5126378409149723,-0.026196624077478692,-0.026196624077478692,0.05257478197082066,0.05257478197082055,1.0,1.0
2025-03-05,2025-03-03,1.5203461519223522,1.5046685908568855,-0.00526844552114758,-0.00526844552114758,0.05756624011736877,0.05756624011736866,1.0,1.0
2025-03-06,2025-03-04,1.5215322163315927,1.5058424247637632,0.0007801278726826677,0.0007801278726826677,0.056831021273127114,0.056831021273127114,1.0,1.0
2025-03-07,2025-03-05,1.5057905260836084,1.4902630602531277,-0.010345946066089518,-0.010345946066089518,0.06658899665824414,0.06658899665824414,1.0,1.0
2025-03-10,2025-03-06,1.500362825851379,1.484891329578705,-0.0036045519866206854,-0.0036045519866206854,0.06995352514467335,0.06995352514467312,1.0,1.0
2025-03-11,2025-03-07,1.473613078851063,1.4584174215980445,-0.017828852154569197,-0.017828852154569197,0.08653518624174728,0.08653518624174705,1.0,1.0
2025-03-12,2025-03-10,1.4791854672651832,1.4639323484534714,0.003781446089271112,0.003781446089271112,0.0830809682940743,0.08308096829407408,1.0,1.0
2025-03-13,2025-03-11,1.471193798831177,1.4560230887983678,-0.005402749425859166,-0.005402749425859166,0.08803485206618289,0.08803485206618256,1.0,1.0
2025-03-14,2025-03-12,1.4631467744133684,1.4480590439813206,-0.005469724263521103,-0.005469724263521103,0.093023049963322,0.09302304996332167,1.0,1.0
2025-03-17,2025-03-13,1.482015144189211,1.4667328462114813,0.012895746418473797,0.012895746418473797,0.08132690520824826,0.08132690520824792,1.0,1.0
2025-03-18,2025-03-14,1.4869931592323578,1.4716595287770042,0.003358950185269549,0.003358950185269549,0.07824112804629535,0.07824112804629502,1.0,1.0
2025-03-19,2025-03-17,1.4811657388320547,1.465892199783559,-0.0039189288559413615,-0.0039189288559413615,0.08185343548781465,0.08185343548781432,1.0,1.0
2025-03-20,2025-03-18,1.4849919549514212,1.4696789605875784,0.0025832464382977705,0.0025832464382977705,0.07948163664520325,0.07948163664520291,1.0,1.0
2025-03-21,2025-03-19,1.4807344355112273,1.465465343992093,-0.002867031990306801,-0.002867031990306801,0.08212079224060631,0.08212079224060587,1.0,1.0
2025-03-24,2025-03-20,1.5037052227830996,1.4881992602594765,0.015513103984740928,0.015513103984740928,0.06788163664520319,0.06788163664520286,1.0,1.0
2025-03-25,2025-03-21,1.5189261197278912,1.5032632018023542,0.010122261141462419,0.010122261141462419,0.0584464911565733,0.058446491156572966,1.0,1.0
2025-03-26,2025-03-24,1.5177953850050736,1.5021441270312148,-0.0007444303630911309,-0.0007444303630911309,0.059147412177031344,0.05914741217703112,1.0,1.0
2025-03-27,2025-03-25,1.4978040908281183,1.4823589798128587,-0.013171270893598486,-0.013171270893598486,0.07153963648219075,0.07153963648219053,1.0,1.0
2025-03-28,2025-03-26,1.4934808279392282,1.4780802977043763,-0.0028864007752174015,-0.0028864007752174015,0.07421954519520713,0.07421954519520702,1.0,1.0
2025-03-31,2025-03-27,1.4536955225261659,1.4387052518590662,-0.02663931445839851,-0.02663931445839851,0.09888170185019118,0.09888170185019107,1.0,1.0
2025-04-01,2025-03-28,1.4720036529295981,1.456824591813671,0.012594198798670853,0.012594198798670853,0.08753283886217256,0.08753283886217245,1.0,1.0
2025-04-02,2025-03-31,1.467593582391049,1.452459997201827,-0.002995964398438855,-0.002995964398438855,0.09026655799168604,0.09026655799168593,1.0,1.0
2025-04-03,2025-04-01,1.4444467341635683,1.4295518354906376,-0.015771974274900624,-0.015771974274900624,0.1046148504360579,0.1046148504360579,1.0,1.0
2025-04-04,2025-04-02,1.3916941646322647,1.3773432418355789,-0.0365209517828643,-0.0365209517828643,0.13731516831037538,0.13731516831037538,1.0,1.0
2025-04-07,2025-04-03,1.3027169548692914,1.2892835505191318,-0.06393445630813888,-0.06393445630813888,0.19247045398972984,0.19247045398972973,1.0,1.0
2025-04-08,2025-04-04,1.365772758788143,1.3516891332924765,0.04840330332937004,0.04840330332937004,0.15338335642676626,0.15338335642676615,1.0,1.0
2025-04-09,2025-04-07,1.3057384711766151,1.2922739094440672,-0.04395627839641236,-0.04395627839641236,0.19059747330670762,0.1905974733067074,1.0,1.0
2025-04-10,2025-04-08,1.4077381432573548,1.3932217775749751,0.07811646384963034,0.07811646384963034,0.12736981009047155,0.12736981009047132,1.0,1.0
2025-04-11,2025-04-09,1.3820745832190198,1.367822855973847,-0.018230350695017994,-0.018230350695017994,0.14327816447958241,0.1432781644795822,1.0,1.0
2025-04-14,2025-04-10,1.4310928722696135,1.4163356764382615,0.035467180748251836,0.035467180748251836,0.11289265628820566,0.11289265628820544,1.0,1.0
2025-04-15,2025-04-11,1.423211600234658,1.4085356747925826,-0.005507170210732881,-0.005507170210732881,0.11777810742521777,0.11777810742521733,1.0,1.0
2025-04-16,2025-04-14,1.4031624255254704,1.388693243896584,-0.014087276063434184,-0.014087276063434184,0.13020621077512406,0.13020621077512362,1.0,1.0
2025-04-17,2025-04-15,1.395194372138236,1.3808073557737488,-0.005678639366537008,-0.005678639366537008,0.1351454560273858,0.13514545602738548,1.0,1.0
2025-04-21,2025-04-16,1.376126063386218,1.3619356763054613,-0.013667134223595223,-0.013667134223595223,0.14696553916374577,0.14696553916374544,1.0,1.0
2025-04-22,2025-04-17,1.3694807155919941,1.3553588542517168,-0.004829025458519154,-0.004829025458519154,0.15108486429211831,0.15108486429211787,1.0,1.0
2025-04-23,2025-04-21,1.41898553246032,1.4043531855385145,0.03614860458033253,0.03614860458033253,0.1203977667291547,0.12039776672915437,1.0,1.0
2025-04-24,2025-04-22,1.4151618934841423,1.4005689753026047,-0.0026946285840899753,-0.0026946285840899753,0.1227679680495557,0.12276796804955525,1.0,1.0
2025-04-25,2025-04-23,1.4436551304465053,1.4287683946617424,0.020134259616199968,0.020134259616199968,0.10510555057461879,0.10510555057461846,1.0,1.0
2025-04-28,2025-04-24,1.4540400181973345,1.4390461951471711,0.0071934685312393665,0.0071934685312393665,0.0986681555138964,0.09866815551389618,1.0,1.0
2025-04-29,2025-04-25,1.448688475176075,1.4337498363630041,-0.0036804647425688897,-0.0036804647425688897,0.10198547558888216,0.10198547558888182,1.0,1.0
2025-04-30,2025-04-28,1.446208579696491,1.4312955131603442,-0.0017118210865054717,-0.0017118210865054717,0.1035227157877574,0.10352271578775696,1.0,1.0
2025-05-01,2025-04-29,1.4792644382957574,1.464010505147684,0.02285690948272734,0.02285690948272734,0.08303201564919693,0.08303201564919649,1.0,1.0
2025-05-02,2025-04-30,1.484718462204845,1.469408288053511,0.003686983725081028,0.003686983725081028,0.07965116961447505,0.07965116961447471,1.0,1.0
2025-05-05,2025-05-01,1.4872009085302387,1.4718651357980757,0.0016719980175279314,0.0016719980175279314,0.0781123481946363,0.07811234819463597,1.0,1.0
2025-05-06,2025-05-02,1.4741969332702458,1.4589952554058696,-0.008743926382377198,-0.008743926382377198,0.08617326595484498,0.08617326595484476,1.0,1.0
2025-05-07,2025-05-05,1.4763822718022908,1.4611580590840976,0.0014823925370657243,0.0014823925370657243,0.08481861602412533,0.084818616024125,1.0,1.0
2025-05-08,2025-05-06,1.489378410443199,1.4740201836671543,0.008802692154412872,0.008802692154412872,0.07676255603553617,0.07676255603553594,1.0,1.0
2025-05-09,2025-05-07,1.4935990872547436,1.4781973375491562,0.0028338512106460545,0.0028338512106460545,0.07414623848724378,0.07414623848724344,1.0,1.0
2025-05-12,2025-05-08,1.5271414736717424,1.5113938403588798,0.022457422947847583,0.022457422947847583,0.05335394897709622,0.05335394897709578,1.0,1.0
2025-05-13,2025-05-09,1.5394880144447722,1.523613065621115,0.008084739355119996,0.008084739355119996,0.04570056239302245,0.045700562393022115,1.0,1.0
2025-05-14,2025-05-12,1.550688147256815,1.5346977044939125,0.0072752322245797085,0.0072752322245797085,0.03875781237264586,0.03875781237264553,1.0,1.0
2025-05-15,2025-05-13,1.5436087875116777,1.5276913459495667,-0.004565302029077012,-0.004565302029077012,0.04314617328225556,0.04314617328225501,1.0,1.0
2025-05-16,2025-05-14,1.5591952443286001,1.5431170777709133,0.010097413893353169,0.010097413893353169,0.033484424158447657,0.0334844241584471,1.0,1.0
2025-05-19,2025-05-15,1.552302727464658,1.5362956354145052,-0.004420560471187329,-0.004420560471187329,0.037756964707799656,0.0377569647077991,1.0,1.0
2025-05-20,2025-05-16,1.5632898515029245,1.5471694620251921,0.0070779518993770996,0.0070779518993770996,0.03094625478849089,0.030946254788490224,1.0,1.0
2025-05-21,2025-05-19,1.5542225150587285,1.5381956264726353,-0.005800163312951079,-0.005800163312951079,0.03656692476974455,0.03656692476974388,1.0,1.0
2025-05-22,2025-05-20,1.5360982559326102,1.5202582617447806,-0.011661302645222249,-0.011661302645222249,0.047801809438421716,0.04780180943842105,1.0,1.0
2025-05-23,2025-05-21,1.5204855806283475,1.5048065817968506,-0.010163851982752159,-0.010163851982752159,0.057479810905534,0.057479810905533446,1.0,1.0
2025-05-27,2025-05-22,1.5394669502438094,1.5235922186307507,0.012483755095933136,0.012483755095933136,0.04571361969190613,0.04571361969190557,1.0,1.0
2025-05-28,2025-05-23,1.5582617399518712,1.5421931995387652,0.012208634751843972,0.012208634751843972,0.03406308582606532,0.034063085826064654,1.0,1.0
2025-05-29,2025-05-27,1.5620538220726747,1.5459461783284365,0.0024335334838681,0.0024335334838681,0.031712446002118755,0.0317124460021182,1.0,1.0
2025-05-30,2025-05-28,1.552510476762538,1.5365012424355757,-0.0061094855857615205,-0.0061094855857615205,0.03762818485614117,0.03762818485614061,1.0,1.0
2025-06-02,2025-05-29,1.5506723688291275,1.5346820887707933,-0.0011839584730168884,-0.0011839584730168884,0.03876759312087341,0.038767593120872745,1.0,1.0
2025-06-03,2025-05-30,1.5616856850573546,1.545581837481858,0.0071022844345534075,0.0071022844345534075,0.03194064715950751,0.03194064715950684,1.0,1.0
2025-06-04,2025-06-02,1.5723045142960246,1.5560911670887354,0.006799594399996112,0.006799594399996112,0.025358236205069495,0.025358236205068607,1.0,1.0
2025-06-05,2025-06-03,1.5740743279349292,1.5578427306986167,0.0011256176032141685,0.0011256176032141685,0.024261162278914283,0.024261162278913284,1.0,1.0
2025-06-06,2025-06-04,1.5744399141044398,1.558204547003291,0.0002322547055260138,0.0002322547055260138,0.02403454234248903,0.02403454234248803,1.0,1.0
2025-06-09,2025-06-05,1.579060311084058,1.5627772992043152,0.0029346289675629134,0.0029346289675629134,0.021170445839106544,0.021170445839105434,1.0,1.0
2025-06-10,2025-06-06,1.5804488916126627,1.564151560917429,0.0008793714330337377,0.0008793714330337377,0.020309691091368265,0.020309691091367266,1.0,1.0
2025-06-11,2025-06-09,1.5908283884006984,1.5744240260307916,0.006567435899458074,0.006567435899458074,0.013875637786290529,0.01387563778628953,1.0,1.0
2025-06-12,2025-06-10,1.5804461829825764,1.5641488802182935,-0.006526288752339626,-0.006526288752339626,0.020311370119813876,0.020311370119812988,1.0,1.0
2025-06-13,2025-06-11,1.5779900603340409,1.5617180847051328,-0.0015540691451451094,-0.0015540691451451094,0.021833873991360164,0.021833873991359276,1.0,1.0
2025-06-16,2025-06-12,1.5788946638907229,1.5626133601377676,0.000573263152551462,0.000573263152551462,0.02127312739424536,0.021273127394244473,1.0,1.0
2025-06-17,2025-06-13,1.5810378740208435,1.5647344698352672,0.0013574117255163998,0.0013574117255163998,0.019944592061292288,0.01994459206129151,1.0,1.0
2025-06-18,2025-06-16,1.5746687276032827,1.558431001014726,-0.004028459104121862,-0.004028459104121862,0.02389270519194686,0.023892705191946084,1.0,1.0
2025-06-20,2025-06-17,1.5777559610619234,1.5614863994264532,0.0019605605957131456,0.0019605605957131456,0.021978987692558127,0.02197898769255724,1.0,1.0
2025-06-23,2025-06-18,1.5698667472183654,1.553678537866804,-0.005000275098468343,-0.005000275098468343,0.026869361806177827,0.02686936180617694,1.0,1.0
2025-06-24,2025-06-20,1.5939393946903881,1.5775029521320187,0.015334197959589124,0.015334197959589124,0.011947183959572394,0.011947183959571506,1.0,1.0
2025-06-25,2025-06-23,1.60525252734205,1.5886994256085554,0.00709759272488486,0.00709759272488486,0.0049343874806419,0.0049343874806410115,1.0,1.0
2025-06-26,2025-06-24,1.6073194487743034,1.5907450332847732,0.0012875989273013477,0.0012875989273013477,0.0036531420653674873,0.003653142065366599,1.0,1.0
2025-06-27,2025-06-25,1.6174729721804806,1.6007938552168626,0.0063170537841248375,0.0063170537841248375,0.0,0.0,1.0,1.0
2025-06-30,2025-06-26,1.6286913553738815,1.611896556276068,0.006935746925203823,0.006935746925203823,0.0,0.0,1.0,1.0
2025-07-01,2025-06-27,1.627084611785123,1.6103063811646245,-0.0009865242935422902,-0.0009865242935422902,0.0009865242935422902,0.0009865242935422902,1.0,1.0
2025-07-02,2025-06-30,1.6288281017471697,1.6120318925431016,0.001071542284536653,0.001071542284536653,0.0,0.0,1.0,1.0
2025-07-03,2025-07-01,1.6426552901743583,1.6257164972628517,0.00848904093216274,0.00848904093216274,0.0,0.0,1.0,1.0
2025-07-07,2025-07-02,1.6459635005127569,1.6289905938768645,0.0020139406960102413,0.0020139406960102413,0.0,0.0,1.0,1.0
2025-07-08,2025-07-03,1.6393864733104184,1.6224813879042266,-0.00399585239908995,-0.00399585239908995,0.00399585239908995,0.003995852399090061,1.0,1.0
2025-07-09,2025-07-07,1.6418322084940595,1.6249019030663332,0.0014918600485354094,0.0014918600485354094,0.0025099536031086833,0.0025099536031086833,1.0,1.0
2025-07-10,2025-07-08,1.648004124565531,1.631010175347883,0.0037591637193745697,0.0037591637193745697,0.0,0.0,1.0,1.0
2025-07-11,2025-07-09,1.6450799611570368,1.628116165434594,-0.0017743665594678326,-0.0017743665594678326,0.0017743665594678326,0.0017743665594678326,1.0,1.0
2025-07-14,2025-07-10,1.6449405061536624,1.6279781484684248,-8.477095744108265e-05,-8.477095744108265e-05,0.0018589871021568172,0.0018589871021567062,1.0,1.0
2025-07-15,2025-07-11,1.6554963005737224,1.6384250932614406,0.006417128388881643,0.006417128388881643,0.0,0.0,1.0,1.0
2025-07-16,2025-07-14,1.6447695994844316,1.6278090041608377,-0.006479447332847221,-0.006479447332847221,0.006479447332847221,0.006479447332847221,1.0,1.0
2025-07-17,2025-07-15,1.6471100399606409,1.6301253103973283,0.001422959469182139,0.001422959469182139,0.005065707854602475,0.005065707854602475,1.0,1.0
2025-07-18,2025-07-16,1.6601404703843892,1.6430213731519643,0.007911086756571262,0.007911086756571262,0.0,0.0,1.0,1.0
2025-07-21,2025-07-17,1.6579814555292023,1.6408846217051405,-0.001300501309197677,-0.001300501309197677,0.001300501309197677,0.001300501309197566,1.0,1.0
2025-07-22,2025-07-18,1.658470560490123,1.6413686830956333,0.000295000260280176,0.000295000260280176,0.0010058846971421342,0.0010058846971421342,1.0,1.0
2025-07-23,2025-07-21,1.6638088759295053,1.6466519506985857,0.0032188183297052753,0.0032188183297052753,0.0,0.0,1.0,1.0
2025-07-24,2025-07-22,1.6747749357668096,1.657504930318908,0.00659093721397408,0.00659093721397408,0.0,0.0,1.0,1.0
2025-07-25,2025-07-23,1.6751456499253183,1.657871821733596,0.0002213516279661043,0.0002213516279661043,0.0,0.0,1.0,1.0
2025-07-28,2025-07-24,1.682424790862354,1.6650759013588374,0.004345377930187855,0.004345377930187855,0.0,0.0,1.0,1.0
2025-07-29,2025-07-25,1.6845102256497602,1.667139831483515,0.001239541166257574,0.001239541166257574,0.0,0.0,1.0,1.0
2025-07-30,2025-07-28,1.678096268497568,1.660792014009315,-0.0038076095084066397,-0.0038076095084066397,0.0038076095084066397,0.0038076095084066397,1.0,1.0
2025-07-31,2025-07-29,1.6901378385607857,1.67270941336986,0.007175732578202254,0.007175732578202254,0.0,0.0,1.0,1.0
2025-08-01,2025-07-30,1.653389827882734,1.636340342172604,-0.02174261166139213,-0.02174261166139213,0.02174261166139213,0.02174261166139213,1.0,1.0
2025-08-04,2025-07-31,1.6492953784926863,1.6322881140755563,-0.002476396867211239,-0.002476396867211239,0.0241651651932,0.02416516519320011,1.0,1.0
2025-08-05,2025-08-01,1.666367610952766,1.6491843004644315,0.010351227974507715,0.010351227974507715,0.014064076352648724,0.014064076352648947,1.0,1.0
2025-08-06,2025-08-04,1.6591805108439053,1.642071312557386,-0.004313033967787816,-0.004313033967787816,0.01831645148140204,0.018316451481402263,1.0,1.0
2025-08-07,2025-08-05,1.6762790669808432,1.6589935511776657,0.010305422481271309,0.010305422481271309,0.008199787771004385,0.008199787771004496,1.0,1.0
2025-08-08,2025-08-06,1.6712563726899623,1.6540226500895097,-0.002996335389385485,-0.002996335389385485,0.011171553846106241,0.011171553846106241,1.0,1.0
2025-08-11,2025-08-07,1.6803157410281764,1.6629885997018912,0.005420693369523333,0.005420693369523333,0.005811418044443739,0.00581141804444385,1.0,1.0
2025-08-12,2025-08-08,1.681762096899495,1.6644200409878267,0.0008607643408933274,0.0008607643408933274,0.00495565596497316,0.004955655964973271,1.0,1.0
2025-08-13,2025-08-11,1.6995128280475005,1.6819877294970373,0.010554840771314078,0.010554840771314078,0.0,0.0,1.0,1.0
2025-08-14,2025-08-12,1.6970908656949077,1.6795907420244303,-0.0014250921279453932,-0.0014250921279453932,0.0014250921279453932,0.0014250921279455042,1.0,1.0
2025-08-15,2025-08-13,1.7033811725687917,1.6858161842817851,0.0037065233223727567,0.0037065233223727567,0.0,0.0,1.0,1.0
2025-08-18,2025-08-14,1.6948713668669202,1.677394130305649,-0.004995831725108424,-0.004995831725108424,0.004995831725108424,0.004995831725108424,1.0,1.0
2025-08-19,2025-08-15,1.695192247491317,1.6777117020614851,0.000189324470676544,0.000189324470676544,0.004807453087628866,0.004807453087628755,1.0,1.0
2025-08-20,2025-08-18,1.6847731994445454,1.6674000935355033,-0.00614623389305291,-0.00614623389305291,0.010924139249575249,0.010924139249575249,1.0,1.0
2025-08-21,2025-08-19,1.6779911052770333,1.660687935214725,-0.004025523536193454,-0.004025523536193454,0.014905687406106982,0.014905687406106871,1.0,1.0
2025-08-22,2025-08-20,1.6789798078532872,1.6616664424515852,0.0005892180078574949,0.0005892180078574949,0.014325252097688757,0.014325252097688534,1.0,1.0
2025-08-25,2025-08-21,1.6981979590735738,1.6806864192370958,0.01144632659094258,0.01144632659094258,0.0030428970207538875,0.0030428970207536654,1.0,1.0
2025-08-26,2025-08-22,1.6923652791973753,1.674913885002611,-0.003434628951845209,-0.003434628951845209,0.006467074750394097,0.006467074750393875,1.0,1.0
2025-08-27,2025-08-25,1.6994049824942588,1.681880996029517,0.004159683127168634,0.004159683127168634,0.002334292604946775,0.002334292604946553,1.0,1.0
2025-08-28,2025-08-26,1.7050799569857247,1.6874974511114245,0.003339389109673352,0.003339389109673352,0.0,0.0,1.0,1.0
2025-08-29,2025-08-27,1.7065105344293567,1.688913276674241,0.0008390090082115442,0.0008390090082115442,0.0,0.0,1.0,1.0
2025-09-02,2025-08-28,1.683429324461054,1.6660700763712275,-0.013525383818401626,-0.013525383818401626,0.013525383818401626,0.013525383818401626,1.0,1.0
2025-09-03,2025-08-29,1.695081693307989,1.6776022878948291,0.006921804603032822,0.006921804603032822,0.00669719927934076,0.00669719927934076,1.0,1.0
2025-09-04,2025-09-02,1.6979166297079127,1.6804079908938787,0.0016724482431234033,0.0016724482431234033,0.005035951755385959,0.005035951755385959,1.0,1.0
2025-09-05,2025-09-03,1.7169769703539486,1.699271784421991,0.011225722342630418,0.011225722342630418,0.0,0.0,1.0,1.0
2025-09-08,2025-09-04,1.7088273335614148,1.6912061853522578,-0.004746503263147295,-0.004746503263147295,0.004746503263147295,0.004746503263147295,1.0,1.0
2025-09-09,2025-09-05,1.7102053951382283,1.6925700365832923,0.0008064369932223592,0.0008064369932223592,0.0039438940257447985,0.0039438940257447985,1.0,1.0
2025-09-10,2025-09-08,1.7225546182439646,1.7047919165184575,0.007220900566003774,0.007220900566003774,0.0,0.0,1.0,1.0
2025-09-11,2025-09-09,1.7236381228732387,1.7058642482250597,0.0006290103186270546,0.0006290103186270546,0.0,0.0,1.0,1.0
2025-09-12,2025-09-10,1.7331709229342045,1.7152987476096355,0.005530627301904234,0.005530627301904234,0.0,0.0,1.0,1.0
2025-09-15,2025-09-11,1.7365448767212994,1.7186379097366453,0.0019466942021983957,0.0019466942021983957,0.0,0.0,1.0,1.0
2025-09-16,2025-09-12,1.7419725769535288,1.724009640411068,0.0031255744121494455,0.0031255744121494455,0.0,0.0,1.0,1.0
2025-09-17,2025-09-15,1.7369077542607236,1.718997045342184,-0.0029075214844442865,-0.0029075214844442865,0.0029075214844442865,0.0029075214844442865,1.0,1.0
2025-09-18,2025-09-16,1.7426879182701038,1.724717605244887,0.0033278474318518825,0.0033278474318518825,0.0,0.0,1.0,1.0
2025-09-19,2025-09-17,1.7480157147576945,1.7299904623657598,0.0030572292558723735,0.0030572292558723735,0.0,0.0,1.0,1.0
2025-09-22,2025-09-18,1.7499012105689251,1.7318565152523107,0.0010786492337067077,0.0010786492337067077,0.0,0.0,1.0,1.0
2025-09-23,2025-09-19,1.7599363168753104,1.7417881411823894,0.005734670189251778,0.005734670189251778,0.0,0.0,1.0,1.0
2025-09-24,2025-09-22,1.7590563487168729,1.7358932317310596,-0.0004999999999999449,-0.003384400956667588,0.0004999999999999449,0.003384400956667588,0.0,1.0
2025-09-25,2025-09-23,1.7590563487168729,1.719861063302375,0.0,-0.009235688080134419,0.0004999999999999449,0.01258883176522807,0.0,1.0
2025-09-26,2025-09-24,1.7590563487168729,1.7217323474561708,0.0,0.0010880437924460917,0.0004999999999999449,0.011514485173038325,0.0,1.0
2025-09-29,2025-09-25,1.7590563487168729,1.7337565063104408,0.0,0.006983756140747088,0.0004999999999999449,0.004611143388825956,0.0,1.0
2025-09-30,2025-09-26,1.7590563487168729,1.7323536417978136,0.0,-0.0008091473673039751,0.0004999999999999449,0.005416559661596598,0.0,1.0
2025-10-01,2025-09-29,1.7590563487168729,1.7346257295116714,0.0,0.0013115611380016823,0.0004999999999999449,0.004112102672748641,0.0,1.0
2025-10-02,2025-09-30,1.7590563487168729,1.7519045791955852,0.0,0.009961139968088784,0.0004999999999999449,0.0,0.0,1.0
2025-10-03,2025-10-01,1.7590563487168729,1.7495179761788524,0.0,-0.001362290529446919,0.0004999999999999449,0.001362290529446919,0.0,1.0
2025-10-06,2025-10-02,1.7590563487168729,1.752568195375745,0.0,0.001743462621375702,0.0004999999999999449,0.0,0.0,1.0
2025-10-07,2025-10-03,1.7590563487168729,1.7557642654265715,0.0,0.0018236494644028323,0.0004999999999999449,0.0,0.0,1.0
2025-10-08,2025-10-06,1.7590563487168729,1.7499682295287922,0.0,-0.003301146977365499,0.0004999999999999449,0.003301146977365499,0.0,1.0
2025-10-09,2025-10-07,1.7590563487168729,1.7595016024669183,0.0,0.005447740580235116,0.0004999999999999449,0.0,0.0,1.0
2025-10-10,2025-10-08,1.7590563487168729,1.754293810859043,0.0,-0.0029598106648915934,0.0004999999999999449,0.0029598106648915934,0.0,1.0
2025-10-13,2025-10-09,1.7590563487168729,1.723593195101682,0.0,-0.017500270232571502,0.0004999999999999449,0.020408283410990213,0.0,1.0
2025-10-14,2025-10-10,1.752856623989689,1.7183776476846573,-0.0035244605618837133,-0.0030259735486580785,0.0040226983316027365,0.023372502033873088,1.0,1.0
2025-10-15,2025-10-13,1.7756298029085325,1.7407028744518034,0.01299203745883637,0.01299203745883637,0.0,0.010684120996967583,1.0,1.0
2025-10-16,2025-10-14,1.7758289160352727,1.7408980709907949,0.0001121366212788466,0.0001121366212788466,0.0,0.010573182456918628,1.0,1.0
2025-10-17,2025-10-15,1.755718490234532,1.721183220552681,-0.011324528854749993,-0.011324528854749993,0.011324528854749882,0.02177797500184875,1.0,1.0
2025-10-20,2025-10-16,1.7761023116324952,1.7411660888519322,0.011609959974415052,0.011609959974415052,0.0,0.010420856445529036,1.0,1.0
2025-10-21,2025-10-17,1.788500475421007,1.7533203787321965,0.006980545944516026,0.006980545944516026,0.0,0.0035130537682122043,1.0,1.0
2025-10-22,2025-10-20,1.7897189946598218,1.7545149294984121,0.0006813077522542788,0.0006813077522542788,0.0,0.0028341394867242853,1.0,1.0
2025-10-23,2025-10-21,1.779712922879131,1.7447056787851785,-0.005590861923322588,-0.005590861923322588,0.005590861923322588,0.008409156127505146,1.0,1.0
2025-10-24,2025-10-22,1.7978773231727827,1.7625127823560127,0.01020636534136421,0.01020636534136421,0.0,0.0,1.0,1.0
2025-10-27,2025-10-23,1.817361259431549,1.7816134664038445,0.0108371889492338,0.0108371889492338,0.0,0.0,1.0,1.0
2025-10-28,2025-10-24,1.8312408248830063,1.7952200185342033,0.00763720772599652,0.00763720772599652,0.0,0.0,1.0,1.0
2025-10-29,2025-10-27,1.8347478707553204,1.7986580802409688,0.001915119969290835,0.001915119969290835,0.0,0.0,1.0,1.0
2025-10-30,2025-10-28,1.8213541413331087,1.7855278076657486,-0.007300038133685294,-0.007300038133685294,0.007300038133685294,0.007300038133685294,1.0,1.0
2025-10-31,2025-10-29,1.826310704219673,1.7903868741501647,0.002721361416806234,0.002721361416806234,0.004598542758997293,0.004598542758997293,1.0,1.0
2025-11-03,2025-10-30,1.8271469528035642,1.7912066735877228,0.000457889548563184,0.000457889548563184,0.004142758835102067,0.004142758835102067,1.0,1.0
2025-11-04,2025-10-31,1.8022445908494475,1.7667941451636304,-0.013629096398571905,-0.013629096398571905,0.01771539317415427,0.01771539317415438,1.0,1.0
2025-11-05,2025-11-03,1.7972667626809473,1.7619142316888499,-0.002762015873857604,-0.002762015873857604,0.020428478850853304,0.020428478850853304,1.0,1.0
2025-11-06,2025-11-04,1.801997637475456,1.766552049402871,0.0026322607710453916,0.0026322607710453916,0.017849991163299106,0.017849991163299106,1.0,1.0
2025-11-07,2025-11-05,1.7777298357820512,1.742761599335441,-0.013467166209719994,-0.013467166209719994,0.031076768575181046,0.031076768575180935,1.0,1.0
2025-11-10,2025-11-06,1.8014056343270326,1.7659716910531424,0.013317995832907936,0.013317995832907936,0.018172653016657603,0.018172653016657492,1.0,1.0
2025-11-11,2025-11-07,1.8094445480607828,1.7738524780397584,0.004462578322484978,0.004462578322484978,0.013791171581586825,0.013791171581586603,1.0,1.0
2025-11-12,2025-11-10,1.8232842112416419,1.7874199127837038,0.007648569941361982,0.007648569941361982,0.00624808438063984,0.006248084380639729,1.0,1.0
2025-11-13,2025-11-11,1.8123197681593255,1.7766711420889971,-0.006013567722856328,-0.006013567722856328,0.012224078824935147,0.012224078824934925,1.0,1.0
2025-11-14,2025-11-12,1.7713475698111945,1.736504873579437,-0.022607598872987134,-0.022607598872987134,0.0345553206272563,0.03455532062725619,1.0,1.0
2025-11-17,2025-11-13,1.7823571452022384,1.7472978888229818,0.006215367090388391,0.006215367090388391,0.028554727539492397,0.028554727539492286,1.0,1.0
2025-11-18,2025-11-14,1.763130781684223,1.7284497110179888,-0.010787043197133084,-0.010787043197133084,0.039033749657174655,0.03903374965717443,1.0,1.0
2025-11-19,2025-11-17,1.7590555731418605,1.7244546624937631,-0.002311347850480927,-0.002311347850480927,0.0412548769342892,0.041254876934289086,1.0,1.0
2025-11-20,2025-11-18,1.7888137998372449,1.753627540005953,0.016917161202720354,0.016917161202720354,0.025035631135064684,0.02503563113506435,1.0,1.0
2025-11-21,2025-11-19,1.7404531505177978,1.7062181525633535,-0.027035038148658708,-0.027035038148658708,0.05139383004091114,0.051393830040910804,1.0,1.0
2025-11-24,2025-11-20,1.7618963068468516,1.7272395185024485,0.012320444432919242,0.012320444432919242,0.03970658043520581,0.039706580435205474,1.0,1.0
2025-11-25,2025-11-21,1.7779553911320223,1.7429827179748107,0.009114659144674908,0.009114659144674908,0.030953833236998407,0.030953833236998074,1.0,1.0
2025-11-26,2025-11-24,1.8035799231226164,1.7681032112327215,0.01441235934174867,0.01441235934174867,0.016987591662865897,0.016987591662865564,1.0,1.0
2025-11-28,2025-11-25,1.8112710525949942,1.775643054931233,0.004264368533811291,0.004264368533811291,0.012795664480407032,0.012795664480406699,1.0,1.0
2025-12-01,2025-11-26,1.8085577512911164,1.7729831247075019,-0.0014980095331345034,-0.0014980095331345034,0.014274505986166974,0.014274505986166752,1.0,1.0
2025-12-02,2025-11-28,1.8135117389812418,1.7778396666500142,0.002739192423680592,0.002739192423680592,0.011574414181135473,0.01157441418113525,1.0,1.0
2025-12-03,2025-12-01,1.8093516020532205,1.7737613602953575,-0.002293967465773483,-0.002293967465773483,0.013841830317342096,0.013841830317341874,1.0,1.0
2025-12-04,2025-12-02,1.8229391349187924,1.787081624168529,0.00750961441112552,0.00750961441112552,0.006436162714644089,0.006436162714643867,1.0,1.0
2025-12-05,2025-12-03,1.8228992060997768,1.78704248075591,-2.1903539317746912e-05,-2.1903539317746912e-05,0.006457925279218735,0.006457925279218513,1.0,1.0
2025-12-08,2025-12-04,1.8252568117140464,1.789353711882387,0.001293327467794425,0.001293327467794425,0.005172950023572875,0.005172950023572764,1.0,1.0
2025-12-09,2025-12-05,1.8160736346635464,1.780351169425496,-0.005031169855970186,-0.005031169855970186,0.010178093889318007,0.010178093889317785,1.0,1.0
2025-12-10,2025-12-08,1.814183467025612,1.778498181693955,-0.001040799008287241,-0.001040799008287241,0.01120829954757896,0.011208299547578848,1.0,1.0
2025-12-11,2025-12-09,1.8215664755714638,1.7857359652549285,0.004069604138745797,0.004069604138745797,0.007184308751060242,0.007184308751060242,1.0,1.0
2025-12-12,2025-12-10,1.828349675734324,1.7923857387618451,0.003723827954580816,0.003723827954580816,0.0034872339262409513,0.0034872339262409513,1.0,1.0
2025-12-15,2025-12-11,1.8212718146923057,1.785447100403427,-0.003871174718903636,-0.003871174718903636,0.007344908953330398,0.007344908953330398,1.0,1.0
2025-12-16,2025-12-12,1.8053242337581097,1.7698132109929,-0.00875628821878538,-0.00875628821878538,0.016036883032379712,0.0160368830323796,1.0,1.0
2025-12-17,2025-12-15,1.806056916967679,1.7705314822039773,0.0004058457732238896,0.0004058457732238896,0.015637545760350147,0.015637545760350036,1.0,1.0
2025-12-18,2025-12-16,1.7994676529902633,1.7640718301260379,-0.0036484254264139704,-0.0036484254264139704,0.01922891876720534,0.01922891876720534,1.0,1.0
2025-12-19,2025-12-17,1.8033331024907095,1.7678612456029879,0.0021481072438411797,0.0021481072438411797,0.017122117303059348,0.017122117303059126,1.0,1.0
2025-12-22,2025-12-18,1.8226045717690356,1.7867536419306136,0.010686583222871526,0.010686583222871526,0.006618511011698747,0.006618511011698414,1.0,1.0
2025-12-23,2025-12-19,1.8245161108825736,1.78862758075734,0.001048795302692973,0.001048795302692973,0.005576657172265631,0.005576657172265409,1.0,1.0
2025-12-24,2025-12-22,1.8331443463746406,1.7970860974469598,0.0047290541533739905,0.0047290541533739905,0.0008739753326540978,0.0008739753326537647,1.0,1.0
2025-12-26,2025-12-23,1.8414035057749825,1.8051827978319055,0.00450546047651712,0.00450546047651712,0.0,0.0,1.0,1.0
2025-12-29,2025-12-24,1.840482804022095,1.7967451281326496,-0.0004999999999999449,-0.004674135887728248,0.0004999999999999449,0.004674135887728248,0.0,1.0
2025-12-30,2025-12-26,1.840482804022095,1.7959226479959565,0.0,-0.00045776116145535006,0.0004999999999999449,0.005129757411310831,0.0,1.0
2025-12-31,2025-12-29,1.840482804022095,1.79550099744553,0.0,-0.0002347821332376876,0.0004999999999999449,0.0053633351691605435,0.0,1.0
2026-01-02,2025-12-30,1.840482804022095,1.7901109963750574,0.0,-0.0030019482462783076,0.0004999999999999449,0.008349182960833645,0.0,1.0
2026-01-05,2025-12-31,1.840482804022095,1.7937754860670527,0.0,0.0020470740079334693,0.0004999999999999449,0.00631920034832667,0.0,1.0
2026-01-06,2026-01-02,1.840482804022095,1.797898010944342,0.0,0.0022982390546144593,0.0004999999999999449,0.004035484326746719,0.0,1.0
2026-01-07,2026-01-05,1.840482804022095,1.807538117349989,0.0,0.005361876116979136,0.0004999999999999449,0.0,0.0,1.0
2026-01-08,2026-01-06,1.840482804022095,1.7994804302466363,0.0,-0.004457824167584334,0.0004999999999999449,0.004457824167584334,0.0,1.0
2026-01-09,2026-01-07,1.840482804022095,1.8030512776523262,0.0,0.001984376904393681,0.0004999999999999449,0.002482293266512614,0.0,1.0
2026-01-12,2026-01-08,1.840482804022095,1.8072909464792157,0.0,0.002351385609182355,0.0004999999999999449,0.00013674448599487743,0.0,1.0
2026-01-13,2026-01-09,1.840482804022095,1.8159550962161113,0.0,0.004793998306567238,0.0004999999999999449,0.0,0.0,1.0
2026-01-14,2026-01-12,1.840482804022095,1.8055446141365792,0.0,-0.005732786070109519,0.0004999999999999449,0.005732786070109519,0.0,1.0
2026-01-15,2026-01-13,1.840482804022095,1.8138859608503939,0.0,0.004619850791005575,0.0004999999999999449,0.0011394198953645907,0.0,1.0
2026-01-16,2026-01-14,1.840482804022095,1.8115644233466581,0.0,-0.0012798696025230205,0.0004999999999999449,0.0024178311889990756,0.0,1.0
2026-01-20,2026-01-15,1.840482804022095,1.7867615018445833,0.0,-0.0136914377332793,0.0004999999999999449,0.016076165337104653,0.0,1.0
2026-01-21,2026-01-16,1.840482804022095,1.7725693600972507,0.0,-0.007942941311798513,0.0004999999999999449,0.023891414611111772,0.0,1.0
2026-01-22,2026-01-20,1.867579853132281,1.799566316723792,0.014722793959807357,0.015230409164389558,0.0,0.0090248814667655,1.0,1.0
2026-01-23,2026-01-21,1.865799958029545,1.7978512418535995,-0.000953048995335215,-0.000953048995335215,0.000953048995335215,0.009969329307885744,1.0,1.0
2026-01-26,2026-01-22,1.8699540459670492,1.8018540461869743,0.002226438005653808,0.002226438005653808,0.0,0.007765087395893877,1.0,1.0
2026-01-27,2026-01-23,1.8814953549202649,1.8129750436684344,0.006171974641894007,0.006171974641894007,0.0,0.0016410386764994511,1.0,1.0
2026-01-28,2026-01-26,1.8912297049009317,1.8223548880220928,0.005173730541088384,0.005173730541088384,0.0,0.0,1.0,1.0
2026-01-29,2026-01-27,1.8846771692832573,1.8160409826932669,-0.00346469580119968,-0.00346469580119968,0.00346469580119968,0.00346469580119968,1.0,1.0
2026-01-30,2026-01-28,1.8764472139341755,1.808110745916773,-0.004366771924239843,-0.004366771924239843,0.007816338189088778,0.00781633818908889,1.0,1.0
2026-02-02,2026-01-29,1.868174123854463,1.800138945290576,-0.004408911702006857,-0.004408911702006857,0.01219078834618692,0.012190788346187031,1.0,1.0
2026-02-03,2026-01-30,1.886759628726957,1.8180476031140964,0.009948486404547818,0.009948486404547818,0.002363581833761841,0.002363581833761952,1.0,1.0
2026-02-04,2026-02-02,1.8702970710634819,1.802184578992999,-0.008725307353848133,-0.008725307353848133,0.01106826620965451,0.01106826620965451,1.0,1.0
2026-02-05,2026-02-03,1.8467688176400385,1.779513177670503,-0.012579955231424744,-0.012579955231424744,0.023508983147672247,0.023508983147672358,1.0,1.0
2026-02-06,2026-02-04,1.8411913106015878,1.77413879232315,-0.003020143607134429,-0.003020143607134429,0.026458126249642944,0.026458126249643166,1.0,1.0
2026-02-09,2026-02-05,1.8683415038956122,1.8003002296841932,0.014745992520002416,0.014745992520002416,0.012102285061411089,0.0121022850614112,1.0,1.0
2026-02-10,2026-02-06,1.88379934915459,1.8151951310243044,0.008273565205690225,0.008273565205690225,0.003928848900314308,0.00392884890031453,1.0,1.0
2026-02-11,2026-02-09,1.884336791152135,1.8157130004553506,0.00028529683789635385,0.00028529683789635385,0.003644672950585792,0.0036446729505859032,1.0,1.0
2026-02-12,2026-02-10,1.8792211255407636,1.8107836371906922,-0.00271483613512824,-0.00271483613512824,0.006349614395886993,0.006349614395887215,1.0,1.0
2026-02-13,2026-02-11,1.8459260833066682,1.7787011340420944,-0.01771746910545957,-0.01771746910545957,0.02395458440445586,0.02395458440445608,1.0,1.0
2026-02-17,2026-02-12,1.842033936895558,1.7749507318467377,-0.002108506102334262,-0.002108506102334262,0.0260125821193945,0.026012582119394723,1.0,1.0
2026-02-18,2026-02-13,1.851654872515601,1.7842212921647662,0.0052229958565570556,0.0052229958565570556,0.020925449871465385,0.020925449871465607,1.0,1.0
2026-02-19,2026-02-17,1.8532375957125131,1.7857463757370073,0.0008547614463174646,0.0008547614463174646,0.020088574692944894,0.020088574692945116,1.0,1.0
2026-02-20,2026-02-18,1.848354214812112,1.7810408378370588,-0.0026350538709655202,-0.0026350538709655202,0.02267069408740363,0.022670694087403853,1.0,1.0
2026-02-23,2026-02-19,1.864017280912247,1.7961334862842708,0.008474060856201948,0.008474060856201948,0.014388746072550807,0.014388746072550918,1.0,1.0
2026-02-24,2026-02-20,1.8467634156700161,1.7795079724294633,-0.009256279659481947,-0.009256279659481947,0.023511839474435914,0.023511839474436136,1.0,1.0
2026-02-25,2026-02-23,1.8677716230680814,1.799751102780703,0.01137568960907931,0.01137568960907931,0.01240361325335626,0.012403613253356482,1.0,1.0
2026-02-26,2026-02-24,1.8757639187460207,1.8074523349776523,0.004279054023109463,0.004279054023109463,0.00817763496143964,0.008177634961439972,1.0,1.0
2026-02-27,2026-02-25,1.8519411769267973,1.7844971699398737,-0.012700287909978236,-0.012700287909978236,0.020774064552984806,0.02077406455298514,1.0,1.0
2026-03-02,2026-02-26,1.843249380150636,1.776121911080685,-0.004693343873148792,-0.004693343873148792,0.0253699085975434,0.025369908597543844,1.0,1.0
2026-03-03,2026-02-27,1.8367399792635917,1.7698495696015615,-0.0035314813921230037,-0.0035314813921230037,0.02881179662953437,0.028811796629534814,1.0,1.0
2026-03-04,2026-03-02,1.8452292021639072,1.7780296319217592,0.004621896945760984,0.004621896945760984,0.024323064838617348,0.024323064838617903,1.0,1.0
2026-03-05,2026-03-03,1.8504664661204868,1.783076165162223,0.0028382728554467995,0.0028382728554467995,0.021553827477863274,0.02155382747786372,1.0,1.0
2026-03-06,2026-03-04,1.8283048030733526,1.761721585717967,-0.01197625758309262,-0.01197625758309262,0.03327195087117951,0.033271950871179956,1.0,1.0
2026-03-09,2026-03-05,1.8096058838402347,1.743703643858817,-0.010227462730331038,-0.010227462730331038,0.04315912596401017,0.0431591259640105,1.0,1.0
2026-03-10,2026-03-06,1.8357406958389673,1.7688866780878207,0.014442267364466632,0.014442267364466632,0.02934017423593238,0.029340174235932825,1.0,1.0
2026-03-11,2026-03-09,1.8339930775071165,1.767202704532841,-0.0009519962900055301,-0.0009519962900055301,0.030264238788917153,0.030264238788917597,1.0,1.0
2026-03-12,2026-03-10,1.8165420673689119,1.7503872254062869,-0.00951530861933525,-0.00951530861933525,0.03949157383604662,0.03949157383604718,1.0,1.0
2026-03-13,2026-03-11,1.8024997003149477,1.7368562533758256,-0.007730273526945219,-0.007730273526945219,0.04691656669522959,0.046916566695230144,1.0,1.0
2026-03-16,2026-03-12,1.8027373599860905,1.7370852579553702,0.00013185004752092055,0.00013185004752092055,0.046790902599257,0.046790902599257556,1.0,1.0
2026-03-17,2026-03-13,1.8156966860702302,1.7495726312097688,0.007188693356995568,0.007188693356995568,0.039938574692944595,0.03993857469294515,1.0,1.0
2026-03-18,2026-03-16,1.8088929318366564,1.743016656146389,-0.0037471865679830074,-0.0037471865679830074,0.04353610397029395,0.04353610397029428,1.0,1.0
2026-03-19,2026-03-17,1.7780908717581256,1.7133363457114377,-0.017028127832450557,-0.017028127832450557,0.05982289345901137,0.05982289345901182,1.0,1.0
2026-03-20,2026-03-18,1.7812078354709975,1.716339795817588,0.0017529833611877876,0.0017529833611877876,0.05817477863467546,0.058174778634675794,1.0,1.0
2026-03-23,2026-03-19,1.775886840979068,1.711212581341008,-0.0029872956911412007,-0.0029872956911412007,0.06098828906026821,0.06098828906026865,1.0,1.0
2026-03-24,2026-03-20,1.7697096342385616,1.705260336159625,-0.0034783785756872243,-0.0034783785756872243,0.06425452727792025,0.06425452727792069,1.0,1.0
2026-03-25,2026-03-23,1.782204471930311,1.7173001367632195,0.00706038858014435,0.00706038858014435,0.05764780062839159,0.05764780062839203,1.0,1.0
2026-03-26,2026-03-24,1.770727932597666,1.7062415501218262,-0.006439518873058825,-0.006439518873058825,0.06371609540131351,0.06371609540131395,1.0,1.0
2026-03-27,2026-03-25,1.743186042457305,1.6797026807329891,-0.015553993153514578,-0.015553993153514578,0.07827904884318737,0.07827904884318793,1.0,1.0
2026-03-30,2026-03-26,1.7295406661802992,1.6665542418665402,-0.007827837043583918,-0.007827837043583918,0.08549413024849994,0.08549413024850061,1.0,1.0
2026-03-31,2026-03-27,1.7275175743871474,1.6646048270447376,-0.0011697277969299202,-0.0011697277969299202,0.08656385318480397,0.08656385318480442,1.0,1.0
2026-04-01,2026-03-30,1.770917055568156,1.7064237856106281,0.02512245422244397,0.02512245422244397,0.06361609540131352,0.06361609540131419,1.0,1.0
2026-04-02,2026-03-31,1.7590461724238635,1.694985216373332,-0.006703240621556916,-0.006703240621556916,0.06989290202799159,0.06989290202799214,1.0,1.0
2026-04-06,2026-04-01,1.7793171459630988,1.7145179614536696,0.011523843920084875,0.011523843920084875,0.05917449300199906,0.05917449300199962,1.0,1.0
2026-04-07,2026-04-02,1.7831714515742008,1.7182319009355427,0.0021661712302647462,0.0021661712302647462,0.05713650385604074,0.0571365038560413,1.0,1.0
2026-04-08,2026-04-06,1.8243424850716499,1.7579035674415042,0.0230886567083064,0.0230886567083064,0.0353670522707793,0.03536705227077985,1.0,1.0
2026-04-09,2026-04-07,1.8322644741097454,1.765537053426321,0.00434238039344037,0.00434238039344037,0.03117824907169331,0.031178249071693975,1.0,1.0
2026-04-10,2026-04-08,1.8472685268769775,1.779994688492887,0.008188802969899989,0.008188802969899989,0.023244758640387886,0.023244758640388552,1.0,1.0
2026-04-13,2026-04-09,1.8384173989950003,1.7714659010492302,-0.004791467917737435,-0.004791467917737435,0.027924850042844396,0.027924850042845062,1.0,1.0
2026-04-14,2026-04-10,1.8664347165170474,1.7984628837019767,0.015239910989399474,0.015239910989399474,0.01311051128249019,0.013110511282490855,1.0,1.0
2026-04-15,2026-04-13,1.884793230609193,1.8161528172970058,0.00983614049271675,0.00983614049271675,0.0034033276206794083,0.0034033276206800744,1.0,1.0
2026-04-16,2026-04-14,1.900893775251606,1.8316670121898235,0.008542340019551675,0.008542340019551675,0.0,0.0,1.0,1.0
2026-04-17,2026-04-15,1.9108252971380966,1.8412368478414334,0.0052246590608020504,0.0052246590608020504,0.0,0.0,1.0,1.0
2026-04-20,2026-04-16,1.922304483436053,1.8522979850509362,0.006007449406886689,0.006007449406886689,0.0,0.0,1.0,1.0
2026-04-21,2026-04-17,1.923814415086911,1.8537529280001666,0.0007854799610929053,0.0007854799610929053,0.0,0.0,1.0,1.0
2026-04-22,2026-04-20,1.9184853986694983,1.848617983740643,-0.0027700262434990908,-0.0027700262434990908,0.0027700262434990908,0.0027700262434990908,1.0,1.0
2026-04-23,2026-04-21,1.9227771558130278,1.8527534436419162,0.0022370548905432663,0.0022370548905432663,0.0005391680537107923,0.0005391680537106813,1.0,1.0
2026-04-24,2026-04-22,1.9275525513326777,1.8573549287734796,0.0024835928101250015,0.0024835928101250015,0.0,0.0,1.0,1.0
2026-04-27,2026-04-23,1.9319390050107028,1.86158163655018,0.0022756597089881314,0.0022756597089881314,0.0,0.0,1.0,1.0
2026-04-28,2026-04-24,1.9268125354592862,1.856641862803442,-0.0026535359232980893,-0.0026535359232980893,0.0026535359232980893,0.0026535359232980893,1.0,1.0
2026-04-29,2026-04-27,1.9262371446223325,1.8560874265540914,-0.000298623154232569,-0.000298623154232569,0.0029513666702633,0.002951366670263411,1.0,1.0
2026-04-30,2026-04-28,1.934377940456192,1.863931750827224,0.004226268741928774,0.004226268741928774,0.0,0.0,1.0,1.0
2026-05-01,2026-04-29,1.9540384103533268,1.8828762255914524,0.010163716968617953,0.010163716968617953,0.0,0.0,1.0,1.0
2026-05-04,2026-04-30,1.952374576576526,1.8812729853249992,-0.0008514846832002876,-0.0008514846832002876,0.0008514846832002876,0.0008514846832003986,1.0,1.0
2026-05-05,2026-05-01,1.9537899467421391,1.8826368105298286,0.0007249480620132864,0.0007249480620132864,0.00012715390335793497,0.00012715390335793497,1.0,1.0
2026-05-06,2026-05-04,1.9701363080304286,1.8983878699161605,0.00836648858570821,0.00836648858570821,0.0,0.0,1.0,1.0
2026-05-07,2026-05-05,1.992457167134128,1.9198958478138586,0.0113296014152513,0.0113296014152513,0.0,0.0,1.0,1.0
2026-05-08,2026-05-06,1.9887272148729453,1.9163017329807208,-0.001872036359279794,-0.001872036359279794,0.001872036359279794,0.001872036359279794,1.0,1.0
2026-05-11,2026-05-07,1.9947611883783034,1.9221159611959344,0.0030340880640804535,0.0030340880640804535,0.0,0.0,1.0,1.0
2026-05-12,2026-05-08,1.9961980583846064,1.923500503260102,0.0007203218183080562,0.0007203218183080562,0.0,0.0,1.0,1.0
2026-05-13,2026-05-11,2.0011922336901704,1.928312800653776,0.0025018435844013087,0.0025018435844013087,0.0,0.0,1.0,1.0
2026-05-14,2026-05-12,2.0134222398015633,1.940097414315396,0.006111359971071373,0.006111359971071373,0.0,0.0,1.0,1.0
2026-05-15,2026-05-13,2.0109130247260807,1.9376795798524247,-0.0012462438458661351,-0.0012462438458661351,0.0012462438458661351,0.0012462438458661351,1.0,1.0
2026-05-18,2026-05-14,2.0036960467956306,1.9307254298757075,-0.003588906054966423,-0.003588906054966423,0.004830677248747972,0.004830677248748083,1.0,1.0
2026-05-19,2026-05-15,1.9921790196976663,1.9196278299527212,-0.0057478913113506724,-0.0057478913113506724,0.01055080235231265,0.01055080235231276,1.0,1.0
2026-05-20,2026-05-18,1.990407146520414,1.9179204848654727,-0.0008894146357997235,-0.0008894146357997235,0.01143083295008085,0.01143083295008096,1.0,1.0
2026-05-21,2026-05-19,2.0016405161724933,1.9287447575814611,0.005643754681908808,0.005643754681908808,0.005851591085152208,0.005851591085152208,1.0,1.0
2026-05-22,2026-05-20,2.0173170331779846,1.9438503670788623,0.007831834377267644,0.007831834377267644,0.0,0.0,1.0,1.0
2026-05-26,2026-05-21,2.0289232197911713,1.95503387950521,0.005753278449695642,0.005753278449695642,0.0,0.0,1.0,1.0
2026-05-27,2026-05-22,2.032763966457517,1.9587347538320732,0.0018929975411985378,0.0018929975411985378,0.0,0.0,1.0,1.0
2026-05-28,2026-05-26,2.0310920567355324,1.9571237317302657,-0.0008224809911886455,-0.0008224809911886455,0.0008224809911885345,0.0008224809911886455,1.0,1.0
2026-05-29,2026-05-27,2.0471656995672327,1.9726120045227051,0.007913793359782373,0.007913793359782373,0.0,0.0,1.0,1.0
2026-06-01,2026-05-28,2.0479651641207224,1.9733823541703852,0.000390522639988955,0.000390522639988955,0.0,0.0,1.0,1.0
2026-06-02,2026-05-29,2.0515061284606655,1.976794363645747,0.0017290159041662978,0.0017290159041662978,0.0,0.0,1.0,1.0
2026-06-03,2026-06-01,2.054182858626548,1.9793736126333614,0.0013047634266103447,0.0013047634266103447,0.0,0.0,1.0,1.0
2026-06-04,2026-06-02,2.0302061876715314,1.9562701242521545,-0.011672121035538052,-0.011672121035538052,0.011672121035538052,0.011672121035538052,1.0,1.0
2026-06-05,2026-06-03,2.035829611455174,1.9616887541483459,0.0027698781620266733,0.0027698781620266733,0.008934573226672238,0.008934573226672238,1.0,1.0
2026-06-08,2026-06-04,2.009686750521108,1.9364979641101927,-0.012841379645411433,-0.012841379645411433,0.021661220625310285,0.021661220625310285,1.0,1.0
2026-06-09,2026-06-05,2.009170970423353,1.9360009676957157,-0.00025664701109318067,-0.00025664701109318067,0.021912308348873366,0.021912308348873366,1.0,1.0
2026-06-10,2026-06-08,1.9853698364842196,1.9130666236220961,-0.011846246182881215,-0.011846246182881215,0.033498975932618635,0.033498975932618635,1.0,1.0
2026-06-11,2026-06-09,1.968388716708428,1.8967039223873863,-0.008553126709058168,-0.008553126709058168,0.041765581655901385,0.041765581655901385,1.0,1.0
2026-06-12,2026-06-10,2.0016595040971223,1.9287630540037157,0.01690254933198876,0.01690254933198876,0.025568977128230697,0.025568977128230697,1.0,1.0
2026-06-15,2026-06-11,2.030262908356768,1.956324779283072,0.01428984510157627,0.01428984510157627,0.011644508749222626,0.011644508749222515,1.0,1.0
2026-06-16,2026-06-12,2.03891410932821,1.9646609207558472,0.004261123490870489,0.004261123490870489,0.007433003948123074,0.007433003948122963,1.0,1.0
2026-06-17,2026-06-15,2.0323561717405134,1.9583418101859815,-0.0032163873689891043,-0.0032163873689891043,0.010625483897099719,0.010625483897099719,1.0,1.0
2026-06-18,2026-06-16,2.0223246863987554,1.9486756515489307,-0.004935889427868934,-0.004935889427868934,0.015508927111334891,0.015508927111335002,1.0,1.0
2026-06-22,2026-06-17,2.0258575747935144,1.9520798791889376,0.00174694420659538,0.00174694420659538,0.01378907613510727,0.013789076135107381,1.0,1.0
2026-06-23,2026-06-18,1.9896832555275399,1.9172229565399388,-0.01785629933518973,-0.01785629933518973,0.0313991535992727,0.03139915359927292,1.0,1.0
2026-06-24,2026-06-22,1.9908636129873212,1.918360327733333,0.0005932388768423724,0.0005932388768423724,0.030824541921045334,0.030824541921045556,1.0,1.0
2026-06-25,2026-06-23,2.0000551460102707,1.9272171234411108,0.004616857208594727,0.004616857208594727,0.026349997221020383,0.026349997221020605,1.0,1.0
2026-06-26,2026-06-24,1.9751601671612677,1.9032287701093489,-0.012447146219274896,-0.012447146219274896,0.038469161172007715,0.03846916117200805,1.0,1.0
2026-06-29,2026-06-25,1.9965356815110173,1.9238258308250873,0.010822167591841847,0.010822167591841847,0.02806331328948697,0.02806331328948719,1.0,1.0
2026-06-30,2026-06-26,2.0098758734915982,1.9366801995989948,0.006681669706240845,0.006681669706240845,0.021569153373509287,0.02156915337350951,1.0,1.0
2026-07-01,2026-06-29,2.0200234201592915,1.946458192839785,0.00504884246909465,0.00504884246909465,0.01662921016198915,0.016629210161989372,1.0,1.0
2026-07-02,2026-06-30,2.0244261067572347,1.9507005423658101,0.002179522551078117,0.002179522551078117,0.014485931349465742,0.014485931349465964,1.0,1.0
2026-07-06,2026-07-01,2.027618644030722,1.9537768137941067,0.00157700854717846,0.00157700854717846,0.012931767239839242,0.012931767239839465,1.0,1.0
2026-07-07,2026-07-02,2.030230469526783,1.9562935218106283,0.0012881246203522156,0.0012881246203522156,0.011660300347253294,0.011660300347253405,1.0,1.0
2026-07-08,2026-07-06,2.019402247626396,1.9458596421726224,-0.005333493937223155,-0.005333493937223155,0.01693160414326822,0.01693160414326833,1.0,1.0
2026-07-09,2026-07-07,2.02346995806324,1.9497792147017716,0.0020143141078627913,0.0020143141078627913,0.014951395604499984,0.014951395604499984,1.0,1.0
2026-07-10,2026-07-08,2.0386062780664744,1.964364300095196,0.007480377923535952,0.007480377923535952,0.0075828597705699385,0.0075828597705700496,1.0,1.0
2026-07-13,2026-07-09,2.0385764862018,1.964335593190862,-1.4613839364074899e-05,-1.4613839364074899e-05,0.007597362795239482,0.007597362795239482,1.0,1.0
2026-07-14,2026-07-10,2.0356514274739803,1.9615170592726494,-0.0014348535596374612,-0.0014348535596374612,0.009021315251826256,0.009021315251826367,1.0,1.0
2026-07-15,2026-07-13,2.0451102769834963,1.9706314363332798,0.004646595866981684,0.004646595866981684,0.0044166377910084265,0.0044166377910085375,1.0,1.0
2026-07-16,2026-07-14,2.041620496309517,1.96726874651677,-0.0017064021990670364,-0.0017064021990670364,0.006115503429636404,0.006115503429636515,1.0,1.0
2026-07-17,2026-07-15,2.011563989123651,1.9383068374239223,-0.014721887461551675,-0.014721887461551675,0.020747359137926136,0.020747359137926358,1.0,1.0
2026-07-20,2026-07-16,2.0228163467003597,1.9491494065621653,0.005593835263282276,0.005593835263282276,0.015269581183809722,0.015269581183809833,1.0,1.0
2026-07-21,2026-07-17,2.0230243225462288,1.9493498083421965,0.00010281499168640629,0.00010281499168640629,0.015168336133985827,0.015168336133985938,1.0,1.0
2026-07-22,2026-07-20,2.025055463274714,1.9513069789731485,0.0010040120159944266,0.0010040120159944266,0.014179553309732529,0.01417955330973264,1.0,1.0
2026-07-23,2026-07-21,2.0036690099356687,1.9306993776443044,-0.010560922269487572,-0.010560922269487572,0.024590726418900033,0.024590726418900144,1.0,1.0
2026-07-24,2026-07-22,2.000430474887439,1.927578783588554,-0.0016163024093154288,-0.0016163024093154288,0.026167282777857848,0.02616728277785796,1.0,1.0
2026-07-27,2026-07-23,2.016069286142173,1.942648060503498,0.0078177229606613,0.0078177229606613,0.018554128384587143,0.018554128384587143,1.0,1.0
2026-07-28,2026-07-24,1.997526916000309,1.9247809665296802,-0.0091972881434772,-0.0091972881434772,0.027580768863060157,0.027580768863060157,1.0,1.0
2026-07-29,2026-07-27,2.0036339511502224,1.9306655956299565,0.0030572980524044002,0.0030572980524044002,0.02460779344158448,0.02460779344158459,1.0,1.0
2026-07-30,2026-07-28,1.9961495216839549,1.9234537341693607,-0.0037354275525082192,-0.0037354275525082192,0.02825130036446466,0.02825130036446466,1.0,1.0
2026-07-31,2026-07-29,2.015510101215287,1.9421092399772666,0.009698962588233107,0.009698962588233107,0.018826346081535328,0.01882634608153544,1.0,1.0
2026-08-03,2026-07-30,2.027029775278563,1.9532093904683627,0.005715512939542977,0.005715512939542977,0.013218435366625592,0.013218435366625814,1.0,1.0
2026-08-04,2026-07-31,2.061019051690109,1.9859608451691864,0.016768020295545583,0.016768020295545583,0.0,0.0,1.0,1.0
2026-08-05,2026-08-03,2.099102940349211,2.022657794499537,0.018478183706197138,0.018478183706197138,0.0,0.0,1.0,1.0
2026-08-06,2026-08-04,2.0834831170191066,2.007606814006848,-0.0074411897720013664,-0.0074411897720013664,0.0074411897720013664,0.0074411897720013664,1.0,1.0
2026-08-07,2026-08-05,2.0892605779779427,2.013173871351288,0.0027729818934660866,0.0027729818934660866,0.004688842163038998,0.004688842163038998,1.0,1.0
2026-08-10,2026-08-06,2.0937334091566284,2.017483810932214,0.002140868030456433,0.002140868030456433,0.0025580123248692965,0.0025580123248692965,1.0,1.0
2026-08-11,2026-08-07,2.0979927544800225,2.021588039387249,0.0020343303043102168,0.0020343303043102168,0.0005288858625503989,0.0005288858625502879,1.0,1.0
2026-08-12,2026-08-10,2.0974391065724096,2.0210545542330833,-0.0002638940989813099,-0.0002638940989813099,0.0007926403916735936,0.0007926403916734825,1.0,1.0
2026-08-13,2026-08-11,2.096823336009537,2.0204612088069602,-0.0002935820930118904,-0.0002935820930118904,0.0010859897796602347,0.0010859897796603457,1.0,1.0
2026-08-14,2026-08-12,2.1085509859186815,2.031761761078087,0.005593055794325119,0.005593055794325119,0.0,0.0,1.0,1.0
2026-08-17,2026-08-13,2.104251044790568,2.0276184152366388,-0.0020392872436234555,-0.0020392872436234555,0.0020392872436234555,0.0020392872436234555,1.0,1.0
2026-08-18,2026-08-14,2.079769262628591,2.0040282107920087,-0.011634439827218124,-0.011634439827218124,0.01365000110611525,0.01365000110611525,1.0,1.0
2026-08-19,2026-08-17,2.0842799616171352,2.0083746391126236,0.0021688458761253138,0.0021688458761253138,0.011510759978598073,0.011510759978598073,1.0,1.0
2026-08-20,2026-08-18,2.077189875962515,2.0015427602479305,-0.0034016954464788363,-0.0034016954464788363,0.014873299325272149,0.01487329932527226,1.0,1.0
2026-08-21,2026-08-19,2.07048873214952,1.9950856587381005,-0.003226062234628513,-0.003226062234628513,0.01805137937064316,0.01805137937064316,1.0,1.0
2026-08-24,2026-08-20,2.069867424567374,1.994486977939912,-0.0003000777413072475,-0.0003000777413072475,0.01834604029480147,0.018346040294801358,1.0,1.0
2026-08-25,2026-08-21,2.0734544136919095,1.9979433360689323,0.0017329559767746971,0.0017329559767746971,0.016644877198205732,0.016644877198205732,1.0,1.0
2026-08-26,2026-08-24,2.0708127693213236,1.995397895121871,-0.001274030599921594,-0.001274030599921594,0.01789770171524474,0.01789770171524485,1.0,1.0
2026-08-27,2026-08-25,2.082551223170513,2.0067088578750774,0.005668524949764775,0.005668524949764775,0.012330630334196235,0.012330630334196457,1.0,1.0
2026-08-28,2026-08-26,2.089257795963381,2.013171190652152,0.0032203639066594736,0.0032203639066594736,0.009149975544411437,0.009149975544411548,1.0,1.0
2026-08-31,2026-08-27,2.0790886144057477,2.0033723504209977,-0.004867365615330521,-0.004867365615330521,0.013972804883395917,0.01397280488339614,1.0,1.0
2026-09-01,2026-08-28,2.0623290564304315,1.987223142147534,-0.00806101185836483,-0.00806101185836483,0.02192118179590119,0.02192118179590119,1.0,1.0
2026-09-02,2026-08-31,2.062088641754577,1.9869914828950592,-0.00011657435320744369,-0.00011657435320744369,0.02203520070151921,0.02203520070151932,1.0,1.0
2026-09-03,2026-09-01,2.0761688496085497,2.000558917639004,0.006828129290306295,0.006828129290306295,0.01535753061054057,0.015357530610540793,1.0,1.0
2026-09-04,2026-09-02,2.0933146754503293,2.017080326673016,0.008258396635231424,0.008258396635231424,0.007225962554428755,0.007225962554428977,1.0,1.0
2026-09-08,2026-09-03,2.0845689400034924,2.0086530934820455,-0.004177936336760002,-0.004177936336760002,0.011373709279664523,0.011373709279664634,1.0,1.0
2026-09-09,2026-09-04,2.069138239643878,1.993784348478159,-0.007402345906385999,-0.007402345906385999,0.01869186305572379,0.018691863055724012,1.0,1.0
2026-09-10,2026-09-08,2.051327944479473,1.9766226687700506,-0.008607590746315119,-0.008607590746315119,0.02713856189456898,0.027138561894569202,1.0,1.0
2026-09-11,2026-09-09,2.06164339112793,1.986562447408908,0.005028667735072823,0.005028667735072823,0.022246364970071597,0.02224636497007182,1.0,1.0
