date,bank,bse50,chinext50,cni2000,csi100,csi1000,csi2000,csi300,csi500,csi800,csi_a50,csi_a500,csi_all,dividend,growth,lowvol,sme100,sse180,sse50,ssecomp,star100,star50,sz100,szcomponent,value300
2020-01-02,10331.07,,0.673,,5865.26,6110.04,,5298.75,6049.61,5448.06,,,5535.61,6999.68,2.022,13173.39,3.46,12357.53,4384.5,1.348,,,5.143,0.863,7645.2
2020-01-03,10357.09,,0.671,,5843.29,6141.78,,5289.47,6065.96,5444.29,,,5541.45,6997.42,2.021,13156.51,3.468,12324.52,4366.7,1.346,,,5.135,0.865,7644.71
2020-01-06,10285.87,,0.678,,5802.81,6204.95,,5269.47,6127.08,5441.74,,,5552.84,6972.77,2.048,13094.58,3.496,12265.4,4336.28,1.349,,,5.127,0.867,7577.08
2020-01-07,10334.05,,0.686,,5845.61,6299.27,,5308.94,6200.34,5488.38,,,5610.19,7029.42,2.087,13174.94,3.538,12339.81,4360.65,1.357,,,5.18,0.878,7620.78
2020-01-08,10167.94,,0.676,,5783.37,6213.28,,5247.81,6114.62,5422.1,,,5540.01,6947.43,2.053,12999.83,3.487,12184.01,4309.35,1.342,,,5.132,0.867,7531.56
2020-01-09,10220.96,,0.696,,5855.19,6311.99,,5314.23,6197.76,5491.97,,,5618.11,7035.1,2.107,13122.92,3.548,12308.05,4351.47,1.35,,,5.242,0.888,7598.46
2020-01-10,10219.5,,0.695,,5852.85,6298.76,,5312.72,6178.24,5486.59,,,5610.32,7008.55,2.098,13075.99,3.537,12308.29,4351.95,1.349,,,5.234,0.885,7575.3
2020-01-13,10247.35,,0.706,,5902.79,6379.31,,5364.79,6267.75,5546.58,,,5673.32,7057.75,2.133,13114.32,3.613,12413.33,4383.5,1.357,,,5.311,0.901,7614.01
2020-01-14,10221.37,,0.702,,5881.45,6365.73,,5346.79,6248.25,5528.3,,,5657.82,7065.08,2.119,13120.07,3.603,12374.16,4369.99,1.353,,,5.262,0.896,7611.38
2020-01-15,10110.42,,0.701,,5844.04,6365.09,,5317.25,6234.38,5502.19,,,5636.35,7028.65,2.116,13039.04,3.604,12293.73,4337.94,1.345,,,5.246,0.893,7525.0
2020-01-16,10042.75,,0.704,,5814.52,6352.84,,5294.67,6231.72,5483.94,,,5619.75,6991.93,2.126,12950.16,3.608,12238.05,4316.78,1.34,,,5.238,0.891,7474.03
2020-01-17,10043.03,,0.704,,5822.53,6328.38,,5302.09,6211.85,5485.48,,,5614.97,6994.87,2.129,12942.69,3.598,12267.99,4331.08,1.337,,,5.247,0.891,7482.93
2020-01-20,10094.14,,0.724,,5850.15,6409.6,,5341.62,6299.21,5535.19,,,5672.48,7003.26,2.182,12936.2,3.662,12340.83,4349.26,1.35,,,5.319,0.906,7517.89
2020-01-21,9951.38,,0.717,,5738.61,6352.54,,5250.35,6227.52,5448.33,,,5593.65,6874.51,2.168,12714.27,3.618,12137.81,4272.83,1.33,,,5.215,0.892,7373.53
2020-01-22,9945.86,,0.733,,5755.61,6371.63,,5272.84,6285.66,5478.43,,,5620.85,6898.58,2.197,12719.97,3.687,12169.28,4281.01,1.333,,,5.27,0.907,7385.28
2020-01-23,9705.42,,0.711,,5579.33,6134.2,,5109.45,6062.69,5302.62,,,5435.56,6712.04,2.123,12346.63,3.564,11816.4,4159.89,1.3,,,5.073,0.889,7175.66
2020-02-03,9062.27,,0.653,,5158.04,5597.26,,4706.78,5536.39,4874.31,,,4990.73,6114.12,1.957,11318.26,3.22,10947.94,3868.52,1.2,,,4.578,0.801,6635.9
2020-02-04,9252.19,,0.703,,5290.59,5610.11,,4830.92,5632.87,4992.22,,,5077.15,6242.09,2.08,11551.06,3.38,11180.97,3964.37,1.225,,,4.825,0.821,6791.36
2020-02-05,9247.03,,0.725,,5334.05,5756.76,,4885.66,5776.59,5065.95,,,5174.1,6314.32,2.143,11645.26,3.456,11283.29,3990.24,1.246,,,4.928,0.836,6818.95
2020-02-06,9309.91,,0.749,,5413.67,5936.83,,4976.58,5955.77,5175.62,,,5299.61,6393.5,2.211,11754.27,3.55,11462.62,4049.8,1.266,,,5.031,0.86,6894.36
2020-02-07,9271.03,,0.748,,5395.0,6009.98,,4976.7,6005.53,5186.41,,,5324.45,6415.26,2.222,11682.74,3.547,11489.97,4045.3,1.272,,,5.019,0.86,6881.28
2020-02-10,9231.72,,0.759,,5409.08,6093.9,,4997.29,6074.75,5217.41,,,5369.76,6512.84,2.247,11856.38,3.574,11513.18,4042.96,1.283,,,5.059,0.868,6908.36
2020-02-11,9327.79,,0.753,,5475.72,6052.67,,5043.81,6044.13,5247.25,,,5379.38,6535.13,2.231,11918.38,3.595,11596.12,4085.22,1.283,,,5.118,0.874,6970.19
2020-02-12,9344.86,,0.778,,5498.66,6193.67,,5084.61,6155.37,5303.09,,,5451.57,6576.75,2.298,11953.08,3.659,11691.46,4107.54,1.295,,,5.164,0.888,6985.75
2020-02-13,9269.44,,0.77,,5456.8,6143.38,,5053.33,6102.27,5267.19,,,5410.41,6536.5,2.277,11900.59,3.633,11615.22,4079.01,1.291,,,5.134,0.878,6958.23
2020-02-14,9352.11,,0.769,,5494.65,6165.22,,5088.82,6111.24,5296.9,,,5434.12,6585.93,2.276,11992.79,3.654,11693.85,4106.8,1.298,,,5.168,0.884,7017.33
2020-02-17,9518.61,,0.801,,5602.95,6389.81,,5203.28,6306.99,5428.57,,,5585.72,6722.54,2.373,12208.46,3.765,11942.47,4184.82,1.326,,,5.298,0.91,7137.4
2020-02-18,9422.69,,0.807,,5552.83,6535.89,,5177.87,6381.82,5424.76,,,5619.19,6736.45,2.394,12123.03,3.763,11877.02,4148.41,1.328,,,5.276,0.916,7071.24
2020-02-19,9420.47,,0.789,,5562.54,6477.61,,5169.95,6316.94,5404.62,,,5591.81,6709.57,2.353,12101.35,3.741,11856.64,4147.51,1.328,,,5.267,0.911,7066.85
2020-02-20,9539.72,,0.813,,5686.14,6602.83,,5289.07,6433.57,5522.93,,,5710.83,6804.6,2.412,12249.52,3.838,12104.34,4224.7,1.35,,,5.442,0.936,7184.79
2020-02-21,9508.6,,0.828,,5667.63,6720.69,,5295.24,6520.73,5546.5,,,5753.46,6830.4,2.457,12259.03,3.889,12090.84,4210.45,1.354,,,5.471,0.942,7155.69
2020-02-24,9396.71,,0.842,,5612.11,6868.09,,5273.99,6612.54,5549.6,,,5788.34,6782.86,2.495,12118.23,3.934,11976.31,4156.4,1.351,,,5.493,0.953,7072.4
2020-02-25,9303.71,,0.854,,5580.02,6896.86,,5262.53,6648.9,5548.44,,,5793.01,6715.21,2.515,11984.1,3.974,11901.85,4127.02,1.341,,,5.531,0.956,7011.13
2020-02-26,9337.2,,0.811,,5553.14,6697.39,,5197.65,6474.92,5460.26,,,5684.36,6712.04,2.408,12065.56,3.835,11828.91,4116.17,1.335,,,5.384,0.933,7047.14
2020-02-27,9381.61,,0.814,,5571.91,6708.43,,5212.79,6486.57,5474.61,,,5697.18,6720.58,2.418,12117.22,3.843,11866.85,4130.87,1.34,,,5.399,0.931,7060.68
2020-02-28,9132.45,,0.768,,5396.1,6319.7,,5027.97,6145.61,5256.66,,,5440.5,6512.1,2.285,11829.69,3.663,11465.68,4001.79,1.3,,,5.173,0.89,6879.29
2020-03-02,9301.7,,0.791,,5564.62,6580.68,,5193.38,6376.87,5435.84,,,5637.35,6768.94,2.353,12255.25,3.796,11836.74,4124.98,1.34,,,5.365,0.925,7108.75
2020-03-03,9320.61,,0.81,,5585.77,6669.46,,5221.06,6437.3,5470.5,,,5687.5,6767.69,2.397,12233.42,3.82,11907.66,4144.22,1.353,,,5.405,0.931,7102.88
2020-03-04,9338.74,,0.806,,5628.81,6702.44,,5251.3,6444.61,5495.74,,,5717.38,6854.89,2.392,12403.42,3.806,11998.26,4181.27,1.363,,,5.406,0.936,7163.3
2020-03-05,9583.29,,0.816,,5771.16,6798.57,,5368.28,6540.0,5607.81,,,5827.43,6939.87,2.43,12555.04,3.853,12254.07,4281.29,1.387,,,5.559,0.946,7304.26
2020-03-06,9434.72,,0.811,,5666.58,6778.02,,5281.23,6497.99,5530.64,,,5768.94,6857.53,2.418,12364.38,3.824,12041.25,4205.77,1.37,,,5.471,0.937,7162.65
2020-03-09,9195.3,,0.773,,5489.36,6512.01,,5100.82,6229.63,5331.74,,,5561.56,6645.04,2.306,12054.03,3.659,11648.27,4069.58,1.33,,,5.27,0.903,6960.45
2020-03-10,9296.74,,0.799,,5598.06,6680.78,,5210.05,6397.94,5453.42,,,5688.86,6763.45,2.363,12188.69,3.768,11887.65,4148.15,1.354,,,5.404,0.922,7068.84
2020-03-11,9215.13,,0.779,,5525.07,6590.9,,5140.75,6301.46,5378.44,,,5614.94,6704.34,2.319,12060.64,3.69,11742.42,4097.29,1.339,,,5.304,0.908,6985.64
2020-03-12,9165.37,,0.76,,5428.34,6458.21,,5041.83,6193.63,5277.83,,,5506.19,6584.28,2.258,11890.27,3.607,11557.77,4031.5,1.315,,,5.182,0.893,6890.33
2020-03-13,9075.92,,0.757,,5341.15,6399.89,,4970.88,6152.27,5213.4,,,5442.39,6480.98,2.236,11702.11,3.572,11407.58,3970.2,1.301,,,5.113,0.88,6784.16
2020-03-16,8810.7,,0.708,,5129.74,6090.21,,4757.17,5862.44,4983.82,,,5203.06,6279.92,2.099,11405.71,3.378,10967.31,3821.61,1.265,,,4.825,0.85,6563.09
2020-03-17,8791.88,,0.712,,5089.77,6074.22,,4734.0,5875.91,4968.57,,,5187.15,6257.11,2.11,11375.03,3.353,10944.69,3809.65,1.257,,,4.796,0.837,6536.47
2020-03-18,8588.12,,0.699,,4980.36,5980.78,,4640.3,5771.53,4872.79,,,5093.74,6166.53,2.083,11184.8,3.325,10709.78,3724.76,1.237,,,4.716,0.829,6390.73
2020-03-19,8345.64,,0.702,,4880.38,6046.96,,4580.11,5814.77,4834.94,,,5080.28,6104.29,2.091,10988.03,3.347,10545.03,3645.38,1.224,,,4.672,0.821,6227.36
2020-03-20,8531.78,,0.711,,4984.47,6104.31,,4661.95,5884.05,4913.9,,,5154.81,6189.14,2.116,11179.85,3.378,10743.4,3728.54,1.243,,,4.748,0.828,6349.84
2020-03-23,8338.04,,0.677,,4841.14,5830.99,,4505.09,5635.61,4737.74,,,4959.05,6010.26,2.017,10864.03,3.207,10432.23,3630.95,1.211,,,4.545,0.806,6163.31
2020-03-24,8554.01,,0.691,,4985.98,5939.38,,4626.08,5745.11,4855.99,,,5073.51,6158.75,2.069,11147.97,3.262,10716.63,3744.1,1.231,,,4.661,0.809,6337.07
2020-03-25,8699.14,,0.719,,5111.01,6078.64,,4750.38,5881.96,4982.71,,,5203.88,6286.47,2.131,11404.84,3.374,10958.36,3830.35,1.256,,,4.836,0.831,6491.78
2020-03-26,8752.22,,0.718,,5079.77,6023.54,,4719.15,5824.11,4945.84,,,5162.72,6224.83,2.123,11319.78,3.342,10905.42,3814.88,1.251,,,4.799,0.822,6456.91
2020-03-27,8780.77,,0.708,,5106.96,5978.52,,4734.48,5791.67,4950.89,,,5155.77,6270.43,2.096,11387.99,3.325,10956.57,3832.14,1.258,,,4.788,0.821,6497.83
2020-03-30,8749.98,,0.692,,5072.34,5829.74,,4688.6,5667.83,4888.38,,,5074.72,6189.73,2.052,11313.15,3.255,10891.8,3815.96,1.249,,,4.714,0.807,6467.7
2020-03-31,8653.25,,0.69,,5090.82,5842.36,,4703.97,5683.57,4903.8,,,5088.55,6179.02,2.056,11269.63,3.299,10900.15,3815.02,1.243,,,4.757,0.807,6423.64
2020-04-01,8648.25,,0.691,,5075.7,5816.71,,4689.83,5658.51,4887.35,,,5068.63,6141.43,2.053,11221.78,3.301,10848.36,3804.67,1.24,,,4.76,0.806,6412.53
2020-04-02,8704.62,,0.712,,5145.53,5962.36,,4765.78,5802.79,4977.79,,,5170.35,6230.94,2.113,11330.42,3.396,11010.8,3858.3,1.254,,,4.841,0.824,6469.96
2020-04-03,8647.18,,0.706,,5118.04,5928.46,,4738.58,5757.51,4946.77,,,5140.07,6198.05,2.101,11290.46,3.367,10951.81,3842.61,1.254,,,4.803,0.818,6424.88
2020-04-07,8747.89,,0.73,,5218.22,6130.9,,4846.8,5937.93,5070.25,,,5282.38,6312.6,2.17,11465.15,3.474,11169.86,3911.52,1.272,,,4.94,0.845,6522.07
2020-04-08,8697.62,,0.728,,5188.05,6155.66,,4824.24,5943.26,5053.73,,,5276.06,6307.28,2.165,11438.8,3.455,11125.56,3892.34,1.273,,,4.916,0.843,6487.43
2020-04-09,8696.02,,0.737,,5199.62,6232.24,,4840.15,6000.37,5078.45,,,5310.75,6324.65,2.201,11456.17,3.468,11157.96,3904.69,1.276,,,4.933,0.847,6487.07
2020-04-10,8693.47,,0.722,,5196.77,6068.9,,4809.99,5871.91,5027.25,,,5230.44,6258.73,2.15,11401.22,3.401,11099.32,3900.8,1.269,,,4.906,0.834,6484.17
2020-04-13,8630.45,,0.715,,5186.27,6005.74,,4789.67,5827.56,5001.82,,,5195.83,6242.41,2.123,11411.67,3.358,11044.54,3885.65,1.262,,,4.884,0.829,6476.62
2020-04-14,8731.29,,0.739,,5271.67,6127.54,,4882.12,5962.19,5103.12,,,5301.62,6321.94,2.187,11515.34,3.453,11241.03,3951.69,1.278,,,4.975,0.848,6557.5
2020-04-15,8684.3,,0.738,,5226.8,6090.88,,4845.96,5939.82,5070.0,,,5268.48,6287.22,2.176,11444.34,3.452,11157.67,3921.57,1.27,,,4.935,0.843,6494.49
2020-04-16,8661.11,,0.749,,5224.02,6137.45,,4852.36,5994.18,5086.68,,,5290.5,6267.94,2.213,11427.93,3.469,11188.58,3926.92,1.275,,,4.938,0.848,6490.89
2020-04-17,8730.3,,0.756,,5281.35,6147.43,,4899.71,5995.86,5124.13,,,5318.11,6286.48,2.226,11477.35,3.489,11304.02,3984.82,1.285,,,4.977,0.852,6555.45
2020-04-20,8702.54,,0.765,,5300.91,6248.03,,4917.54,6067.25,5153.41,,,5361.83,6322.88,2.256,11520.99,3.518,11346.37,4000.02,1.292,,,4.999,0.86,6553.49
2020-04-21,8669.33,,0.758,,5234.98,6215.34,,4859.59,6024.52,5098.86,,,5314.14,6284.59,2.233,11433.34,3.483,11214.02,3950.0,1.279,,,4.944,0.852,6489.54
2020-04-22,8662.82,,0.761,,5278.05,6273.75,,4899.58,6073.84,5140.76,,,5360.7,6312.96,2.253,11439.24,3.519,11283.5,3977.95,1.29,,,5.005,0.859,6501.51
2020-04-23,8632.27,,0.758,,5270.89,6233.82,,4887.29,6040.2,5123.92,,,5339.71,6293.37,2.235,11412.75,3.487,11249.02,3968.62,1.285,,,5.0,0.857,6483.13
2020-04-24,8604.38,,0.75,,5236.93,6111.29,,4845.7,5945.76,5071.07,,,5269.99,6255.34,2.211,11346.24,3.444,11156.34,3937.93,1.273,,,4.96,0.846,6437.26
2020-04-27,8762.57,,0.758,,5276.31,6079.23,,4878.75,5936.94,5095.06,,,5277.31,6292.01,2.221,11433.76,3.47,11232.65,3979.35,1.278,,,4.999,0.848,6496.13
2020-04-28,8782.88,,0.764,,5322.75,5988.38,,4912.41,5894.24,5112.26,,,5263.57,6253.92,2.235,11436.28,3.5,11298.37,4007.6,1.275,,,5.053,0.852,6514.31
2020-04-29,8992.02,,0.764,,5358.38,5974.15,,4935.43,5894.05,5130.25,,,5271.63,6315.14,2.236,11647.79,3.51,11354.81,4035.51,1.28,,,5.048,0.856,6619.99
2020-04-30,9015.24,,0.782,,5394.02,6116.34,,4994.07,6037.51,5206.96,,,5361.73,6378.12,2.283,11742.7,3.602,11470.38,4059.76,1.301,,,5.13,0.87,6669.38
2020-05-06,8919.44,,0.796,,5403.32,6250.41,,5024.29,6147.41,5254.22,,,5427.54,6384.47,2.324,11707.92,3.64,11515.84,4062.51,1.306,,,5.184,0.885,6634.39
2020-05-07,8870.99,,0.793,,5385.21,6243.4,,5010.15,6141.13,5241.8,,,5416.14,6394.27,2.32,11729.91,3.624,11480.11,4049.14,1.303,,,5.168,0.884,6600.36
2020-05-08,8957.91,,0.799,,5445.12,6315.71,,5065.03,6211.07,5299.78,,,5475.76,6444.68,2.339,11804.47,3.665,11591.39,4085.8,1.316,,,5.235,0.894,6677.92
2020-05-11,8953.99,,0.788,,5443.85,6304.06,,5060.75,6198.48,5293.73,,,5467.88,6448.0,2.319,11830.95,3.629,11583.57,4084.14,1.315,,,5.216,0.888,6704.94
2020-05-12,8886.25,,0.797,,5443.0,6323.19,,5060.94,6216.92,5297.84,,,5474.07,6427.06,2.34,11757.9,3.648,11570.19,4080.94,1.313,,,5.235,0.894,6664.97
2020-05-13,8879.91,,0.803,,5448.99,6374.87,,5071.23,6245.16,5311.96,,,5495.83,6441.42,2.358,11793.2,3.669,11575.55,4078.26,1.314,,,5.265,0.904,6654.28
2020-05-14,8786.1,,0.798,,5387.92,6317.34,,5016.23,6189.86,5257.02,,,5441.73,6373.44,2.332,11643.1,3.631,11449.25,4031.07,1.305,,,5.213,0.894,6575.32
2020-05-15,8778.87,,0.802,,5360.9,6346.7,,5001.15,6214.99,5250.6,,,5445.5,6350.53,2.339,11599.72,3.623,11416.89,4011.44,1.303,,,5.198,0.889,6561.75
2020-05-18,8788.36,,0.794,,5386.51,6316.04,,5014.05,6183.61,5253.98,,,5440.42,6351.68,2.336,11638.77,3.596,11467.39,4036.31,1.311,,,5.205,0.888,6567.36
2020-05-19,8845.96,,0.805,,5424.8,6399.52,,5056.88,6261.57,5304.24,,,5497.66,6390.68,2.361,11673.33,3.653,11559.1,4069.73,1.321,,,5.258,0.897,6610.08
2020-05-20,8888.56,,0.796,,5411.54,6323.77,,5030.97,6196.98,5270.09,,,5457.46,6342.92,2.338,11611.0,3.623,11516.67,4063.29,1.316,,,5.227,0.888,6598.19
2020-05-21,8862.85,,0.792,,5389.75,6244.47,,5003.65,6126.43,5233.56,,,5412.09,6308.23,2.314,11588.34,3.577,11466.55,4050.04,1.31,,,5.193,0.88,6555.45
2020-05-22,8704.58,,0.771,,5259.39,6130.21,,4889.59,6016.64,5120.66,,,5301.33,6203.94,2.259,11373.47,3.518,11203.94,3949.01,1.29,,,5.066,0.86,6423.29
2020-05-25,8703.27,,0.775,,5277.4,6117.79,,4896.69,6003.58,5123.42,,,5303.48,6235.5,2.263,11418.6,3.499,11236.96,3969.3,1.287,,,5.071,0.858,6433.28
2020-05-26,8725.12,,0.798,,5326.77,6266.06,,4952.88,6121.57,5192.75,,,5391.1,6283.95,2.335,11447.66,3.573,11334.42,3996.52,1.298,,,5.165,0.875,6477.84
2020-05-27,8767.83,,0.783,,5299.62,6227.85,,4918.39,6064.95,5153.58,,,5355.45,6311.16,2.288,11487.2,3.527,11283.64,3977.51,1.298,,,5.103,0.867,6475.28
2020-05-28,8891.48,,0.777,,5325.52,6215.28,,4933.76,6057.98,5164.13,,,5357.6,6311.24,2.271,11554.17,3.517,11336.98,3997.69,1.303,,,5.098,0.868,6530.41
2020-05-29,8835.89,,0.785,,5326.89,6280.07,,4950.61,6111.7,5188.85,,,5391.23,6285.17,2.298,11477.53,3.552,11345.22,3997.68,1.306,,,5.128,0.871,6496.5
2020-06-01,8958.39,,0.816,,5465.08,6472.78,,5084.27,6297.29,5333.36,,,5543.76,6411.97,2.385,11689.77,3.68,11611.49,4088.4,1.332,,,5.308,0.9,6616.63
2020-06-02,9010.03,,0.811,,5497.89,6483.67,,5103.22,6294.41,5347.58,,,5557.89,6430.23,2.368,11750.89,3.674,11651.79,4110.75,1.338,,,5.322,0.903,6683.03
2020-06-03,9019.75,,0.807,,5502.19,6476.09,,5104.39,6301.52,5350.03,,,5559.81,6434.87,2.36,11728.37,3.691,11650.9,4115.29,1.34,,,5.312,0.905,6686.7
2020-06-04,8990.51,,0.811,,5501.34,6490.21,,5103.1,6307.32,5350.26,,,5565.48,6454.95,2.375,11755.66,3.694,11621.29,4107.67,1.338,,,5.346,0.908,6667.24
2020-06-05,9005.18,,0.819,,5531.61,6501.02,,5128.45,6319.43,5372.72,,,5582.6,6434.26,2.391,11743.27,3.719,11673.46,4126.17,1.342,,,5.376,0.911,6673.87
2020-06-08,9010.66,,0.812,,5569.86,6486.61,,5155.09,6308.5,5391.23,,,5591.04,6439.27,2.375,11809.27,3.714,11717.99,4145.03,1.343,,,5.408,0.911,6732.34
2020-06-09,9027.05,,0.825,,5599.01,6531.48,,5187.28,6349.27,5425.19,,,5626.51,6465.34,2.408,11858.13,3.749,11792.37,4171.69,1.348,,,5.441,0.92,6748.86
2020-06-10,8964.23,,0.835,,5579.84,6539.7,,5181.61,6355.66,5422.12,,,5625.62,6439.49,2.431,11816.82,3.775,11736.37,4148.85,1.343,,,5.477,0.922,6698.81
2020-06-11,8855.79,,0.84,,5515.92,6517.0,,5130.54,6328.8,5376.37,,,5589.65,6387.87,2.428,11705.86,3.754,11632.89,4105.97,1.335,,,5.418,0.918,6612.65
2020-06-12,8865.72,,0.849,,5527.62,6523.33,,5140.3,6333.54,5385.03,,,5596.61,6378.75,2.453,11717.89,3.756,11645.66,4116.83,1.331,,,5.43,0.919,6601.44
2020-06-15,8756.88,,0.847,,5449.08,6521.4,,5080.19,6333.31,5337.58,,,5560.76,6334.11,2.453,11601.65,3.732,11491.13,4054.82,1.323,,,5.383,0.912,6511.72
2020-06-16,8828.76,,0.865,,5526.84,6654.89,,5156.97,6452.65,5423.22,,,5654.6,6442.0,2.501,11752.39,3.808,11651.9,4112.51,1.34,,,5.469,0.929,6589.64
2020-06-17,8821.94,,0.863,,5522.81,6684.09,,5161.59,6498.23,5436.45,,,5670.74,6455.28,2.507,11775.21,3.826,11663.24,4115.59,1.343,,,5.47,0.935,6583.2
2020-06-18,8792.34,,0.869,,5566.44,6655.03,,5198.3,6498.86,5465.52,,,5686.91,6514.08,2.513,11837.46,3.857,11710.38,4130.25,1.349,,,5.531,0.936,6620.84
2020-06-19,8824.83,,0.892,,5643.66,6697.22,,5270.53,6562.73,5535.91,,,5750.53,6527.95,2.564,11863.85,3.907,11852.88,4183.12,1.359,,,5.635,0.953,6652.09
2020-06-22,8779.75,,0.904,,5631.93,6742.18,,5276.75,6560.4,5540.32,,,5761.85,6484.71,2.593,11776.04,3.935,11861.99,4177.34,1.362,,,5.645,0.954,6616.39
2020-06-23,8737.33,,0.922,,5646.41,6755.22,,5302.54,6584.18,5565.66,,,5783.81,6483.85,2.643,11739.63,3.986,11901.28,4182.37,1.363,,,5.71,0.963,6587.06
2020-06-24,8844.14,,0.921,,5688.93,6744.66,,5332.68,6571.04,5586.65,,,5795.46,6497.4,2.643,11800.77,3.99,11990.74,4220.05,1.374,,,5.722,0.964,6657.07
2020-06-29,8825.88,,0.912,,5648.03,6727.71,,5295.2,6543.79,5551.37,,,5762.94,6466.99,2.629,11736.45,3.959,11903.81,4194.26,1.365,,,5.69,0.959,6595.42
2020-06-30,8840.08,,0.943,,5709.0,6846.63,,5370.27,6660.94,5635.21,,,5853.77,6526.15,2.702,11833.02,4.06,12033.32,4228.06,1.376,,,5.81,0.978,6637.11
2020-07-01,9000.81,,0.932,,5848.84,6868.29,,5478.56,6681.3,5724.83,,,5923.34,6643.3,2.683,12121.12,4.096,12282.29,4325.47,1.401,,,5.903,0.99,6817.11
2020-07-02,9209.69,,0.938,,5991.6,6949.95,,5593.2,6787.8,5837.6,,,6023.87,6799.87,2.692,12471.79,4.15,12583.99,4432.36,1.435,,,5.967,1.002,7001.72
2020-07-03,9451.98,,0.952,,6120.56,7021.39,,5701.92,6875.64,5941.78,,,6119.14,6875.06,2.727,12654.98,4.21,12867.51,4540.03,1.464,,,6.065,1.014,7149.22
2020-07-06,10305.82,,0.983,,6500.3,7290.31,,6025.88,7159.09,6256.78,,,6414.27,7238.21,2.807,13479.19,4.479,13696.62,4848.97,1.575,,,6.345,1.063,7688.37
2020-07-07,10253.16,,1.006,,6515.77,7390.61,,6062.7,7251.75,6305.32,,,6479.53,7210.2,2.867,13419.88,4.469,13725.89,4859.93,1.56,,,6.406,1.082,7638.76
2020-07-08,10299.88,,1.046,,6600.19,7560.39,,6162.39,7431.84,6421.82,,,6605.67,7298.81,2.949,13512.07,4.527,13974.87,4929.23,1.584,,,6.457,1.093,7711.89
2020-07-09,10187.6,,1.075,,6648.57,7787.99,,6249.94,7612.35,6528.84,,,6741.67,7368.61,3.063,13654.76,4.66,14102.24,4946.58,1.604,,,6.66,1.128,7727.72
2020-07-10,9824.7,,1.084,,6507.54,7755.21,,6146.69,7595.28,6443.92,,,6673.41,7220.16,3.076,13330.57,4.62,13815.03,4829.38,1.58,,,6.57,1.119,7491.96
2020-07-13,9816.45,,1.14,,6615.48,8030.19,,6279.9,7849.39,6602.46,,,6861.08,7417.88,3.21,13622.35,4.807,14030.21,4890.44,1.601,,,6.805,1.155,7561.4
2020-07-14,9663.81,,1.124,,6557.36,7967.53,,6223.09,7745.94,6535.88,,,6797.18,7383.28,3.17,13549.42,4.727,13902.3,4835.89,1.587,,,6.735,1.15,7476.92
2020-07-15,9494.91,,1.104,,6507.15,7736.41,,6149.73,7554.55,6437.69,,,6673.66,7254.42,3.118,13320.5,4.621,13740.49,4796.18,1.57,,,6.684,1.129,7356.75
2020-07-16,9442.52,,1.039,,6211.05,7332.6,,5856.24,7192.88,6130.22,,,6348.23,7025.29,2.93,12982.43,4.393,13123.95,4580.12,1.508,,,6.326,1.076,7201.72
2020-07-17,9447.35,,1.042,,6258.05,7348.82,,5897.23,7222.41,6168.73,,,6380.33,7070.54,2.959,12976.2,4.431,13173.42,4614.69,1.503,,,6.397,1.073,7210.51
2020-07-20,9696.46,,1.06,,6438.2,7599.94,,6073.54,7432.07,6351.82,,,6576.97,7377.24,2.991,13510.22,4.541,13607.01,4762.47,1.554,,,6.533,1.098,7492.13
2020-07-21,9606.96,,1.079,,6436.29,7659.9,,6087.58,7473.88,6371.71,,,6605.79,7363.89,3.028,13470.02,4.548,13602.98,4760.88,1.553,,,6.59,1.102,7431.97
2020-07-22,9578.24,,1.093,,6461.36,7732.74,,6118.94,7539.22,6410.21,,,6648.31,7358.26,3.068,13448.13,4.605,13644.08,4769.29,1.563,,,6.646,1.115,7416.27
2020-07-23,9442.7,,1.112,,6445.95,7726.77,,6120.32,7540.23,6411.51,,,6648.22,7274.66,3.1,13324.8,4.593,13637.13,4763.95,1.557,,1501.75,6.667,1.116,7333.44
2020-07-24,9202.32,,1.04,,6185.39,7363.32,,5851.71,7157.83,6119.24,,,6342.99,7002.94,2.906,12897.16,4.334,13096.22,4581.43,1.5,,1396.38,6.334,1.063,7111.24
2020-07-27,9131.62,,1.04,,6199.36,7365.49,,5881.75,7175.2,6146.56,,,6361.38,6984.14,2.91,12844.54,4.356,13154.37,4589.31,1.506,,1381.52,6.349,1.059,7087.03
2020-07-28,9173.79,,1.053,,6262.16,7443.28,,5933.46,7244.89,6201.99,,,6425.12,7050.82,2.948,12902.41,4.422,13236.48,4622.19,1.517,,1407.67,6.451,1.073,7114.13
2020-07-29,9294.82,,1.105,,6378.91,7663.32,,6077.49,7440.6,6356.73,,,6590.3,7170.71,3.07,13109.55,4.548,13485.89,4705.6,1.544,,1484.45,6.664,1.106,7214.22
2020-07-30,9199.67,,1.092,,6333.13,7651.28,,6048.03,7419.35,6329.05,,,6568.25,7167.15,3.038,13117.46,4.524,13445.02,4688.73,1.541,,1480.3,6.606,1.102,7151.63
2020-07-31,9199.64,,1.125,,6362.29,7751.81,,6098.73,7497.35,6385.45,,,6639.15,7230.28,3.102,13232.58,4.598,13524.89,4714.59,1.551,,1520.69,6.674,1.113,7158.73
2020-08-03,9270.98,,1.15,,6429.24,8003.63,,6197.8,7679.82,6502.01,,,6785.92,7370.83,3.178,13545.96,4.692,13693.6,4760.68,1.58,,1631.08,6.807,1.143,7253.05
2020-08-04,9507.64,,1.135,,6470.7,7952.49,,6203.69,7631.85,6496.5,,,6765.78,7391.51,3.137,13589.67,4.649,13773.62,4805.7,1.585,,1574.04,6.761,1.133,7370.38
2020-08-05,9385.63,,1.145,,6432.93,8062.41,,6205.85,7717.46,6516.31,,,6805.85,7387.24,3.165,13498.39,4.687,13749.73,4776.94,1.587,,1596.72,6.793,1.139,7297.54
2020-08-06,9461.13,,1.122,,6427.31,8069.34,,6187.3,7714.78,6501.14,,,6794.75,7392.54,3.115,13481.45,4.655,13786.82,4776.78,1.595,,1581.89,6.708,1.133,7341.58
2020-08-07,9377.74,,1.096,,6361.05,7968.66,,6117.34,7622.16,6426.49,,,6714.75,7335.98,3.044,13455.53,4.597,13663.76,4736.35,1.581,,1534.58,6.61,1.116,7277.42
2020-08-10,9470.43,,1.085,,6403.77,7989.4,,6139.36,7663.95,6452.66,,,6741.58,7431.23,3.026,13594.83,4.593,13737.68,4768.3,1.596,,1543.42,6.599,1.117,7360.37
2020-08-11,9494.56,,1.065,,6372.88,7831.55,,6083.38,7522.26,6378.63,,,6647.32,7356.38,2.979,13537.88,4.532,13612.62,4735.02,1.578,,1499.44,6.537,1.099,7325.73
2020-08-12,9550.95,,1.046,,6354.12,7700.3,,6040.43,7439.91,6327.42,,,6585.12,7309.79,2.919,13506.8,4.506,13534.3,4717.31,1.566,,1466.08,6.468,1.088,7352.74
2020-08-13,9500.94,,1.038,,6338.88,7723.73,,6024.93,7467.74,6321.1,,,6588.99,7337.31,2.904,13585.05,4.487,13520.57,4705.85,1.563,,1475.71,6.451,1.088,7342.26
2020-08-14,9645.75,,1.061,,6438.96,7799.84,,6118.03,7549.1,6411.58,,,6670.89,7395.1,2.955,13688.89,4.567,13705.53,4773.6,1.586,,1491.6,6.589,1.105,7447.0
2020-08-17,9916.23,,1.071,,6594.49,7968.93,,6261.9,7686.99,6553.96,,,6813.3,7548.97,2.987,14059.03,4.638,14044.25,4890.21,1.624,,1504.03,6.689,1.13,7649.6
2020-08-18,9824.08,,1.069,,6583.94,8045.67,,6258.95,7738.38,6562.52,,,6839.2,7563.51,2.984,14081.19,4.629,14043.84,4888.01,1.63,,1520.22,6.684,1.126,7589.01
2020-08-19,9741.04,,1.028,,6504.87,7878.42,,6165.31,7598.26,6459.19,,,6724.18,7491.43,2.892,14004.81,4.533,13861.63,4801.59,1.607,,1479.52,6.563,1.111,7521.01
2020-08-20,9598.18,,1.023,,6426.19,7764.62,,6085.97,7515.66,6379.28,,,6639.6,7434.53,2.867,13852.72,4.497,13682.38,4739.54,1.588,,1449.93,6.494,1.096,7443.65
2020-08-21,9619.04,,1.043,,6479.23,7811.33,,6139.26,7572.9,6433.32,,,6692.55,7430.4,2.917,13876.71,4.581,13770.94,4772.19,1.592,,1455.09,6.588,1.106,7474.18
2020-08-24,9559.24,,1.06,,6522.01,7875.78,,6187.83,7624.75,6482.51,,,6745.83,7473.14,2.975,13929.09,4.66,13821.29,4792.52,1.594,,1458.06,6.694,1.128,7453.81
2020-08-25,9577.79,,1.07,,6547.22,7832.4,,6195.83,7583.39,6480.05,,,6736.31,7467.35,2.991,13889.23,4.625,13827.66,4810.13,1.589,,1434.98,6.714,1.133,7436.42
2020-08-26,9500.63,,1.043,,6491.93,7641.62,,6123.2,7439.0,6392.34,,,6626.7,7342.9,2.922,13683.92,4.556,13679.59,4762.26,1.567,,1390.35,6.623,1.109,7358.85
2020-08-27,9491.29,,1.068,,6508.35,7724.18,,6156.01,7499.65,6430.99,,,6682.12,7386.53,2.981,13685.13,4.588,13753.67,4781.0,1.576,,1424.78,6.677,1.116,7361.24
2020-08-28,9703.85,,1.093,,6671.61,7823.26,,6302.93,7627.97,6573.75,,,6808.26,7516.48,3.054,13882.92,4.69,14053.48,4893.81,1.604,,1420.84,6.874,1.146,7493.88
2020-08-31,9633.52,,1.08,,6635.56,7844.18,,6266.43,7602.0,6539.54,,,6788.44,7476.65,3.021,13738.76,4.63,14010.97,4858.15,1.6,,1430.49,6.8,1.142,7436.34
2020-09-01,9612.43,,1.088,,6659.92,7882.01,,6300.14,7649.91,6576.2,,,6826.88,7490.94,3.045,13705.38,4.673,14070.87,4874.43,1.605,,1433.92,6.841,1.15,7445.33
2020-09-02,9553.47,,1.09,,6660.52,7896.93,,6302.44,7658.01,6579.72,,,6836.98,7484.54,3.066,13655.23,4.682,14055.17,4863.11,1.598,,1430.2,6.867,1.157,7424.33
2020-09-03,9510.43,,1.085,,6633.3,7807.06,,6267.58,7594.96,6538.95,,,6784.64,7473.05,3.039,13577.11,4.619,13985.63,4844.38,1.59,,1409.29,6.817,1.156,7417.83
2020-09-04,9472.23,,1.079,,6560.63,7798.64,,6206.59,7545.17,6480.42,,,6739.41,7451.66,3.022,13494.11,4.589,13848.54,4807.76,1.582,,1397.37,6.735,1.14,7394.68
2020-09-07,9436.4,,1.041,,6449.39,7663.01,,6075.37,7385.84,6343.45,,,6604.99,7366.43,2.92,13341.99,4.46,13597.11,4726.72,1.555,,1363.61,6.524,1.102,7351.84
2020-09-08,9586.11,,1.05,,6497.8,7712.84,,6107.92,7438.6,6380.24,,,6645.49,7409.25,2.937,13444.87,4.436,13730.29,4779.73,1.566,,1351.46,6.525,1.1,7458.76
2020-09-09,9533.72,,0.995,,6374.55,7468.0,,5965.06,7238.1,6225.39,,,6473.0,7296.94,2.795,13208.53,4.299,13477.03,4700.97,1.54,,1304.69,6.317,1.075,7376.41
2020-09-10,9509.77,,0.98,,6391.84,7203.36,,5961.66,7108.89,6195.36,,,6380.61,7229.19,2.753,13165.37,4.275,13473.68,4715.21,1.535,,1286.71,6.314,1.058,7366.9
2020-09-11,9436.51,,1.002,,6428.01,7320.82,,6020.61,7195.99,6260.18,,,6458.54,7259.28,2.806,13185.8,4.35,13570.26,4744.26,1.543,,1319.2,6.409,1.071,7357.22
2020-09-14,9474.15,,1.018,,6468.55,7436.24,,6051.54,7240.76,6293.99,,,6515.0,7290.67,2.846,13187.95,4.38,13668.51,4785.89,1.553,,1354.94,6.424,1.077,7395.12
2020-09-15,9499.58,,1.027,,6519.96,7472.32,,6100.24,7282.53,6341.15,,,6557.73,7324.19,2.869,13226.06,4.43,13753.69,4820.01,1.561,,1371.56,6.479,1.09,7437.5
2020-09-16,9532.04,,1.013,,6478.88,7397.75,,6062.95,7243.72,6303.6,,,6510.97,7321.62,2.83,13285.04,4.382,13699.72,4794.31,1.554,,1356.55,6.419,1.081,7463.98
2020-09-17,9505.99,,1.014,,6428.78,7411.05,,6030.87,7258.75,6281.55,,,6498.78,7349.81,2.826,13267.42,4.393,13593.7,4749.36,1.546,,1390.64,6.401,1.087,7460.22
2020-09-18,9701.85,,1.033,,6590.76,7524.75,,6166.75,7375.55,6413.17,,,6620.76,7465.17,2.879,13572.3,4.472,13925.27,4870.24,1.579,,1411.05,6.524,1.101,7652.08
2020-09-21,9629.22,,1.021,,6514.99,7521.95,,6107.32,7348.75,6360.74,,,6580.94,7419.64,2.841,13495.25,4.423,13791.25,4817.6,1.569,,1404.87,6.448,1.097,7581.84
2020-09-22,9521.21,,1.018,,6444.56,7401.1,,6035.16,7249.21,6282.9,,,6497.97,7312.72,2.829,13286.27,4.38,13615.84,4758.48,1.552,,1397.17,6.397,1.083,7459.62
2020-09-23,9475.19,,1.037,,6441.36,7452.35,,6056.73,7287.35,6307.94,,,6528.31,7323.21,2.873,13267.64,4.412,13629.58,4766.07,1.551,,1431.16,6.458,1.09,7418.85
2020-09-24,9356.9,,1.014,,6333.76,7248.66,,5940.52,7119.61,6181.0,,,6382.37,7187.27,2.811,13044.52,4.33,13377.43,4683.11,1.522,,1402.03,6.337,1.072,7294.39
2020-09-25,9346.43,,1.017,,6343.21,7204.39,,5949.72,7110.81,6186.36,,,6375.8,7145.42,2.815,12980.63,4.335,13414.13,4699.2,1.523,,1370.98,6.347,1.069,7265.36
2020-09-28,9386.93,,1.01,,6377.05,7113.25,,5965.26,7044.2,6184.47,,,6348.54,7139.23,2.788,13045.05,4.331,13467.48,4729.35,1.526,,1345.77,6.343,1.065,7303.16
2020-09-29,9276.67,,1.025,,6376.44,7190.02,,5978.14,7101.55,6206.75,,,6386.53,7168.21,2.84,13048.31,4.384,13456.8,4716.0,1.531,,1397.05,6.409,1.077,7257.87
2020-09-30,9258.79,,1.033,,6374.49,7185.82,,5972.42,7060.21,6193.49,,,6378.42,7132.7,2.851,12959.76,4.391,13425.82,4703.04,1.523,,1426.03,6.411,1.077,7221.5
2020-10-09,9281.22,,1.08,,6469.96,7408.66,,6094.46,7248.86,6329.46,,,6538.32,7289.65,2.957,13186.96,4.519,13652.43,4782.25,1.548,,1473.43,6.594,1.102,7305.38
2020-10-12,9527.78,,1.12,,6679.13,7640.95,,6279.36,7457.73,6519.15,,,6738.08,7470.37,3.074,13415.91,4.642,14062.52,4929.24,1.59,,1498.17,6.8,1.136,7495.98
2020-10-13,9530.51,,1.122,,6699.99,7660.06,,6300.25,7469.39,6538.04,,,6759.9,7485.16,3.079,13435.81,4.695,14057.58,4927.8,1.587,,1505.23,6.864,1.144,7493.69
2020-10-14,9530.28,,1.117,,6670.24,7589.19,,6258.46,7420.34,6494.78,,,6714.63,7483.94,3.056,13388.43,4.654,13973.33,4902.49,1.575,,1496.26,6.818,1.139,7465.09
2020-10-15,9667.73,,1.11,,6673.51,7522.12,,6247.56,7365.43,6474.57,,,6681.99,7453.85,3.036,13368.18,4.633,13950.27,4905.26,1.574,,1461.2,6.799,1.135,7487.88
2020-10-16,9828.04,,1.101,,6679.68,7499.9,,6238.63,7329.67,6459.97,,,6667.77,7473.64,3.018,13436.97,4.588,13963.14,4918.01,1.58,,1445.86,6.754,1.128,7534.23
2020-10-19,9868.36,,1.089,,6651.14,7447.8,,6191.52,7249.45,6405.91,,,6617.1,7422.2,2.979,13348.19,4.559,13851.12,4880.39,1.572,,1419.34,6.705,1.116,7517.41
2020-10-20,9819.05,,1.113,,6693.7,7518.42,,6240.97,7323.56,6460.51,,,6677.93,7429.25,3.03,13335.77,4.625,13911.59,4893.77,1.577,,1433.45,6.813,1.129,7506.21
2020-10-21,9998.21,,1.098,,6720.76,7400.84,,6240.13,7240.21,6442.19,,,6632.41,7404.71,2.992,13357.65,4.569,13939.7,4914.02,1.577,,1404.1,6.776,1.121,7579.05
2020-10-22,9970.61,,1.085,,6717.8,7353.84,,6220.81,7202.8,6419.06,,,6606.32,7346.96,2.958,13288.52,4.552,13909.97,4902.54,1.57,,1383.59,6.739,1.113,7560.11
2020-10-23,10037.34,,1.055,,6660.56,7212.18,,6143.88,7084.35,6333.45,,,6509.6,7289.53,2.882,13238.66,4.472,13795.73,4869.87,1.563,,1343.34,6.607,1.096,7577.69
2020-10-26,9847.77,,1.058,,6603.34,7219.99,,6108.57,7085.62,6305.95,,,6496.49,7300.74,2.902,13194.53,4.513,13631.74,4809.24,1.543,,1363.02,6.635,1.095,7493.73
2020-10-27,9811.0,,1.075,,6590.08,7256.93,,6119.44,7093.56,6316.18,,,6511.66,7276.42,2.933,13168.08,4.548,13611.83,4793.79,1.543,,1392.81,6.689,1.103,7452.55
2020-10-28,9710.13,,1.085,,6642.63,7260.07,,6168.91,7121.68,6361.05,,,6547.32,7275.65,2.952,13110.5,4.615,13693.57,4821.65,1.548,,1413.24,6.77,1.113,7425.01
2020-10-29,9709.24,,1.101,,6689.15,7248.46,,6215.33,7132.16,6399.78,,,6573.0,7313.81,2.987,13210.47,4.633,13738.26,4837.96,1.548,,1419.3,6.898,1.128,7436.27
2020-10-30,9629.26,,1.084,,6578.69,7070.82,,6114.3,6968.3,6285.6,,,6443.03,7202.87,2.936,13025.18,4.529,13546.64,4773.85,1.527,,1401.06,6.732,1.107,7356.25
2020-11-02,9622.51,,1.109,,6618.7,7073.67,,6147.5,7004.37,6319.36,,,6474.7,7273.07,2.998,13148.65,4.576,13537.47,4752.76,1.527,,1408.1,6.851,1.12,7386.46
2020-11-03,9725.13,,1.123,,6697.65,7218.96,,6221.38,7116.85,6401.29,,,6569.18,7363.88,3.035,13295.86,4.615,13725.27,4813.28,1.551,,1456.44,6.915,1.132,7481.67
2020-11-04,9873.02,,1.128,,6767.06,7202.79,,6268.38,7108.18,6436.43,,,6590.65,7404.89,3.045,13380.32,4.645,13798.1,4849.24,1.552,,1466.38,6.995,1.134,7573.18
2020-11-05,9831.11,,1.147,,6855.32,7335.56,,6361.93,7242.52,6538.47,,,6698.76,7532.77,3.082,13552.15,4.729,13991.88,4903.54,1.571,,1482.95,7.099,1.155,7669.35
2020-11-06,9799.43,,1.126,,6876.01,7263.58,,6362.72,7184.67,6526.83,,,6668.04,7544.74,3.021,13626.9,4.712,13977.32,4888.43,1.57,,1448.87,7.089,1.156,7695.3
2020-11-09,9885.68,,1.164,,6998.55,7440.94,,6487.26,7321.97,6653.89,,,6805.9,7668.3,3.115,13840.03,4.807,14232.07,4974.52,1.599,,1492.77,7.237,1.179,7789.73
2020-11-10,9954.05,,1.145,,6967.78,7362.21,,6451.48,7266.59,6614.01,,,6754.28,7643.66,3.063,13784.66,4.74,14194.59,4971.41,1.59,,1449.37,7.147,1.173,7785.74
2020-11-11,10023.88,,1.107,,6927.28,7236.5,,6387.7,7177.11,6544.88,,,6670.31,7678.09,2.973,13887.66,4.635,14142.16,4964.26,1.584,,1402.67,7.015,1.143,7829.04
2020-11-12,9913.57,,1.113,,6926.42,7250.29,,6394.07,7200.93,6554.94,,,6682.76,7721.21,2.987,13950.04,4.644,14107.27,4944.07,1.585,,1420.55,7.059,1.151,7776.46
2020-11-13,9729.55,,1.114,,6829.56,7261.11,,6326.83,7191.23,6500.02,,,6642.98,7669.8,3.0,13806.16,4.632,13910.06,4858.14,1.569,,1444.26,7.022,1.15,7658.24
2020-11-16,9773.73,,1.118,,6899.28,7327.81,,6388.48,7282.91,6567.93,,,6709.32,7830.04,3.001,14161.88,4.636,14076.82,4914.61,1.587,,1454.38,7.05,1.156,7752.19
2020-11-17,9895.56,,1.092,,6903.34,7256.04,,6376.25,7225.4,6546.12,,,6674.09,7882.73,2.947,14205.94,4.592,14070.35,4917.76,1.586,,1438.15,7.021,1.15,7822.89
2020-11-18,10116.21,,1.072,,6916.93,7256.48,,6372.19,7230.05,6543.92,,,6672.7,7913.0,2.903,14265.48,4.559,14108.89,4929.07,1.592,,1426.51,6.962,1.144,7906.03
2020-11-19,10192.65,,1.082,,6970.56,7295.94,,6419.5,7252.38,6585.85,,,6712.76,7879.76,2.928,14168.68,4.605,14190.82,4962.61,1.599,,1443.3,7.052,1.155,7924.83
2020-11-20,10131.9,,1.09,,6980.83,7347.63,,6439.43,7323.51,6616.62,,,6748.72,7920.22,2.951,14230.57,4.619,14233.03,4965.28,1.606,,1438.06,7.062,1.156,7925.09
2020-11-23,10341.29,,1.102,,7074.16,7392.87,,6519.86,7380.46,6691.93,,,6810.83,8031.05,2.971,14466.47,4.625,14440.66,5049.5,1.623,,1425.38,7.101,1.163,8048.57
2020-11-24,10286.27,,1.097,,7027.69,7393.17,,6479.81,7383.03,6660.99,,,6788.47,7999.79,2.958,14382.68,4.608,14358.95,5010.09,1.617,,1420.0,7.051,1.158,7992.95
2020-11-25,10202.84,,1.073,,6951.82,7267.07,,6397.21,7240.93,6565.89,,,6687.15,7890.55,2.896,14164.93,4.538,14198.31,4977.45,1.603,,1395.49,6.933,1.14,7950.4
2020-11-26,10344.13,,1.069,,6979.65,7214.19,,6408.79,7222.61,6571.11,,,6679.76,7859.48,2.889,14190.34,4.524,14280.58,5014.48,1.61,,1392.42,6.908,1.136,8008.15
2020-11-27,10586.76,,1.073,,7077.34,7212.66,,6489.49,7242.35,6638.72,,,6726.96,7914.81,2.901,14299.03,4.568,14485.94,5093.52,1.625,,1394.89,6.986,1.142,8145.3
2020-11-30,10491.84,,1.081,,7023.7,7191.58,,6462.76,7207.38,6610.29,,,6702.4,7828.3,2.911,14170.61,4.568,14405.01,5050.95,1.618,,1392.59,6.974,1.141,8086.57
2020-12-01,10781.3,,1.109,,7176.08,7290.26,,6601.97,7327.87,6745.29,,,6825.48,7934.57,2.981,14335.49,4.644,14733.49,5174.11,1.644,,1411.45,7.1,1.159,8256.76
2020-12-02,10724.94,,1.102,,7174.5,7314.67,,6602.03,7337.41,6747.37,,,6831.91,7947.67,2.971,14340.54,4.638,14707.8,5161.48,1.64,,1415.72,7.127,1.165,8262.94
2020-12-03,10705.62,,1.112,,7156.25,7288.75,,6588.89,7344.39,6738.53,,,6822.37,7891.48,3.0,14178.07,4.652,14670.53,5149.07,1.634,,1418.07,7.132,1.168,8195.68
2020-12-04,10567.1,,1.121,,7167.98,7326.53,,6600.43,7371.59,6753.37,,,6843.15,7880.51,3.021,14142.65,4.689,14691.2,5155.92,1.636,,1412.08,7.169,1.17,8121.17
2020-12-07,10333.66,,1.114,,7097.02,7311.73,,6543.52,7325.92,6698.94,,,6802.61,7800.88,3.011,13927.88,4.681,14546.13,5109.94,1.622,,1413.41,7.121,1.163,7963.28
2020-12-08,10267.5,,1.126,,7072.25,7313.22,,6527.45,7324.75,6686.06,,,6794.42,7777.84,3.031,13903.33,4.682,14509.54,5094.16,1.622,,1405.91,7.109,1.162,7911.01
2020-12-09,10261.87,,1.104,,6985.95,7170.03,,6439.92,7191.98,6589.07,,,6688.38,7681.52,2.976,13713.88,4.616,14361.13,5049.71,1.604,,1372.04,6.976,1.14,7850.79
2020-12-10,10199.2,,1.116,,6981.88,7172.93,,6437.09,7206.66,6589.96,,,6690.53,7694.41,3.01,13699.29,4.607,14353.72,5035.89,1.602,,1367.17,6.99,1.141,7826.2
2020-12-11,10082.92,,1.106,,6914.81,7056.79,,6371.22,7080.47,6511.38,,,6605.8,7648.15,2.98,13665.4,4.528,14218.08,4990.5,1.589,,1369.96,6.905,1.129,7743.74
2020-12-14,10186.82,,1.12,,6982.11,7142.12,,6430.12,7137.02,6569.7,,,6667.49,7594.98,3.026,13575.26,4.555,14362.53,5048.61,1.596,,1382.12,6.993,1.141,7789.09
2020-12-15,10102.89,,1.139,,6982.97,7163.5,,6443.5,7144.5,6581.8,,,6682.47,7579.83,3.055,13537.83,4.588,14367.15,5050.15,1.595,,1370.18,7.041,1.144,7760.13
2020-12-16,10122.21,,1.14,,7017.01,7105.79,,6454.92,7110.13,6583.51,,,6668.24,7548.75,3.055,13486.8,4.569,14404.99,5074.28,1.597,,1352.04,7.052,1.144,7766.28
2020-12-17,10180.31,,1.154,,7122.36,7164.97,,6537.85,7193.9,6666.49,,,6743.59,7625.07,3.086,13567.64,4.596,14616.19,5153.1,1.615,,1370.36,7.12,1.158,7849.35
2020-12-18,10048.66,,1.158,,7087.25,7138.41,,6515.04,7174.53,6644.44,,,6721.29,7658.74,3.079,13658.53,4.601,14543.98,5107.14,1.611,,1368.09,7.11,1.157,7813.67
2020-12-21,10016.47,,1.199,,7124.52,7266.76,,6576.11,7296.18,6718.24,,,6810.75,7683.44,3.182,13637.34,4.687,14630.83,5127.94,1.624,,1395.8,7.263,1.178,7797.25
2020-12-22,9851.18,,1.175,,7030.95,7112.96,,6469.18,7126.81,6598.26,,,6683.79,7507.58,3.114,13318.83,4.641,14359.63,5053.17,1.595,,1365.59,7.159,1.153,7614.16
2020-12-23,9870.95,,1.187,,7078.24,7168.65,,6524.36,7192.42,6655.56,,,6739.85,7511.63,3.145,13314.03,4.695,14486.35,5087.65,1.608,,1383.66,7.234,1.166,7654.19
2020-12-24,9925.81,,1.179,,7082.54,7054.71,,6515.1,7075.68,6623.57,,,6683.67,7442.32,3.123,13217.34,4.691,14448.57,5079.92,1.604,,1354.93,7.229,1.159,7657.1
2020-12-25,9940.42,,1.192,,7124.09,7125.24,,6569.82,7159.23,6684.31,,,6746.05,7495.55,3.149,13305.5,4.728,14592.62,5113.71,1.616,,1356.72,7.283,1.166,7692.95
2020-12-28,10009.0,,1.187,,7177.92,7079.85,,6599.01,7120.44,6699.07,,,6743.7,7445.63,3.145,13265.68,4.692,14639.87,5130.24,1.618,,1345.88,7.327,1.17,7727.27
2020-12-29,10038.33,,1.173,,7153.6,7034.01,,6571.03,7069.55,6666.28,,,6707.57,7383.05,3.113,13203.55,4.678,14568.22,5120.79,1.608,,1344.33,7.279,1.164,7715.16
2020-12-30,10065.5,,1.216,,7254.07,7087.89,,6663.25,7148.68,6755.58,,,6793.42,7412.91,3.207,13228.43,4.737,14781.89,5203.46,1.623,,1369.91,7.422,1.181,7743.94
2020-12-31,10164.87,,1.247,,7383.92,7217.76,,6790.39,7260.28,6879.24,,,6913.31,7467.49,3.283,13292.01,4.826,15077.2,5300.28,1.653,,1400.18,7.575,1.208,7838.48
2021-01-04,9969.91,,1.293,,7427.29,7383.14,,6863.92,7392.18,6965.01,,,7024.55,7493.02,3.409,13192.72,4.95,15168.95,5304.24,1.666,,1429.42,7.757,1.235,7789.29
2021-01-05,9849.99,,1.297,,7572.0,7392.57,,6995.25,7457.11,7082.08,,,7108.77,7509.62,3.423,13180.12,5.11,15334.58,5362.49,1.675,,1432.48,8.003,1.262,7777.66
2021-01-06,10084.2,,1.31,,7682.93,7302.99,,7059.31,7443.9,7129.68,,,7121.86,7526.97,3.44,13295.14,5.111,15511.87,5440.06,1.688,,1422.29,8.031,1.269,7908.22
2021-01-07,10181.22,,1.336,,7832.91,7185.28,,7184.38,7455.27,7230.5,,,7156.83,7475.91,3.501,13314.6,5.212,15784.93,5544.04,1.706,,1389.04,8.209,1.278,8003.46
2021-01-08,10225.31,,1.328,,7788.96,7151.4,,7160.63,7477.48,7216.52,,,7138.2,7497.69,3.478,13345.4,5.204,15723.89,5515.29,1.701,,1385.82,8.146,1.275,8074.36
2021-01-11,10327.65,,1.306,,7716.24,7032.6,,7089.92,7360.95,7136.21,,,7042.35,7414.52,3.424,13217.17,5.175,15601.24,5498.12,1.686,,1397.79,8.026,1.255,8075.13
2021-01-12,10469.24,,1.35,,7954.55,7129.01,,7292.14,7461.1,7316.49,,,7195.27,7474.99,3.524,13218.51,5.28,16074.39,5686.79,1.728,,1412.44,8.261,1.282,8245.83
2021-01-13,10462.06,,1.332,,7917.73,7073.52,,7268.18,7408.29,7286.46,,,7147.63,7463.91,3.465,13205.18,5.242,15995.55,5638.9,1.723,,1414.64,8.202,1.28,8311.2
2021-01-14,10453.4,,1.309,,7761.41,7066.12,,7128.09,7343.26,7162.49,,,7052.87,7437.13,3.422,13170.96,5.122,15752.85,5548.63,1.702,,1454.7,7.992,1.26,8262.13
2021-01-15,10743.41,,1.314,,7752.62,7089.62,,7111.97,7317.73,7144.4,,,7059.1,7480.69,3.425,13261.1,5.105,15730.43,5558.4,1.703,,1455.01,7.977,1.254,8337.99
2021-01-18,10994.26,,1.342,,7818.18,7223.88,,7190.72,7428.3,7229.77,,,7154.09,7537.5,3.49,13365.03,5.184,15870.56,5604.21,1.71,,1488.85,8.075,1.269,8453.34
2021-01-19,10993.06,,1.309,,7713.09,7182.58,,7085.18,7384.86,7137.55,,,7077.92,7577.54,3.409,13494.86,5.093,15692.78,5544.95,1.697,,1451.33,7.917,1.249,8405.36
2021-01-20,10871.18,,1.368,,7743.63,7244.89,,7135.88,7453.0,7191.87,,,7138.06,7566.52,3.547,13359.0,5.149,15755.69,5553.63,1.7,,1489.06,8.047,1.265,8339.98
2021-01-21,10906.82,,1.404,,7862.36,7324.89,,7251.24,7552.3,7303.65,,,7236.86,7599.69,3.638,13356.6,5.24,15945.61,5605.17,1.718,,1489.89,8.237,1.291,8390.47
2021-01-22,10716.91,,1.433,,7854.49,7299.7,,7257.51,7569.76,7312.27,,,7237.62,7517.23,3.713,13126.43,5.313,15917.97,5599.84,,,1493.94,8.312,1.302,8280.22
2021-01-25,10737.45,,1.43,,7988.97,7229.5,,7330.67,7578.32,7371.62,,,7258.14,7408.8,3.714,12977.27,5.301,16088.28,5675.18,1.721,,1506.29,8.39,1.312,8289.6
2021-01-26,10698.19,,1.386,,7818.87,7095.74,,7183.48,7450.2,7228.71,,,7121.91,7361.35,3.611,12942.68,5.209,15770.71,5551.64,1.694,,1486.04,8.181,1.282,8201.62
2021-01-27,10850.29,,1.404,,7838.24,7099.71,,7203.08,7477.79,7249.97,,,7139.74,7367.25,3.627,12979.06,5.275,15813.43,5558.89,1.694,,1465.86,8.222,1.284,8258.88
2021-01-28,10744.75,,1.352,,7639.76,6949.16,,7006.5,7314.97,7060.86,,,6966.97,7262.89,3.502,12836.17,5.07,15466.56,5437.71,1.665,,1428.88,7.923,1.249,8093.02
2021-01-29,10774.74,,1.33,,7610.78,6845.99,,6973.69,7237.14,7018.56,,,6905.86,7201.04,3.47,12824.63,5.041,15365.41,5405.99,1.655,,1429.26,7.894,1.24,8027.78
2021-02-01,11034.92,,1.347,,7697.09,6891.27,,7059.28,7290.9,7097.27,,,6970.07,7283.07,3.501,12951.34,5.138,15485.91,5454.22,1.663,,1428.78,8.039,1.254,8147.64
2021-02-02,10892.77,,1.379,,7789.99,6969.07,,7168.01,7361.04,7197.65,,,7061.58,7332.19,3.572,12896.88,5.248,15644.0,5490.76,1.672,,1445.44,8.234,1.28,8182.18
2021-02-03,11092.33,,1.382,,7788.09,6849.54,,7147.3,7297.81,7167.96,,,7017.66,7272.74,3.558,12845.79,5.183,15615.92,5496.95,1.668,,1417.38,8.195,1.272,8179.88
2021-02-04,11130.75,,1.378,,7803.86,6697.9,,7132.64,7217.36,7139.38,,,6960.98,7200.53,3.549,12813.91,5.137,15616.74,5534.65,1.67,,1401.25,8.174,1.27,8197.95
2021-02-05,11463.02,,1.377,,7877.07,6564.92,,7144.98,7115.96,7127.59,,,6921.67,7226.44,3.533,13009.78,5.087,15674.87,5591.64,1.667,,1375.83,8.151,1.261,8247.3
2021-02-08,11514.48,,1.417,,7971.27,6612.18,,7250.71,7210.94,7230.88,,,7012.8,7299.46,,13018.63,5.16,15886.98,5664.0,1.674,,1389.58,8.304,1.274,8333.58
2021-02-09,11495.8,,1.442,,8122.94,6791.58,,7409.27,7364.58,7388.15,,,7164.98,7390.91,3.691,13073.9,5.298,16205.33,5754.79,1.715,,1435.01,8.52,1.307,8397.53
2021-02-10,11436.51,,1.476,,8310.51,6845.11,,7567.55,7441.31,7528.89,,,7278.5,7444.21,3.772,13133.02,5.462,16482.0,5865.0,1.74,,1444.4,8.747,1.332,8447.69
2021-02-18,11628.58,,1.428,,8230.04,6955.1,,7516.29,7543.23,7510.18,,,7293.28,7624.87,3.668,13409.61,5.378,16508.95,5844.32,1.754,,1437.08,8.516,1.313,8620.92
2021-02-19,11571.84,,1.406,,8259.88,7088.73,,7529.92,7644.66,7542.41,,,7350.85,7758.11,3.632,13637.19,5.396,16543.28,5844.51,1.756,,1435.24,8.511,1.319,8681.12
2021-02-22,11378.41,,1.342,,7954.42,7096.25,,7293.41,7591.71,7345.19,,,7211.05,7842.02,3.473,13753.49,5.249,16119.52,5651.48,1.733,,1397.05,8.151,1.279,8616.23
2021-02-23,11476.09,,1.334,,7943.33,7047.81,,7270.4,7562.26,7320.84,,,7181.73,7783.32,3.447,13634.69,5.198,16096.13,5674.55,1.737,,1397.66,8.1,1.271,8625.58
2021-02-24,11292.21,,1.284,,7746.68,6991.2,,7085.24,7453.87,7152.25,,,7043.18,7698.5,3.327,13613.77,5.049,15716.57,5540.26,1.696,,1372.65,7.848,1.246,8482.29
2021-02-25,11461.87,,1.269,,7822.29,6949.4,,7126.92,7411.64,7176.08,,,7046.47,7808.09,3.297,13931.69,5.03,15855.64,5606.58,1.711,,1356.64,7.849,1.242,8684.25
2021-02-26,11065.23,,1.241,,7622.84,6869.11,,6953.88,7257.92,7007.41,,,6908.44,7646.28,3.224,13652.3,4.91,15464.04,5469.49,1.675,,1332.39,7.661,1.227,8431.38
2021-03-01,11066.21,,1.282,,7714.0,7053.45,,7060.76,7399.42,7121.46,,,7038.9,7801.58,3.315,13857.5,5.048,15620.93,5514.63,1.689,,1365.11,7.865,1.245,8476.87
2021-03-02,10985.32,,1.263,,7600.34,7022.47,,6970.65,7336.58,7037.27,,,6967.75,7733.79,3.275,13758.38,5.032,15384.6,5414.04,1.672,,1358.98,7.789,1.239,8373.14
2021-03-03,11482.76,,1.28,,7776.0,7116.91,,7104.32,7440.83,7164.49,,,7082.8,7913.83,3.322,14072.55,5.081,15745.8,5557.64,1.699,,1366.38,7.885,1.25,8623.47
2021-03-04,11393.71,,1.206,,7538.03,6988.01,,6880.84,7301.5,6959.2,,,6901.07,7853.12,3.152,14091.54,4.897,15315.45,5399.31,1.672,,1330.96,7.571,1.22,8490.65
2021-03-05,11302.49,,1.214,,7498.27,7011.23,,6857.51,7303.21,6941.21,,,6896.1,7803.51,3.176,13888.57,4.905,15243.49,5370.23,1.672,,1336.67,7.558,1.218,8399.59
2021-03-08,11115.09,,1.151,,7241.01,6871.54,,6619.35,7135.63,6718.39,,,6698.03,7735.3,3.016,13817.28,4.715,14794.13,5202.44,1.643,,1282.0,7.048,1.167,8294.12
2021-03-09,10904.57,,1.11,,7099.82,6652.87,,6477.41,6966.37,6570.88,,,6539.07,7671.81,2.918,13672.4,4.577,14524.08,5109.53,1.603,,1236.45,7.011,1.129,8186.29
2021-03-10,10855.27,,1.135,,7155.31,6600.7,,6519.9,6914.19,6593.23,,,6544.88,7630.72,2.963,13574.64,4.605,14586.65,5142.2,1.603,,1239.06,,1.134,8162.48
2021-03-11,11194.07,,1.169,,7334.71,6754.28,,6682.27,7087.07,6757.56,,,6705.26,7805.0,3.036,13921.35,4.674,14984.3,5277.96,1.639,,1273.81,7.269,1.156,8371.7
2021-03-12,11309.44,,1.178,,7368.43,6755.16,,6705.93,7096.82,6778.24,,,6726.02,7869.7,3.045,14198.32,4.662,15047.34,5288.55,1.648,,1267.8,7.288,1.161,8489.31
2021-03-15,11406.9,,1.121,,7207.95,6708.75,,6561.51,7041.5,6652.91,,,6618.96,7888.27,2.927,14290.02,4.532,14799.46,5192.9,1.636,,1229.67,7.043,1.136,8481.08
2021-03-16,11539.27,,1.131,,7289.21,6769.26,,6618.61,7065.87,6702.99,,,6677.9,7940.08,2.955,14340.62,4.546,14909.23,5239.9,1.65,,1226.63,7.116,1.139,8580.05
2021-03-17,11358.67,,1.144,,7296.79,6817.17,,6646.62,7100.22,6732.3,,,6712.14,7902.45,2.987,14248.38,4.608,14886.89,5227.77,1.644,,1242.89,7.226,1.15,8488.82
2021-03-18,11391.13,,1.166,,7354.09,6840.31,,6699.92,7155.53,6785.94,,,6755.79,7931.2,3.036,14277.58,4.65,14954.94,5249.28,1.65,,1247.68,7.326,1.161,8495.1
2021-03-19,11052.6,,1.128,,7143.51,6788.15,,6524.43,7078.83,6631.64,,,6628.24,7852.24,2.955,14097.62,4.508,14615.59,5113.03,1.622,,1237.61,7.096,1.137,8271.86
2021-03-22,11279.93,,1.14,,7196.47,6906.28,,6589.67,7191.84,6706.88,,,6710.35,7959.8,2.987,14254.76,4.54,14748.5,5151.48,1.639,,1249.13,7.156,1.145,8396.27
2021-03-23,11227.94,,1.125,,7147.8,6829.61,,6527.24,7093.15,6636.88,,,6638.05,7845.69,2.955,14077.1,4.481,14636.1,5119.35,1.624,,1242.82,7.084,1.136,8312.55
2021-03-24,11049.33,,1.11,,7047.84,6728.91,,6422.27,7005.76,6535.79,,,6541.37,7723.58,2.913,13898.2,4.415,14390.8,5046.09,1.607,,1227.72,6.968,1.122,8146.35
2021-03-25,10977.97,,1.116,,7035.24,6722.88,,6419.22,7022.72,6536.98,,,6540.24,7695.02,2.941,13861.85,4.415,14400.37,5042.94,1.598,,1225.97,6.965,1.122,8120.59
2021-03-26,11086.2,,1.158,,7180.02,6843.02,,6564.7,7130.37,6674.22,,,6672.69,7790.76,3.036,13973.62,4.536,14668.67,5138.81,1.626,,1263.11,7.176,1.147,8220.95
2021-03-29,11138.31,,1.15,,7198.32,6870.46,,6576.28,7133.96,6684.09,,,6685.47,7877.95,3.021,14230.07,4.518,14716.4,5150.43,1.629,,1257.19,7.171,1.148,8246.12
2021-03-30,11221.13,,1.168,,7268.75,6843.28,,6638.63,7162.95,6739.28,,,6719.02,7867.46,3.062,14187.88,4.557,14857.2,5207.99,1.638,,1254.75,7.255,1.155,8295.59
2021-03-31,11257.32,,1.166,,7191.55,6834.51,,6578.3,7133.13,6685.5,,,6682.56,7843.83,3.053,14185.87,4.508,14718.65,5152.85,1.632,,1254.74,7.197,1.149,8284.66
2021-04-01,11220.42,,1.189,,7285.36,6880.58,,6659.88,7198.82,6763.59,,,6749.11,7905.43,3.114,14262.34,4.573,14871.22,5215.86,1.643,,1273.3,7.311,1.163,8315.42
2021-04-02,11083.26,,1.207,,7357.33,6908.23,,6726.05,7215.86,6819.26,,,6794.61,7859.49,3.157,14126.53,4.614,14993.92,5265.52,1.65,,1306.65,7.413,1.175,8285.35
2021-04-06,11111.85,,1.197,,7311.02,6973.65,,6698.4,7234.67,6801.49,,,6798.05,7893.71,3.128,14125.8,4.603,14935.18,5233.42,1.651,,1303.33,7.354,1.173,8277.23
2021-04-07,11079.34,,1.185,,7234.64,6975.03,,6650.71,7240.35,6765.17,,,6775.65,7961.39,3.101,14271.93,4.569,14849.02,5180.66,1.643,,1305.51,7.275,1.162,8276.01
2021-04-08,11051.57,,1.192,,7255.62,6954.81,,6661.74,7250.96,6776.1,,,6775.45,7944.0,3.125,14240.83,4.568,14904.22,5201.86,1.641,,1298.55,7.277,1.163,8249.8
2021-04-09,10994.99,,1.172,,7136.47,6949.87,,6561.57,7226.42,6692.1,,,6712.22,7951.63,3.082,14208.67,4.52,14686.53,5116.08,1.626,,1278.03,7.151,1.152,8183.55
2021-04-12,10961.83,,1.144,,7035.19,6802.04,,6447.43,7102.29,6576.02,,,6598.41,7915.24,3.01,14242.83,4.384,14504.81,5062.14,1.612,,1249.93,7.005,1.129,8126.47
2021-04-13,10915.46,,1.157,,7018.02,6767.08,,6436.87,7083.31,6563.7,,,6580.99,7846.44,3.035,14144.1,4.398,14440.42,5039.42,1.605,,1247.83,7.038,1.129,8080.3
2021-04-14,10780.7,,1.187,,7058.27,6863.71,,6490.28,7160.36,6622.03,,,6651.84,7905.05,3.101,14207.75,4.454,14507.13,5050.65,1.612,,1261.21,7.167,1.147,8079.89
2021-04-15,10679.88,,1.183,,6998.28,6838.28,,6449.03,7159.5,6589.39,,,6620.13,7913.55,3.091,14211.31,4.444,14396.17,4995.8,1.605,,1270.7,7.121,1.143,8014.03
2021-04-16,10703.65,,1.175,,7026.2,6916.76,,6471.46,7231.61,6622.3,,,6666.98,8009.52,3.079,14416.87,4.449,14465.63,5019.98,1.617,,1281.3,7.121,1.147,8059.88
2021-04-19,10867.28,,1.232,,7178.2,7034.76,,6628.92,7329.34,6766.87,,,6806.1,8058.14,3.205,14376.32,4.619,14747.15,5115.03,1.641,,1305.8,7.381,1.189,8175.57
2021-04-20,10905.34,,1.226,,7176.9,7014.41,,6624.37,7333.2,6764.11,,,6797.5,8054.16,3.197,14349.19,4.61,14735.0,5110.27,1.638,,1297.25,7.355,1.181,8160.14
2021-04-21,11095.35,,1.237,,7200.99,7014.79,,6644.41,7324.16,6777.96,,,6804.52,8045.68,3.224,14388.64,4.626,14751.84,5118.97,1.638,,1293.59,7.404,1.182,8177.16
2021-04-22,10988.04,,1.248,,7179.79,7045.01,,6637.23,7352.93,6778.41,,,6812.61,8079.62,3.25,14390.08,4.651,14691.54,5087.67,1.632,,1312.01,7.436,1.186,8137.23
2021-04-23,11039.09,,1.28,,7267.99,7010.62,,6697.49,7372.73,6830.01,,,6842.09,8055.49,3.312,14287.48,4.673,14799.98,5141.06,1.634,,1318.69,7.552,1.198,8140.27
2021-04-26,10936.37,,1.267,,7167.14,6986.6,,6622.27,7349.79,6765.97,,,6784.29,7998.74,3.28,14227.27,4.643,14600.46,5060.24,1.622,,1321.81,7.444,1.185,8060.04
2021-04-27,10934.22,,1.278,,7191.4,6954.2,,6639.59,7354.02,6780.5,,,6787.65,8001.03,3.304,14179.48,4.647,14625.57,5072.85,1.619,,1318.8,7.503,1.196,8060.91
2021-04-28,10920.74,,1.312,,7217.11,6994.04,,6677.05,7404.08,6820.57,,,6828.41,8052.66,3.378,14295.84,4.678,14668.13,5068.09,1.624,,1331.18,7.605,1.207,8068.3
2021-04-29,11126.85,,1.315,,7296.47,6960.31,,6735.65,7406.75,6867.23,,,6858.41,8099.34,3.382,14448.68,4.708,14805.72,5132.54,1.632,,1331.0,7.66,1.21,8168.47
2021-04-30,10944.46,,1.336,,7229.13,6936.63,,6682.75,7401.5,6824.5,,,6824.09,8061.48,3.424,14334.92,4.689,14673.71,5094.57,1.617,,1329.28,7.613,1.209,8061.57
2021-05-06,11053.56,,1.298,,7127.08,6954.42,,6601.41,7405.66,6761.39,,,6781.95,8180.06,3.327,14528.7,4.621,14567.67,5034.38,1.617,,1317.19,7.453,1.192,8097.13
2021-05-07,11174.61,,1.251,,7040.19,6869.64,,6516.59,7354.53,6683.84,,,6702.14,8196.55,3.229,14599.87,4.545,14439.02,4970.71,1.607,,1270.71,7.286,1.174,8111.0
2021-05-10,11101.17,,1.263,,7024.19,6889.66,,6512.03,7391.37,6688.06,,,6714.05,8266.56,3.239,14719.15,4.522,14438.46,4961.48,1.612,,1261.25,7.281,1.17,8079.85
2021-05-11,11137.46,,1.257,,7086.42,6895.96,,6552.03,7369.4,6714.88,,,6737.11,8189.85,3.234,14632.21,4.521,14535.64,5016.61,1.622,,1264.9,7.326,1.173,8065.86
2021-05-12,11188.52,,1.271,,7107.65,6979.12,,6580.48,7434.84,6751.11,,,6784.9,8265.71,3.282,14784.21,4.548,14585.4,5031.42,1.629,,1277.77,7.359,1.179,8077.49
2021-05-13,11134.97,,1.265,,7029.07,6929.92,,6513.26,7352.94,6680.89,,,6721.93,8171.44,3.259,14713.99,4.503,14436.1,4981.85,1.612,,1282.36,7.279,1.171,7991.24
2021-05-14,11285.8,,1.306,,7193.2,7026.13,,6667.31,7452.65,6823.19,,,6848.3,8227.97,3.365,14746.53,4.572,14770.48,5111.94,1.639,,1307.55,7.467,1.198,8128.67
2021-05-17,11313.7,,1.346,,7287.59,7021.04,,6765.26,7512.46,6912.92,,,6910.12,8216.71,3.445,14814.83,4.663,14919.41,5166.7,1.656,,1336.09,7.615,1.212,8174.12
2021-05-18,11291.96,,1.337,,7290.66,7054.16,,6768.68,7537.96,6921.01,,,6923.32,8262.06,3.423,14864.18,4.662,14926.17,5163.46,1.662,,1328.77,7.615,1.215,8198.36
2021-05-19,11121.73,,1.35,,7252.33,7057.58,,6749.67,7521.66,6902.6,,,6911.87,8258.8,3.451,14812.05,4.684,14829.41,5125.18,1.658,,1333.3,7.634,1.215,8099.04
2021-05-20,11231.26,,1.36,,7286.72,7051.41,,6768.42,7483.19,6909.21,,,6915.04,8139.75,3.486,14593.73,4.72,14857.32,5141.21,1.658,,1337.27,7.691,1.218,8101.76
2021-05-21,11083.61,,1.346,,7206.07,7050.35,,6701.61,7461.61,6852.08,,,6877.61,8175.72,3.451,14630.77,4.679,14709.96,5082.1,1.646,,1322.6,7.602,1.209,8041.12
2021-05-24,11095.25,,1.359,,7230.11,7113.01,,6729.62,7481.28,6878.28,,,6912.98,8229.13,3.478,14724.52,4.72,14764.17,5105.28,1.653,,1338.35,7.67,1.215,8029.49
2021-05-25,11499.14,,1.398,,7486.1,7198.62,,6942.32,7567.7,7063.92,,,7067.27,8332.61,3.573,14965.44,4.833,15267.16,5314.8,1.692,,1377.82,7.892,1.241,8254.08
2021-05-26,11595.19,,1.385,,7491.4,7231.21,,6945.19,7579.09,7068.59,,,7077.82,8392.66,3.546,15041.33,4.805,15331.68,5338.0,1.701,,1371.76,7.828,1.241,8310.5
2021-05-27,11502.8,,1.396,,7506.56,7300.33,,6968.4,7645.65,7100.94,,,7118.22,8432.93,3.572,15116.43,4.83,15363.12,5349.32,1.708,,1405.75,7.862,1.249,8295.26
2021-05-28,11529.66,,1.403,,7483.09,7290.64,,6947.26,7627.72,7080.51,,,7106.1,8450.45,3.575,15203.37,4.818,15357.02,5341.08,1.706,,1394.0,7.826,1.243,8293.55
2021-05-31,11470.22,,1.443,,7464.49,7424.12,,6961.77,7698.68,7106.95,,,7161.98,8527.18,3.66,15315.5,4.865,15372.37,5327.84,1.708,,1450.96,7.896,1.256,8247.76
2021-06-01,11374.93,,1.439,,7480.37,7469.36,,6975.5,7713.27,7120.84,,,7182.96,8588.18,3.652,15299.72,4.901,15369.49,5328.83,1.708,,1469.08,7.923,1.26,8231.05
2021-06-02,11381.08,,1.408,,7423.31,7366.82,,6910.75,7648.41,7056.16,,,7112.97,8545.0,3.589,15311.09,4.837,15238.45,5287.22,1.696,,1435.19,7.837,1.247,8212.03
2021-06-03,11300.16,,1.391,,7386.69,7361.43,,6866.66,7634.83,7018.59,,,7081.75,8538.41,3.55,15272.96,4.81,15146.46,5241.62,1.696,,1422.81,7.788,1.241,8150.11
2021-06-04,11443.48,,1.41,,7429.62,7398.65,,6905.41,7665.88,7055.65,,,7119.38,8513.58,3.598,15232.72,4.857,15227.34,5273.07,1.701,,1439.97,7.854,1.254,8195.27
2021-06-07,11377.97,,1.4,,7407.34,7482.81,,6900.24,7698.73,7058.54,,,7134.18,8498.36,3.577,15076.11,4.858,15205.45,5256.15,1.701,,1442.04,7.814,1.251,8171.9
2021-06-08,11372.4,,1.388,,7343.18,7427.52,,6841.14,7658.11,7003.44,,,7084.7,8452.99,3.557,15068.41,4.822,15107.06,5226.07,1.692,,1427.48,7.731,1.243,8159.96
2021-06-09,11329.79,,1.389,,7353.3,7443.78,,6848.02,7669.43,7011.25,,,7095.99,8481.99,3.551,15092.09,4.84,15133.15,5236.65,1.696,,1435.8,7.729,1.242,8163.71
2021-06-10,11298.57,,1.429,,7392.68,7527.86,,6894.27,7754.21,7065.58,,,7158.4,8502.24,3.642,15086.45,4.886,15225.02,5266.6,1.703,,1459.06,7.803,1.252,8150.02
2021-06-11,11190.37,,1.439,,7329.31,7480.42,,6835.59,7710.38,7010.14,,,7109.36,8474.48,3.66,15028.11,4.813,15085.41,5225.02,1.692,,1445.38,7.75,1.25,8124.65
2021-06-15,11025.37,,1.422,,7238.3,7439.48,,6759.65,7639.38,6935.2,,,7040.27,8405.03,3.614,14880.81,4.795,14882.47,5154.74,1.672,,1457.38,7.687,1.24,7995.55
2021-06-16,11088.75,,1.357,,7143.98,7285.54,,6648.22,7528.09,6823.82,,,6917.01,8295.22,3.464,14827.22,4.672,14709.72,5095.04,1.662,,1415.38,7.474,1.211,7996.4
2021-06-17,11038.82,,1.39,,7141.1,7412.14,,6680.61,7589.41,6862.0,,,6975.28,8292.24,3.538,14810.07,4.735,14753.39,5095.9,1.66,,1483.07,7.562,1.223,7955.08
2021-06-18,10933.06,,1.418,,7104.12,7497.87,,6683.8,7644.49,6875.59,,,7010.49,8287.5,3.594,14728.91,4.785,14710.86,5056.36,1.658,,1504.44,7.651,1.233,7901.08
2021-06-21,10815.61,,1.429,,7060.88,7612.92,,6668.1,7701.99,6874.57,,,7037.04,8331.63,3.627,14709.4,4.812,14637.48,5022.2,1.65,,1538.09,7.638,1.237,7810.45
2021-06-22,10955.36,,1.436,,7108.49,7648.65,,6710.15,7741.89,6916.18,,,7080.68,8430.2,3.636,14755.41,4.822,14765.15,5071.79,1.66,,1533.51,7.659,1.24,7887.46
2021-06-23,10922.05,,1.454,,7130.87,7699.99,,6743.92,7801.44,6955.11,,,7124.82,8550.2,3.685,14931.58,4.899,14798.82,5082.08,1.663,,1544.52,7.742,1.255,7915.28
2021-06-24,10988.38,,1.434,,7165.55,7622.68,,6756.92,7762.49,6957.7,,,7108.39,8544.33,3.636,14932.97,4.914,14849.63,5103.3,1.667,,1514.84,7.731,1.252,7943.54
2021-06-25,11120.12,,1.469,,7288.48,7652.13,,6871.85,7833.17,7063.75,,,7194.12,8586.02,3.715,14996.94,4.984,15098.81,5185.9,1.691,,1545.36,7.852,1.269,8068.4
2021-06-28,10927.92,,1.503,,7286.92,7721.54,,6887.63,7852.5,7080.25,,,7228.4,8516.8,3.786,14737.71,5.031,15056.15,5164.96,1.686,,1573.68,7.949,1.277,7992.93
2021-06-29,10865.93,,1.503,,7200.75,7657.43,,6811.75,7780.52,7005.15,,,7164.63,8508.73,3.777,14691.71,4.981,14919.15,5117.0,1.67,,1572.96,7.856,1.262,7900.75
2021-06-30,10964.24,,1.54,,7235.02,7744.81,,6859.06,7831.13,7053.12,,,7227.31,8539.4,3.864,14765.75,5.02,15017.34,5146.93,1.682,,1599.28,7.957,1.277,7946.99
2021-07-01,11154.82,,1.527,,7284.9,7620.24,,6867.0,7726.12,7038.42,,,7187.77,8501.22,3.826,14868.43,4.961,15087.15,5200.78,1.672,,1590.81,7.904,1.268,8001.37
2021-07-02,10898.43,,1.476,,7047.41,7554.73,,6672.11,7658.97,6869.15,,,7046.06,8443.72,3.697,14711.25,4.862,14661.09,5013.93,1.646,,1548.87,7.679,1.24,7811.64
2021-07-05,10906.63,,1.485,,7028.43,7662.02,,6678.4,7723.13,6887.04,,,7088.21,8462.06,3.723,14657.4,4.9,14682.9,5009.15,1.653,,1586.87,7.693,1.243,7809.67
2021-07-06,11025.96,,1.458,,7042.4,7632.16,,6679.83,7722.82,6888.12,,,7078.6,8453.69,3.661,14713.17,4.925,14705.37,5015.86,1.665,,1543.47,7.674,1.239,7909.99
2021-07-07,10994.82,,1.517,,7085.84,7753.61,,6757.16,7790.08,6963.42,,,7168.77,8473.66,3.786,14671.97,5.001,14824.85,5044.01,1.668,,1580.96,7.828,1.262,7898.65
2021-07-08,10711.14,,1.523,,6987.64,7765.13,,6690.49,7775.66,6907.24,,,7130.35,8323.08,3.806,14406.03,4.96,14667.96,4968.69,1.655,,1621.99,7.778,1.264,7746.71
2021-07-09,10606.84,,1.516,,6957.07,7814.26,,6671.81,7842.35,6905.7,,,7138.39,8408.27,3.784,14520.36,4.954,14636.03,4952.56,1.66,,1594.74,7.746,1.258,7723.74
2021-07-12,10564.74,,1.575,,7022.75,7969.67,,6757.03,7958.23,6997.06,,,7248.69,8478.09,3.926,14430.05,5.029,14761.69,4990.12,1.665,,1612.76,7.934,1.285,7722.23
2021-07-13,10616.89,,1.558,,7055.23,8022.21,,6777.87,8025.92,7027.31,,,7280.15,8542.62,3.908,14509.23,5.041,14820.31,5010.61,1.674,,1602.17,7.928,1.288,7771.13
2021-07-14,10439.07,,1.547,,6980.71,7926.64,,6700.34,7955.89,6951.3,,,7203.72,8495.12,3.874,14515.73,4.971,14614.33,4933.32,1.658,,1567.67,7.848,1.287,7653.28
2021-07-15,10716.08,,1.573,,7085.99,7924.95,,6792.09,7995.78,7032.61,,,7262.46,8547.57,3.928,14587.67,5.01,14875.31,5040.27,1.672,,1572.75,7.943,1.288,7786.39
2021-07-16,10670.78,,1.521,,7004.46,7912.49,,6722.11,7991.53,6975.86,,,7204.51,8567.03,3.813,14659.0,4.942,14723.2,4979.22,1.668,,1537.07,7.803,1.276,7769.56
2021-07-19,10665.3,,1.529,,7044.45,7887.3,,6747.16,7951.06,6987.74,,,7208.32,8548.09,3.838,14683.37,4.93,14774.79,5002.41,1.67,,1525.93,7.845,1.273,7759.49
2021-07-20,10525.22,,1.536,,7016.37,7940.33,,6741.74,7965.83,6986.38,,,7218.36,8523.77,3.845,14644.56,4.948,14755.45,4992.45,1.665,,1534.44,7.843,1.272,7674.28
2021-07-21,10473.87,,1.585,,7030.38,8100.01,,6790.98,8062.33,7045.1,,,7306.9,8526.4,3.958,14539.49,5.027,14850.9,5012.87,1.675,,1577.79,7.942,1.289,7638.82
2021-07-22,10543.04,,1.582,,7022.65,8152.94,,6801.89,8111.07,7063.62,,,7335.89,8619.74,3.939,14663.96,5.046,14881.85,5019.08,1.687,,1594.41,7.947,1.291,7719.6
2021-07-23,10497.81,,1.545,,6932.2,8080.09,,6719.81,8067.77,6989.35,,,7256.15,8504.09,3.857,14584.31,5.0,14755.88,4966.9,1.684,,1575.62,7.803,1.277,7677.01
2021-07-26,10166.32,,1.491,,6663.89,7978.39,,6503.35,7932.02,6789.16,,,7083.72,8335.93,3.746,14261.62,4.891,14287.97,4775.95,1.643,,1569.06,7.537,1.242,7450.06
2021-07-27,9895.25,,1.43,,6425.62,7768.35,,6273.91,7760.08,6571.33,,,6863.48,8092.82,3.597,13835.48,4.712,13831.6,4625.58,1.609,,1557.35,7.229,1.209,7234.86
2021-07-28,10004.91,,1.453,,6468.52,7606.48,,6286.78,7648.42,6559.16,,,6819.62,8002.84,3.646,13798.4,4.695,13872.54,4667.39,1.595,,1530.56,7.269,1.206,7244.66
2021-07-29,9941.37,,1.542,,6528.1,7893.82,,6407.1,7807.09,6687.17,,,6991.3,8093.08,3.847,13819.69,4.82,14064.22,4710.6,1.607,,1600.91,7.486,1.232,7259.02
2021-07-30,9798.33,,1.528,,6433.35,7954.54,,6357.65,7817.59,6649.78,,,6978.86,8196.47,3.813,13829.35,4.802,13939.06,4637.97,1.603,,1603.68,7.41,1.229,7245.28
2021-08-02,9937.13,,1.543,,6615.14,8107.91,,6519.61,7938.9,6803.53,,,7128.23,8219.1,3.887,13770.33,4.921,14276.25,4753.92,1.639,,1612.0,7.605,1.254,7411.77
2021-08-03,9885.73,,1.533,,6659.15,8005.69,,6520.57,7874.22,6791.29,,,7093.51,8120.75,3.853,13662.7,4.874,14272.06,4772.7,1.629,,1576.44,7.588,1.246,7424.18
2021-08-04,9802.98,,1.577,,6669.42,8191.08,,6579.57,8007.76,6865.27,,,7194.33,8246.07,3.948,13767.26,4.992,14360.62,4786.43,1.636,,1618.47,7.723,1.265,7392.63
2021-08-05,9784.29,,1.563,,6629.13,8157.98,,6539.88,7985.33,6829.05,,,7154.82,8195.77,3.917,13739.23,4.973,14324.63,4777.93,1.632,,1617.38,7.64,1.263,7371.29
2021-08-06,9817.19,,1.55,,6587.1,8195.6,,6505.27,8016.75,6807.72,,,7142.42,8239.09,3.879,13809.36,4.953,14246.71,4733.08,1.631,,1599.1,7.619,1.256,7381.1
2021-08-09,10068.95,,1.527,,6696.51,8222.88,,6589.97,8063.72,6884.83,,,7201.78,8354.1,3.835,14008.48,4.998,14421.67,4791.6,1.653,,1586.77,7.666,1.264,7565.08
2021-08-10,10262.01,,1.526,,6806.34,8269.4,,6666.18,8109.9,6954.98,,,7265.9,8373.5,3.856,14060.04,4.996,14608.66,4870.76,1.672,,1600.63,7.748,1.272,7637.72
2021-08-11,10354.97,,1.513,,6761.36,8331.14,,6629.44,8172.63,6938.24,,,7271.57,8504.42,3.81,14367.78,4.994,14537.35,4832.13,1.668,,1591.16,7.689,1.275,7697.27
2021-08-12,10308.21,,1.49,,6691.39,8387.67,,6573.99,8198.11,6899.08,,,7249.73,8615.04,3.758,14534.48,4.975,14437.39,4778.13,1.665,,1598.93,7.6,1.264,7663.0
2021-08-13,10316.83,,1.469,,6673.16,8370.75,,6538.52,8191.49,6869.41,,,7226.08,8626.06,3.722,14523.27,4.92,14399.78,4765.87,1.665,,1564.94,7.531,1.255,7663.5
2021-08-16,10304.06,,1.445,,6690.12,8289.94,,6533.72,8149.43,6857.12,,,7196.04,8629.4,3.673,14638.8,4.85,14404.74,4776.3,1.67,,1560.06,7.478,1.248,7700.0
2021-08-17,10206.9,,1.413,,6546.24,8061.98,,6396.86,7966.84,6711.09,,,7030.25,8466.05,3.581,14431.89,4.742,14125.56,4668.49,1.646,,1521.07,7.305,1.223,7612.33
2021-08-18,10541.72,,1.424,,6625.97,8111.82,,6472.36,8020.69,6782.22,,,7101.51,8521.37,3.62,14499.77,4.771,14333.49,4728.77,1.66,,1519.8,7.37,1.232,7820.6
2021-08-19,10335.66,,1.436,,6537.82,8181.18,,6430.05,8027.91,6749.89,,,7090.56,8472.8,3.64,14335.14,4.808,14176.77,4660.55,1.648,,1558.22,7.376,1.237,7678.71
2021-08-20,10264.65,,1.394,,6391.94,8180.02,,6309.78,7996.68,6647.56,,,7006.82,8484.9,3.551,14354.34,4.784,13913.29,4558.09,1.634,,1541.06,7.226,1.219,7618.78
2021-08-23,10269.14,,1.439,,6453.12,8382.9,,6402.75,8117.72,6746.15,,,7139.85,8583.12,3.66,14474.28,4.888,14074.14,4599.21,1.65,,1576.36,7.402,1.235,7666.73
2021-08-24,10304.28,,1.458,,6530.06,8451.47,,6472.27,8194.47,6817.11,,,7208.85,8654.76,3.695,14555.66,4.935,14264.94,4670.26,1.668,,1590.39,7.467,1.243,7696.26
2021-08-25,10209.59,,1.469,,6544.81,8511.26,,6488.28,8266.38,6844.37,,,7248.86,8762.12,3.713,14647.93,4.937,14330.59,4688.11,1.675,,1554.91,7.459,1.247,7668.24
2021-08-26,10062.81,,1.434,,6397.18,8401.61,,6360.39,8227.23,6734.41,,,7144.98,8796.58,3.625,14757.43,4.873,14067.68,4582.81,1.658,,1509.11,7.302,1.23,7566.55
2021-08-27,10091.72,,1.429,,6439.63,8413.21,,6394.45,8298.32,6775.92,,,7174.82,8857.11,3.618,14919.26,4.892,14193.91,4633.58,1.675,,1491.96,7.305,1.229,7628.27
2021-08-30,9925.66,,1.431,,6397.91,8465.42,,6376.2,8352.38,6772.25,,,7181.92,8909.29,3.625,14976.41,4.863,14179.76,4618.23,1.686,,1483.03,7.264,1.228,7524.62
2021-08-31,10068.8,,1.41,,6385.58,8466.17,,6366.06,8385.27,6770.77,,,7177.45,9102.74,3.558,15362.44,4.83,14218.05,4595.02,1.692,,1452.51,7.209,1.216,7640.37
2021-09-01,10299.77,,1.399,,6531.51,8333.02,,6450.64,8313.34,6823.79,,,7180.7,9060.56,3.544,15369.75,4.824,14439.78,4695.88,1.711,,1435.87,7.26,1.216,7838.8
2021-09-02,10395.08,,1.379,,6526.68,8425.02,,6450.57,8444.99,6850.27,,,7226.33,9207.77,3.49,15659.58,4.823,14530.14,4698.93,1.733,,1410.49,7.195,1.214,7936.49
2021-09-03,10414.73,,1.361,,6526.92,8359.27,,6415.67,8412.25,6815.81,,,7188.2,9180.4,3.448,15591.86,4.758,14465.09,4711.96,1.727,,1411.91,7.15,1.209,7897.22
2021-09-06,10401.63,,1.424,,6636.01,8473.55,,6535.77,8500.92,6929.54,,,7305.28,9266.22,3.585,15757.7,4.901,14635.41,4764.36,1.745,,1450.31,7.372,1.235,7950.21
2021-09-07,10588.34,,1.437,,6699.44,8630.48,,6614.07,8666.79,7025.46,,,7407.68,9451.87,3.605,16095.37,4.936,14849.57,4819.04,1.773,,1449.88,7.431,1.25,8102.12
2021-09-08,10575.08,,1.421,,6653.22,8647.9,,6586.65,8718.93,7014.09,,,7407.43,9531.42,3.578,16370.6,4.949,14748.85,4767.42,1.766,,1423.83,7.37,1.249,8110.37
2021-09-09,10536.86,,1.426,,6647.84,8654.46,,6583.84,8803.78,7028.96,,,7420.72,9712.07,3.581,16802.62,4.923,14761.78,4754.1,1.78,,1413.22,7.37,1.249,8119.72
2021-09-10,10769.14,,1.432,,6727.11,8689.96,,6641.48,8792.48,7072.68,,,7453.05,9580.7,3.591,16671.27,4.94,14901.74,4825.38,1.783,,1438.03,7.416,1.257,8188.63
2021-09-13,10753.19,,1.414,,6706.0,8706.4,,6612.52,8839.95,7059.16,,,7454.82,9756.02,3.546,17155.29,4.909,14871.9,4810.12,1.792,,1395.32,7.351,1.25,8258.13
2021-09-14,10463.75,,1.436,,6596.32,8672.94,,6513.83,8733.47,6958.94,,,7378.58,9584.36,3.597,16821.65,4.902,14596.44,4730.33,1.771,,1407.65,7.326,1.251,8032.16
2021-09-15,10382.49,,1.417,,6510.43,8733.56,,6447.8,8774.72,6914.6,,,7365.42,9612.02,3.557,16752.7,4.901,14457.76,4668.57,1.761,,1395.41,7.248,1.237,7968.36
2021-09-16,10283.49,,1.387,,6476.43,8495.68,,6368.82,8606.7,6817.68,,,7237.22,9467.07,3.477,16647.7,4.815,14301.32,4641.8,1.745,,1362.05,7.121,1.218,7868.92
2021-09-17,10300.86,,1.416,,6552.74,8468.85,,6433.84,8547.33,6857.56,,,7263.69,9292.48,3.548,16301.13,4.827,14415.34,4693.45,1.742,,1360.3,7.205,1.227,7883.6
2021-09-22,10079.34,,1.405,,6476.16,8511.4,,6388.6,8614.44,6835.02,,,7259.79,9424.62,3.515,16769.29,4.797,14356.3,4634.69,1.749,,1365.94,7.131,1.223,7878.58
2021-09-23,10080.41,,1.41,,6494.29,8552.75,,6430.24,8671.32,6879.72,,,7296.46,9437.1,3.535,16726.96,4.825,14421.33,4642.83,1.756,,1374.51,7.18,1.225,7917.11
2021-09-24,10000.89,,1.419,,6514.73,8431.02,,6425.25,8529.79,6847.15,,,7239.04,9138.68,3.562,16174.79,4.835,14382.61,4668.49,1.735,,1385.81,7.214,1.224,7799.32
2021-09-27,10001.01,,1.433,,6630.38,8181.45,,6462.27,8288.02,6827.85,,,7159.17,8879.89,3.586,15782.27,4.814,14423.96,4749.93,1.733,,1379.45,7.321,1.22,7714.11
2021-09-28,10169.82,,1.42,,6649.81,8182.45,,6470.83,8321.19,6841.38,,,7170.39,9020.42,3.567,16233.89,4.792,14465.01,4766.52,1.744,,1364.75,7.267,1.223,7826.42
2021-09-29,10260.84,,1.403,,6629.22,7887.16,,6404.75,8103.28,6744.68,,,7029.25,8734.6,3.532,15774.95,4.73,14326.69,4748.82,1.72,,1356.35,7.224,1.209,7781.03
2021-09-30,10151.96,,1.44,,6649.53,8113.24,,6447.75,8211.23,6800.77,,,7133.99,8878.05,3.606,15984.49,4.793,14389.17,4745.5,1.72,,1379.48,7.321,1.226,7752.83
2021-10-08,10316.43,,1.436,,6783.84,8135.37,,6531.97,8197.05,6865.08,,,7191.12,8876.52,3.595,15851.28,4.825,14558.41,4833.48,1.739,,1375.19,7.41,1.23,7851.23
2021-10-11,10546.92,,1.41,,6805.36,8090.65,,6540.25,8196.05,6871.48,,,7176.91,8928.62,3.547,16002.07,4.839,14603.16,4863.38,1.744,,1360.39,7.368,1.228,7917.35
2021-10-12,10549.53,,1.382,,6764.63,7897.42,,6470.88,8036.21,6783.88,,,7065.45,8780.37,3.485,15909.38,4.757,14470.06,4838.11,1.732,,1329.77,7.256,1.213,7838.53
2021-10-13,10530.94,,1.416,,6837.79,7986.05,,6545.44,8070.2,6850.21,,,7133.9,8718.58,3.562,15636.2,4.84,14605.8,4887.66,1.732,,1355.34,7.408,1.227,7790.97
2021-10-14,10423.09,,1.415,,6785.91,8044.0,,6510.34,8101.1,6828.46,,,7136.37,8684.35,3.565,15475.69,4.83,14539.52,4854.9,1.721,,1357.86,7.378,1.225,7725.03
2021-10-15,10514.57,,1.45,,6810.25,8052.94,,6535.84,8119.4,6852.48,,,7156.61,8711.3,3.638,15568.56,4.868,14603.33,4890.74,1.728,,1373.88,7.433,1.232,7746.22
2021-10-18,10441.74,,1.454,,6690.32,8139.76,,6459.86,8170.4,6802.21,,,7151.34,8841.36,3.634,15883.42,4.852,14438.79,4793.95,1.723,,1363.21,7.385,1.225,7732.31
2021-10-19,10512.65,,1.462,,6760.07,8221.3,,6523.4,8230.83,6865.09,,,7212.26,8903.84,3.656,15880.07,4.922,14557.76,4834.08,1.728,,1377.54,7.467,1.237,7815.34
2021-10-20,10440.03,,1.455,,6742.49,8242.67,,6506.78,8229.0,6851.47,,,7204.2,8816.33,3.649,15575.96,4.909,14547.91,4831.61,1.727,,1384.4,7.427,1.234,7755.82
2021-10-21,10663.7,,1.453,,6789.08,8220.88,,6530.53,8205.25,6865.6,,,7209.12,8880.34,3.636,15775.72,4.883,14629.54,4866.55,1.735,,1373.12,7.444,1.231,7887.41
2021-10-22,10680.77,,1.462,,6858.86,8149.61,,6573.54,8121.81,6883.03,,,7200.29,8722.28,3.649,15431.1,4.915,14698.11,4925.31,1.733,,1378.9,7.516,1.236,7883.26
2021-10-25,10682.59,,1.485,,6853.8,8252.63,,6602.85,8211.88,6924.61,,,7257.82,8731.51,3.707,15467.75,4.955,14775.44,4922.67,1.745,,1391.16,7.545,1.243,7900.1
2021-10-26,10677.92,,1.483,,6811.21,8226.69,,6581.07,8210.08,6906.88,,,7235.15,8692.37,3.69,15363.93,4.967,14722.04,4889.58,1.74,,1386.95,7.507,1.243,7851.97
2021-10-27,10587.83,,1.476,,6710.38,8144.36,,6494.97,8147.88,6825.66,,,7157.62,8560.98,3.672,15059.58,4.942,14563.36,4825.76,1.716,,1372.53,7.429,1.227,7760.1
2021-10-28,10518.15,,1.466,,6681.13,7962.82,,6449.85,8034.22,6766.7,,,7068.16,8366.86,3.641,14632.42,4.918,14470.25,4814.63,1.699,,1367.04,7.383,1.213,7676.11
2021-10-29,10471.37,,1.505,,6735.21,8091.74,,6509.03,8117.7,6830.77,,,7158.26,8408.64,3.722,14565.61,4.982,14604.9,4855.71,1.703,,1407.18,7.474,1.23,7647.56
2021-11-01,10592.63,,1.489,,6708.05,8168.77,,6485.05,8161.93,6820.6,,,7173.95,8451.95,3.693,14731.12,4.996,14530.73,4831.43,1.701,,1415.25,7.474,1.235,7681.35
2021-11-02,10285.16,,1.49,,6619.2,8073.45,,6417.63,8074.47,6749.17,,,7100.97,8279.75,3.698,14357.38,4.987,14366.32,4773.64,1.68,,1416.69,7.419,1.226,7515.99
2021-11-03,10281.02,,1.481,,6578.78,8091.63,,6392.79,8112.33,6737.04,,,7093.16,8388.37,3.691,14646.76,4.984,14279.76,4728.2,1.677,,1410.56,7.398,1.227,7547.35
2021-11-04,10238.66,,1.496,,6644.14,8199.55,,6455.95,8177.07,6800.47,,,7169.97,8390.62,3.735,14611.98,5.054,14382.7,4766.56,1.687,,1421.84,7.501,1.24,7539.4
2021-11-05,10197.34,,1.496,,6619.18,8096.44,,6420.95,8082.34,6753.4,,,7111.12,8268.52,3.721,14291.22,5.01,14302.35,4758.06,1.672,,1407.72,7.461,1.235,7470.15
2021-11-08,10152.46,,1.512,,6611.65,8132.95,,6428.69,8122.87,6767.77,,,7138.85,8319.45,3.755,14345.71,5.01,14320.26,4750.22,1.672,,1411.81,7.48,1.235,7475.92
2021-11-09,10157.84,,1.524,,6590.95,8252.43,,6426.95,8186.2,6779.2,,,7177.22,8362.64,3.78,14294.86,5.023,14313.48,4736.38,1.677,,1431.68,7.484,1.241,7457.29
2021-11-10,10124.81,,1.524,,6548.75,8256.09,,6393.06,8163.75,6747.65,,,7153.48,8354.03,3.776,14252.2,4.972,14218.93,4711.78,1.674,,1431.62,7.438,1.242,7422.55
2021-11-11,10392.87,,1.535,,6673.88,8320.19,,6495.78,8230.25,6842.98,,,7240.92,8477.22,3.808,14584.06,5.04,14443.57,4805.36,1.687,,1448.45,7.558,1.254,7632.5
2021-11-12,10355.32,,1.529,,6646.2,8434.22,,6482.15,8272.73,6840.71,,,7259.44,8419.29,3.808,14467.56,5.051,14414.17,4786.3,1.691,,1451.48,7.524,1.255,7588.02
2021-11-15,10413.87,,1.512,,6658.12,8410.94,,6474.2,8205.23,6820.71,,,7240.45,8432.9,3.775,14435.78,5.014,14386.42,4788.0,1.692,,1443.87,7.493,1.248,7588.33
2021-11-16,10348.69,,1.508,,6673.6,8315.28,,6475.45,8144.8,6809.48,,,7210.22,8386.54,3.76,14320.32,5.009,14368.93,4788.72,1.68,,1432.45,7.505,1.249,7540.12
2021-11-17,10269.31,,1.522,,6655.22,8464.2,,6478.98,8212.53,6826.0,,,7265.01,8456.54,3.8,14290.11,5.033,14358.3,4769.4,1.682,,1447.45,7.529,1.254,7522.56
2021-11-18,10197.42,,1.501,,6584.29,8452.92,,6415.21,8189.59,6770.53,,,7217.97,8450.33,3.751,14282.77,4.983,14234.02,4716.78,1.68,,1435.17,7.448,1.248,7464.92
2021-11-19,10312.26,,1.52,,6659.92,8550.4,,6484.85,8288.07,6845.96,,,7299.92,8569.74,3.795,14494.97,5.04,14397.09,4775.54,1.699,,1456.15,7.548,1.257,7577.6
2021-11-22,10213.33,,1.565,,6660.04,8707.74,,6514.47,8386.55,6889.5,,,7376.0,8583.29,3.887,14467.79,5.1,14430.62,4774.42,1.708,,1491.63,7.63,1.271,7529.35
2021-11-23,10230.97,,1.559,,6669.28,8701.57,,6515.73,8395.89,6892.39,,,7375.02,8632.31,3.872,14621.18,5.054,14472.04,4792.26,1.711,,1487.86,7.598,1.271,7544.43
2021-11-24,10241.81,,1.549,,6694.76,8698.52,,6520.12,8389.8,6894.66,,,7373.08,8673.88,3.852,14807.13,5.014,14478.74,4803.67,1.715,,1483.8,7.583,1.27,7540.16
2021-11-25,10209.13,,1.548,,6664.25,8684.58,,6493.31,8365.58,6868.39,,,7355.15,8636.33,3.858,14773.38,5.001,14444.39,4783.19,1.713,,1479.62,7.556,1.267,7507.03
2021-11-26,10127.36,,1.55,,6602.48,8701.05,,6445.15,8350.33,6826.92,,,7328.64,8573.86,3.854,14576.69,4.978,14330.41,4737.56,1.706,,1471.41,7.509,1.26,7428.7
2021-11-29,10083.89,,1.564,,6585.68,8765.74,,6433.61,8352.68,6818.19,,,7342.34,8519.97,3.882,14442.66,4.978,14316.65,4737.1,1.699,,1482.8,7.518,1.263,7396.56
2021-11-30,10057.65,,1.558,,6538.32,8825.42,,6407.89,8388.37,6804.9,,,7347.89,8545.09,3.879,14409.05,4.987,14256.08,4704.85,1.701,,1487.32,7.51,1.262,7393.08
2021-12-01,10127.56,,1.544,,6564.48,8827.09,,6423.57,8411.6,6822.1,,,7366.72,8645.65,3.855,14645.07,4.965,14310.68,4727.25,1.709,,1467.94,7.491,1.261,7474.4
2021-12-02,10164.68,,1.549,,6584.87,8731.17,,6439.9,8362.04,6825.09,,,7342.35,8664.03,3.843,14704.73,4.947,14364.94,4742.79,1.708,,1440.74,7.501,1.26,7543.47
2021-12-03,10231.18,,1.551,,6648.63,8792.24,,6499.38,8445.23,6889.34,,,7402.72,8724.55,3.861,14946.05,4.985,14495.6,4788.2,1.725,,1456.25,7.571,1.268,7609.48
2021-12-06,10282.22,,1.517,,6663.09,8663.81,,6488.25,8374.15,6866.08,,,7343.31,8627.77,3.774,14888.81,4.954,14487.4,4798.18,1.72,,1416.88,7.509,1.258,7661.81
2021-12-07,10384.47,,1.5,,6720.46,8526.5,,6527.34,8335.25,6889.38,,,7320.77,8672.96,3.742,15125.01,4.942,14587.52,4837.36,1.72,,1400.42,7.503,1.253,7759.88
2021-12-08,10388.79,,1.523,,6818.41,8681.12,,6625.25,8446.64,6989.96,,,7434.0,8680.77,3.797,15126.4,5.068,14776.34,4911.99,1.74,,1426.56,7.636,1.274,7776.13
2021-12-09,10488.24,,1.538,,6941.61,8691.35,,6735.01,8466.68,7081.52,,,7502.18,8691.85,3.841,15190.68,5.137,14975.17,4994.45,1.752,,1445.86,7.774,1.29,7866.77
2021-12-10,10463.36,,1.548,,6917.31,8710.38,,6703.75,8450.87,7053.4,,,7494.11,8671.21,3.861,15072.29,5.125,14922.76,4984.71,1.747,,1447.05,7.75,1.289,7820.45
2021-12-13,10382.08,,1.556,,6961.61,8749.58,,6741.79,8504.52,7094.53,,,7537.33,8668.71,3.882,15098.11,5.156,14986.32,5003.19,1.754,,1457.13,7.803,1.294,7838.51
2021-12-14,10241.47,,1.553,,6917.73,8746.21,,6696.56,8471.1,7051.56,,,7510.72,8579.78,3.877,14932.5,5.11,14884.7,4980.05,1.745,,1450.84,7.761,1.293,7741.88
2021-12-15,10228.49,,1.539,,6856.99,8717.45,,6638.48,8459.68,7002.55,,,7473.44,8618.4,3.843,15064.13,5.075,14781.54,4933.2,1.74,,1436.16,7.693,1.285,7743.24
2021-12-16,10301.77,,1.553,,6888.11,8772.67,,6676.72,8536.87,7048.46,,,7522.33,8746.26,3.87,15325.3,5.084,14859.36,4950.85,1.756,,1437.2,7.731,1.287,7830.32
2021-12-17,10260.65,,1.527,,6781.16,8650.11,,6570.67,8460.02,6948.02,,,7422.6,8690.14,3.813,15327.98,5.01,14637.03,4873.63,1.739,,1410.11,7.583,1.273,7771.08
2021-12-20,10250.34,,1.48,,6702.22,8494.35,,6472.08,8322.87,6841.77,,,7309.08,8612.89,3.695,15270.94,4.9,14479.48,4838.63,1.72,,1374.73,7.417,1.247,7725.8
2021-12-21,10294.43,,1.481,,6740.62,8600.73,,6515.93,8414.81,6895.1,,,7382.11,8786.27,3.72,15538.86,4.943,14578.8,4864.91,1.73,,1385.51,7.467,1.257,7803.81
2021-12-22,10215.26,,1.486,,6735.88,8690.34,,6517.22,8446.37,6902.32,,,7405.99,8753.01,3.735,15483.81,4.988,14516.0,4846.39,1.728,,1385.9,7.499,1.26,7750.98
2021-12-23,10223.83,,1.489,,6792.52,8692.36,,6562.68,8486.54,6946.79,,,7432.47,8787.0,3.745,15542.26,5.02,14632.55,4885.95,1.744,,1386.84,7.56,1.267,7792.27
2021-12-24,10188.25,,1.454,,6764.39,8521.36,,6526.35,8418.95,6904.29,,,7354.49,8734.74,3.661,15428.87,5.002,14586.05,4890.48,1.733,,1369.47,7.491,1.258,7741.34
2021-12-27,10138.01,,1.451,,6754.41,8521.17,,6523.67,8412.0,6900.77,,,7355.14,8786.42,3.654,15502.92,5.006,14547.86,4872.94,1.732,,1366.35,7.524,1.255,7763.37
2021-12-28,10178.54,,1.468,,6805.0,8616.61,,6572.26,8427.4,6942.89,,,7407.85,8742.46,3.696,15371.59,5.049,14646.58,4910.05,1.735,,1380.44,7.562,1.264,7783.64
2021-12-29,10066.62,,1.445,,6682.85,8607.74,,6476.14,8383.15,6856.86,,,7340.37,8716.05,3.645,15294.71,5.004,14442.31,4817.07,1.721,,1366.93,7.448,1.253,7703.34
2021-12-30,10115.82,,1.462,,6728.52,8683.55,,6526.57,8456.23,6911.79,,,7402.7,8738.62,3.688,15347.77,5.068,14528.31,4848.2,1.733,,1386.43,7.52,1.264,7736.3
2021-12-31,10109.48,,1.462,,6746.18,8777.57,,6551.59,8512.27,6942.92,,,7445.76,8825.94,3.687,15463.56,5.094,14590.74,4866.82,1.745,,1409.24,7.529,1.266,7776.46
2022-01-04,10139.64,,1.421,,6727.28,8747.7,,6521.61,8506.54,6917.67,,,7431.97,8932.42,3.613,15715.54,5.099,14509.64,4851.58,1.745,,1375.78,7.499,1.265,7820.43
2022-01-05,10323.1,,1.378,,6688.13,8527.02,,6455.77,8354.12,6834.77,,,7319.51,8907.44,3.51,15801.11,4.972,14416.5,4837.03,1.735,,1343.87,7.374,1.247,7872.78
2022-01-06,10266.71,,1.362,,6597.71,8595.88,,6389.61,8362.55,6783.19,,,7303.24,8947.43,3.476,15880.07,4.928,14288.1,4771.79,1.73,,1331.37,7.29,1.236,7819.27
2022-01-07,10426.87,,1.349,,6622.09,8418.56,,6395.1,8299.76,6775.28,,,7248.47,8972.28,3.44,16052.21,4.892,14323.91,4790.94,1.728,,1315.81,7.273,1.232,7936.4
2022-01-10,10467.87,,1.341,,6649.95,8474.98,,6423.84,8318.0,6801.99,,,7283.42,9059.6,3.435,16166.5,4.922,14385.48,4810.04,1.732,,1328.68,7.286,1.234,7977.61
2022-01-11,10585.86,,1.327,,6596.48,8379.11,,6362.48,8252.97,6739.85,,,7218.38,9100.38,3.391,16186.46,4.839,14286.76,4777.95,1.721,,1304.63,7.195,1.22,7977.08
2022-01-12,10560.08,,1.366,,6657.11,8524.66,,6425.88,8324.34,6804.87,,,7305.46,9059.41,3.477,16099.71,4.914,14398.61,4810.32,1.733,,1326.76,7.294,1.231,7958.58
2022-01-13,10561.36,,1.346,,6551.12,8377.02,,6320.24,8209.64,6697.35,,,7195.13,9031.93,3.425,16019.68,4.824,14198.36,4732.73,1.72,,1304.88,7.155,1.212,7906.73
2022-01-14,10328.77,,1.359,,6483.03,8410.53,,6268.27,8190.41,6651.75,,,7166.91,8870.12,3.454,15730.56,4.824,14013.27,4665.75,1.703,,1322.66,7.133,1.213,7735.08
2022-01-17,10315.65,,1.386,,6532.28,8555.96,,6322.04,8279.15,6712.44,,,7251.58,8895.84,3.515,15786.08,4.91,14074.84,4678.62,1.709,,1348.89,7.233,1.226,7757.79
2022-01-18,10529.71,,1.371,,6600.96,8501.74,,6383.13,8285.28,6762.81,,,7263.08,8983.96,3.491,15979.84,4.94,14258.61,4737.81,1.72,,1352.96,7.277,1.231,7892.94
2022-01-19,10589.58,,1.34,,6569.39,8399.37,,6339.41,8233.93,6717.54,,,7214.17,9043.52,3.42,16158.34,4.877,14225.19,4737.32,1.72,,1334.55,7.191,1.225,7926.59
2022-01-20,10800.88,,1.339,,6661.51,8210.26,,6396.61,8162.24,6749.5,,,7179.75,9009.3,3.408,16117.05,4.884,14368.01,4806.45,1.721,,1316.34,7.229,1.228,8045.04
2022-01-21,10744.47,,1.327,,6611.67,8096.45,,6338.0,8069.51,6684.14,,,7103.04,8939.15,3.369,15968.57,4.83,14263.25,4784.2,1.706,,1300.6,7.167,1.215,7970.05
2022-01-24,10732.56,,1.339,,6603.64,8136.62,,6347.85,8072.56,6692.66,,,7114.73,8897.92,3.393,15995.99,4.876,14266.43,4770.84,1.703,,1318.08,7.191,1.212,7966.5
2022-01-25,10559.21,,1.307,,6464.13,7816.28,,6204.24,7800.41,6523.69,,,6899.57,8590.18,3.3,15535.41,4.76,13951.65,4674.53,1.662,,1287.09,7.032,1.184,7777.58
2022-01-26,10578.35,,1.32,,6520.74,7857.91,,6249.15,7845.08,6568.59,,,6945.18,8644.26,3.329,15656.67,4.799,14057.64,4702.36,1.672,,1286.45,7.064,1.181,7834.46
2022-01-27,10531.03,,1.278,,6399.8,7626.79,,6126.57,7640.74,6429.85,,,6776.55,8527.77,3.225,15506.99,4.691,13841.58,4636.31,1.648,,1250.36,6.905,1.158,7738.25
2022-01-28,10379.41,,1.276,,6315.46,7640.92,,6052.16,7611.38,6364.2,,,6742.46,8486.86,3.229,15343.91,4.666,13603.24,4539.38,1.631,,1238.94,6.861,1.158,7639.09
2022-02-07,10698.4,,1.28,,6411.65,7738.02,,6145.41,7722.52,6461.06,,,6840.41,8708.55,3.242,15788.86,4.703,13894.87,4628.91,1.656,,1243.37,6.914,1.158,7866.37
2022-02-08,10853.49,,1.24,,6373.89,7758.84,,6111.84,7798.37,6448.9,,,6847.94,8901.55,3.16,16140.94,4.61,13928.63,4632.25,1.672,,1213.57,6.793,1.147,7985.39
2022-02-09,10805.56,,1.254,,6434.67,7902.18,,6169.25,7915.0,6517.98,,,6935.5,8942.88,3.197,16223.38,4.675,14030.6,4666.52,1.682,,1219.85,6.872,1.154,7985.72
2022-02-10,10898.16,,1.227,,6412.97,7862.94,,6153.07,7912.06,6504.38,,,6915.05,9039.89,3.139,16452.83,4.652,14050.52,4674.77,1.689,,1197.59,6.819,1.15,8061.42
2022-02-11,11012.06,,1.186,,6375.38,7707.59,,6102.06,7801.64,6441.67,,,6824.35,9021.44,3.047,16498.41,4.589,13994.53,4671.5,1.682,,1178.83,6.722,1.142,8112.29
2022-02-14,10758.61,,1.181,,6307.92,7677.15,,6036.14,7744.59,6377.42,,,6775.8,8881.85,3.031,16168.38,4.573,13815.95,4613.66,1.665,,1178.68,6.654,1.134,7911.46
2022-02-15,10622.74,,1.221,,6360.16,7807.31,,6100.34,7819.29,6443.75,,,6848.45,8844.9,3.123,16035.82,4.66,13904.96,4637.34,1.674,,1212.63,6.768,1.144,7846.84
2022-02-16,10723.87,,1.223,,6388.57,7871.14,,6124.06,7832.88,6465.51,,,6887.39,8924.66,3.122,16217.36,4.659,13976.0,4661.35,1.677,,1207.02,6.781,1.144,7903.62
2022-02-17,10752.72,,1.234,,6396.63,7912.23,,6138.88,7829.13,6476.71,,,6900.33,8884.73,3.144,16146.84,4.697,14000.05,4665.95,1.679,,1217.37,6.815,1.151,7882.68
2022-02-18,10892.4,,1.228,,6431.01,7946.41,,6168.15,7905.74,6515.29,,,6940.11,9055.08,3.138,16495.61,4.698,14098.67,4701.09,1.694,,1213.89,6.825,1.151,7990.5
2022-02-21,10839.96,,1.21,,6393.5,8037.14,,6145.71,7942.86,6504.49,,,6962.26,9113.32,3.108,16538.34,4.718,14045.47,4674.4,1.692,,1203.03,6.808,1.153,7966.19
2022-02-22,10786.61,,1.196,,6299.69,7976.48,,6065.93,7847.61,6421.59,,,6883.06,9036.47,3.068,16381.62,4.662,13880.65,4611.17,1.675,,1193.34,6.705,1.146,7875.83
2022-02-23,10692.56,,1.235,,6349.25,8164.04,,6130.77,7966.35,6497.07,,,6986.19,9011.52,3.155,16218.98,4.755,13978.0,4634.53,1.686,,1240.81,6.831,1.154,7846.85
2022-02-24,10540.84,,1.209,,6216.95,7982.92,,6006.47,7824.61,6369.22,,,6839.05,8837.11,3.085,15909.31,4.671,13714.78,4547.73,1.66,,1224.59,6.673,1.131,7699.08
2022-02-25,10490.82,,1.244,,6269.88,8067.12,,6064.96,7887.71,6428.67,,,6905.65,8834.91,3.165,15888.25,4.716,13805.19,4571.43,1.668,,1250.68,6.758,1.144,7682.44
2022-02-28,10479.63,,1.253,,6278.39,8130.54,,6075.87,7926.89,6445.13,,,6928.01,8841.6,3.192,15895.22,4.728,13839.92,4579.15,1.67,,1259.46,6.76,1.145,7677.19
2022-03-01,10576.82,,1.253,,6347.41,8141.08,,6126.31,7950.88,6490.45,,,6970.3,8916.87,3.202,16055.24,4.721,13993.49,4645.9,1.689,,1248.81,6.81,1.147,7750.8
2022-03-02,10538.87,,1.229,,6278.62,8124.49,,6071.83,7952.26,6446.85,,,6940.39,8976.29,3.14,16191.36,4.67,13917.97,4618.48,1.689,,1240.0,6.726,1.142,7723.82
2022-03-03,10625.26,,1.21,,6245.68,8045.93,,6036.06,7934.11,6414.5,,,6900.39,9071.77,3.098,16427.0,4.609,13874.26,4603.39,1.687,,1219.38,6.637,1.13,7786.61
2022-03-04,10522.59,,1.184,,6155.76,7935.2,,5962.86,7869.67,6342.93,,,6815.99,9028.08,3.05,16295.73,4.555,13729.31,4551.81,1.668,,1212.6,6.529,1.12,7709.33
2022-03-07,10316.41,,1.131,,5947.58,7764.44,,5772.36,7702.6,6156.82,,,6639.24,8930.33,2.913,16151.2,4.401,13371.99,4421.44,1.639,,1179.23,6.276,1.091,7567.61
2022-03-08,10094.07,,1.116,,5858.05,7529.38,,5656.47,7437.14,6011.5,,,6466.9,8622.97,2.872,15635.54,4.284,13131.01,4359.74,1.603,,1146.06,6.141,1.083,7363.51
2022-03-09,9930.35,,1.109,,5816.41,7447.0,,5604.69,7293.39,5941.64,,,6395.87,8512.39,2.845,15477.86,4.308,13000.02,4321.12,1.586,,1138.57,6.09,1.045,7240.4
2022-03-10,10009.33,,1.139,,5900.18,7618.47,,5692.87,7419.85,6037.41,,,6511.22,8618.34,2.918,15611.71,4.335,13143.59,4360.18,1.593,,1162.47,6.225,1.06,7273.2
2022-03-11,10071.56,,1.151,,5913.7,7660.39,,5711.02,7488.31,6065.44,,,6545.66,8674.16,2.959,15692.1,4.353,13177.99,4363.49,1.6,,1170.39,6.255,1.063,7308.32
2022-03-14,9827.47,,1.11,,5713.65,7451.99,,5536.28,7314.18,5890.63,,,6358.95,8486.13,2.853,15386.62,4.226,12815.8,4238.92,1.562,,1135.18,6.054,1.034,7144.45
2022-03-15,9383.05,,1.086,,5448.54,7093.55,,5283.06,6899.41,5605.5,,,6054.17,7961.91,2.774,14494.29,4.064,12178.76,4017.42,1.492,,1102.07,5.815,1.003,6735.59
2022-03-16,9717.61,,1.15,,5695.72,7334.27,,5511.51,7120.66,5832.8,,,6287.36,8151.1,2.924,14849.29,4.182,12697.96,4203.06,1.53,,1134.38,6.065,1.023,6997.21
2022-03-17,9798.66,,1.186,,5819.11,7471.88,,5619.74,7249.34,5945.16,,,6405.41,8295.15,3.006,15036.45,4.29,12878.33,4276.59,1.549,,1151.74,6.191,1.047,7076.69
2022-03-18,10012.0,,1.19,,5862.83,7538.53,,5657.15,7324.17,5989.93,,,6459.67,8513.55,3.019,15440.23,4.282,13019.38,4330.05,1.567,,1153.36,6.25,1.054,7247.7
2022-03-21,9884.29,,1.185,,5830.05,7620.76,,5647.66,7355.08,5988.34,,,6486.43,8549.05,3.02,15376.09,4.3,12967.74,4298.71,1.569,,1161.43,6.231,1.053,7174.54
2022-03-22,10069.54,,1.169,,5835.5,7586.83,,5643.08,7354.12,5984.47,,,6475.29,8693.85,2.981,15674.44,4.282,12988.12,4311.59,1.574,,1143.28,6.206,1.052,7281.7
2022-03-23,9991.39,,1.182,,5867.98,7634.51,,5671.23,7400.37,6016.19,,,6506.73,8717.27,3.012,15674.68,4.298,13033.8,4334.98,1.578,,1153.13,6.261,1.059,7266.26
2022-03-24,10027.84,,1.179,,5835.58,7562.03,,5637.79,7337.93,5977.04,,,6454.4,8687.94,3.001,15579.93,4.255,12963.37,4315.82,1.573,,1143.54,6.215,1.049,7249.12
2022-03-25,10020.8,,1.149,,5726.34,7473.27,,5536.04,7250.17,5877.91,,,6364.79,8680.91,2.938,15613.76,4.179,12757.02,4245.68,1.561,,1115.61,6.082,1.033,7186.43
2022-03-28,10060.03,,1.125,,5692.51,7415.67,,5501.41,7267.57,5853.43,,,6334.08,8787.43,2.878,15947.02,4.128,12743.09,4240.86,1.561,,1099.35,5.989,1.018,7238.8
2022-03-29,10080.04,,1.124,,5669.96,7370.23,,5482.42,7232.62,5831.29,,,6302.5,8771.41,2.877,15888.54,4.12,12695.98,4224.47,1.557,,1088.47,5.984,1.017,7222.97
2022-03-30,10212.37,,1.177,,5846.63,7522.63,,5641.61,7376.98,5987.76,,,6454.29,8884.37,2.99,16146.92,4.223,13003.15,4333.47,1.588,,1121.31,6.174,1.042,7371.15
2022-03-31,10356.6,,1.161,,5815.58,7421.06,,5599.84,7315.78,5942.13,,,6404.24,8984.14,2.949,16330.1,4.17,12919.38,4308.7,1.581,,1099.68,6.115,1.034,7396.34
2022-04-01,10551.21,,1.163,,5906.65,7421.65,,5670.87,7361.53,6008.3,,,6449.61,9075.86,2.956,16623.89,4.207,13086.12,4374.72,1.6,,1097.8,6.196,1.04,7500.27
2022-04-06,10719.85,,1.147,,5891.5,7412.62,,5654.55,7352.75,5993.44,,,6445.36,9228.91,2.921,16918.02,4.183,13051.75,4356.82,1.605,,1066.86,6.16,1.037,7587.14
2022-04-07,10603.64,,1.125,,5824.64,7258.49,,5581.96,7196.21,5904.33,,,6331.82,9050.61,2.859,16622.25,4.141,12904.62,4314.14,1.581,,1044.26,6.077,1.022,7479.37
2022-04-08,10690.2,,1.127,,5861.68,7205.56,,5612.01,7199.14,5929.1,,,6334.43,9147.2,2.854,16837.75,4.132,13002.83,4348.34,1.593,,1035.36,6.096,1.021,7577.66
2022-04-11,10536.63,,1.074,,5697.55,6934.65,,5438.64,6974.49,5745.5,,,6132.58,8944.7,2.733,16567.87,3.994,12639.62,4230.75,1.562,,996.57,5.912,0.992,7443.42
2022-04-12,10548.17,,1.1,,5813.71,7029.28,,5544.63,7086.7,5852.83,,,6239.64,8918.97,2.795,16566.82,4.042,12845.68,4301.91,1.573,,1002.3,6.001,1.009,7483.33
2022-04-13,10542.57,,1.081,,5776.8,6889.01,,5491.49,6991.89,5791.47,,,6153.9,8901.44,2.743,16450.44,3.992,12763.97,4284.11,1.562,,972.46,5.932,0.992,7440.2
2022-04-14,10512.29,,1.077,,5848.2,6969.56,,5560.25,7087.03,5865.47,,,6229.32,9113.74,2.737,16764.1,4.024,12938.83,4352.95,1.579,,983.28,5.989,1.002,7509.48
2022-04-15,10676.12,,1.074,,5840.74,6876.81,,5556.51,7022.55,5849.84,,,6184.75,9059.72,2.732,16682.32,4.0,12946.82,4355.9,1.574,,981.05,5.97,0.998,7538.39
2022-04-18,10405.13,,1.083,,5782.64,6932.64,,5526.9,7026.54,5826.77,,,6184.21,8938.87,2.763,16433.68,4.039,12810.88,4292.2,1.559,,1012.55,5.999,0.998,7372.6
2022-04-19,10387.84,,1.065,,5739.42,6954.35,,5485.13,7047.81,5797.3,,,6172.14,9043.84,2.723,16633.9,4.022,12725.2,4253.32,1.562,,997.76,5.946,0.994,7359.09
2022-04-20,10279.95,,1.019,,5653.28,6832.13,,5400.3,6891.32,5698.34,,,6072.13,8781.69,2.621,16206.89,3.977,12576.83,4214.36,1.542,,981.21,5.832,0.976,7234.17
2022-04-21,10245.57,,0.999,,5571.75,6555.36,,5300.87,6663.54,5573.67,,,5902.7,8578.26,2.566,15914.06,3.884,12364.45,4158.14,1.509,,965.29,5.703,0.956,7163.58
2022-04-22,10419.23,,0.995,,5617.77,6457.42,,5323.98,6642.05,5588.08,,,5887.29,8689.32,2.549,16210.67,3.853,12425.42,4182.81,1.516,,949.52,5.701,0.965,7263.64
2022-04-25,9976.73,,0.939,,5358.54,5953.04,,5060.86,6212.51,5292.09,,,5530.48,8233.13,2.409,15567.09,3.648,11846.41,3988.52,1.451,,891.3,5.427,0.925,6943.56
2022-04-26,9950.41,,0.934,,5342.56,5772.48,,5020.03,6055.86,5228.54,,,5428.77,8076.49,2.39,15449.35,3.575,11765.56,3984.98,1.425,,874.93,5.374,0.908,6873.9
2022-04-27,9963.57,,0.987,,5480.2,6073.77,,5167.83,6290.99,5393.6,,,5619.44,8167.79,2.52,15566.79,3.738,12042.45,4064.51,1.456,,913.6,5.568,0.916,6932.42
2022-04-28,10144.9,,0.967,,5522.43,6022.91,,5201.75,6270.16,5416.85,,,5616.37,8273.82,2.472,15904.91,3.753,12160.02,4116.79,1.468,,910.2,5.568,0.911,7019.97
2022-04-29,10115.7,,1.013,,5629.52,6287.5,,5330.21,6513.93,5568.02,,,5799.84,8512.35,2.571,16180.37,3.918,12385.85,4172.74,1.501,,954.64,5.771,0.943,7097.63
2022-05-05,10088.04,,0.992,,5603.53,6400.45,,5322.45,6582.01,5575.09,,,5837.34,8567.94,2.534,16207.82,3.917,12386.35,4166.19,1.514,,963.72,5.735,0.943,7103.49
2022-05-06,9876.32,,0.972,,5457.72,6322.03,,5187.9,6439.77,5438.88,,,5717.29,8347.17,2.494,15731.66,3.83,12049.37,4045.46,1.48,,949.87,5.598,0.925,6929.37
2022-05-09,9738.37,,0.962,,5402.09,6408.74,,5146.36,6492.92,5415.82,,,5726.6,8370.78,2.477,15825.13,3.801,11981.21,4008.82,1.478,,954.41,5.539,0.925,6892.64
2022-05-10,9816.28,,0.988,,5454.17,6529.25,,5203.05,6588.87,5480.26,,,5807.35,8374.9,2.525,15979.49,3.845,12103.24,4043.39,1.49,,980.03,5.61,0.932,6941.19
2022-05-11,9770.64,,1.023,,5527.03,6587.16,,5278.25,6645.31,5551.88,,,5872.8,8368.13,2.603,15960.02,3.926,12219.88,4077.5,1.499,,1010.59,5.72,0.947,6928.05
2022-05-12,9709.34,,1.023,,5494.48,6622.44,,5254.96,6652.07,5534.43,,,5873.96,8348.17,2.609,15968.41,3.913,12161.6,4048.55,1.501,,1021.33,5.71,0.947,6880.61
2022-05-13,9825.87,,1.029,,5541.18,6664.65,,5294.6,6716.55,5578.98,,,5917.85,8562.97,2.618,16350.52,3.913,12268.51,4087.92,1.514,,1019.05,5.739,0.953,6979.27
2022-05-16,9738.37,,1.017,,5495.24,6677.34,,5252.53,6710.36,5543.87,,,5896.57,8651.37,2.586,16429.34,3.901,12166.68,4046.52,1.508,,1004.71,5.691,0.947,6939.59
2022-05-17,9833.49,,1.038,,5568.75,6718.12,,5318.05,6740.85,5602.62,,,5944.66,8593.87,2.627,16299.37,3.965,12303.53,4100.56,1.516,,1018.68,5.784,0.957,6984.56
2022-05-18,9759.12,,1.033,,5541.27,6728.97,,5299.48,6719.91,5583.57,,,5939.38,8534.82,2.623,16206.67,3.966,12258.22,4083.89,1.511,,1022.34,5.765,0.958,6955.45
2022-05-19,9708.41,,1.043,,5537.24,6787.53,,5310.7,6769.55,5602.31,,,5969.42,8571.36,2.642,16312.17,3.974,12289.64,4082.43,1.518,,1044.87,5.779,0.961,6959.04
2022-05-20,9854.1,,1.06,,5658.49,6880.43,,5414.34,6877.45,5706.91,,,6068.43,8663.43,2.689,16389.47,4.039,12535.99,4176.78,1.544,,1053.98,5.893,0.978,7071.21
2022-05-23,9803.35,,1.053,,5601.71,6968.9,,5382.98,6920.66,5690.08,,,6082.82,8687.91,2.672,16309.18,4.042,12464.22,4139.01,1.54,,1054.75,5.839,0.978,7027.16
2022-05-24,9712.2,,1.015,,5483.38,6681.62,,5257.21,6666.06,5538.98,,,5890.31,8463.58,2.573,15945.76,3.919,12204.48,4067.08,1.508,,1005.14,5.691,0.952,6922.3
2022-05-25,9741.76,,1.016,,5506.25,6799.81,,5289.47,6782.32,5587.69,,,5959.84,8603.78,2.581,16214.26,3.946,12287.98,4080.8,1.53,,1015.1,5.706,0.956,6972.92
2022-05-26,9742.3,,1.01,,5515.07,6845.16,,5306.59,6861.12,5616.89,,,5991.6,8710.75,2.576,16404.65,3.983,12327.18,4083.0,1.532,,1013.18,5.727,0.956,7021.73
2022-05-27,9794.04,,1.012,,5540.31,6828.08,,5317.8,6852.39,5624.23,,,5996.91,8704.24,2.579,16489.68,3.978,12362.19,4110.04,1.537,,1002.62,5.722,0.956,7041.8
2022-05-30,9715.95,,1.023,,5582.09,6910.03,,5357.32,6904.58,5666.27,,,6048.55,8706.55,2.607,16491.61,4.017,12428.72,4134.41,1.544,,1010.53,5.788,0.964,7015.19
2022-05-31,9764.34,,1.048,,5668.1,6991.61,,5440.86,7003.02,5752.82,,,6133.93,8712.26,2.674,16450.63,4.099,12586.92,4186.15,1.561,,1044.61,5.915,0.984,7055.21
2022-06-01,9734.37,,1.059,,5659.42,7014.56,,5432.1,7001.07,5745.38,,,6139.17,8756.9,2.697,16491.53,4.098,12540.61,4166.57,1.559,,1040.91,5.913,0.988,7040.38
2022-06-02,9679.89,,1.075,,5653.82,7093.81,,5444.17,7070.98,5768.76,,,6175.85,8693.28,2.733,16322.97,4.134,12548.12,4155.37,1.562,,1089.65,5.967,0.994,7003.21
2022-06-06,9669.74,,1.123,,5753.85,7272.76,,5546.51,7197.95,5876.05,,,6297.11,8725.77,2.838,16306.29,4.256,12715.89,4208.7,1.579,,1131.71,6.12,1.02,7016.77
2022-06-07,9774.11,,1.12,,5782.79,7265.52,,5564.11,7198.19,5890.28,,,6302.34,8761.04,2.839,16323.09,4.245,12771.66,4240.21,1.583,,1121.48,6.107,1.015,7041.47
2022-06-08,9804.53,,1.128,,5847.41,7279.71,,5619.68,7238.27,5942.89,,,6342.13,8831.97,2.857,16471.79,4.291,12892.76,4289.11,1.598,,1121.82,6.177,1.026,7082.02
2022-06-09,9932.15,,1.094,,5796.14,7149.52,,5561.98,7139.01,5877.01,,,6258.53,8789.9,2.776,16504.65,4.233,12837.13,4273.54,1.59,,1091.32,6.052,1.011,7108.23
2022-06-10,9977.74,,1.123,,5880.41,7303.53,,5649.51,7270.63,5973.25,,,6368.84,8870.75,2.841,16561.5,4.339,13009.92,4325.92,1.609,,1113.3,6.196,1.027,7166.08
2022-06-13,9781.72,,1.112,,5806.41,7358.1,,5583.82,7264.14,5919.4,,,6342.62,8762.79,2.829,16252.09,4.32,12833.24,4244.08,1.597,,1098.81,6.128,1.024,7050.7
2022-06-14,9933.98,,1.112,,5833.23,7348.02,,5627.79,7314.62,5964.68,,,6375.71,8886.59,2.835,16475.96,4.304,12990.36,4300.75,1.617,,1080.92,6.162,1.028,7187.01
2022-06-15,10107.98,,1.13,,5909.62,7336.54,,5702.5,7301.87,6021.9,,,6411.72,8884.63,2.861,16540.84,4.318,13136.74,4362.34,1.631,,1073.02,6.246,1.037,7341.78
2022-06-16,9979.61,,1.13,,5878.43,7387.48,,5669.77,7308.27,5996.99,,,6410.41,8760.09,2.872,16313.27,4.33,13027.38,4322.9,1.61,,1089.45,6.231,1.041,7201.09
2022-06-17,9979.99,,1.169,,5981.33,7475.13,,5749.64,7370.48,6073.33,,,6484.69,8761.32,2.96,16266.19,4.371,13203.05,4389.98,1.627,,1102.72,6.339,1.055,7228.6
2022-06-20,9905.57,,1.195,,6016.11,7557.38,,5783.09,7389.09,6103.81,,,6531.82,8723.59,3.008,16209.38,4.424,13195.03,4382.77,1.627,,1106.09,6.432,1.066,7192.5
2022-06-21,10000.82,,1.187,,6014.74,7481.5,,5779.8,7329.97,6089.36,,,6505.58,8738.33,2.996,16300.24,4.407,13196.42,4391.86,1.619,,1093.75,6.419,1.06,7240.59
2022-06-22,9874.74,,1.178,,5935.38,7385.77,,5707.65,7216.53,6008.95,,,6422.84,8622.29,2.974,16036.73,4.346,13033.49,4340.55,1.602,,1074.23,6.335,1.052,7136.51
2022-06-23,9959.55,,1.223,,6034.67,7556.17,,5806.63,7361.0,6117.02,,,6546.48,8742.62,3.07,16173.86,4.414,13230.77,4406.08,1.629,,1093.01,6.457,1.068,7236.53
2022-06-24,9926.86,,1.25,,6132.79,7652.27,,5876.26,7442.49,6189.02,,,6625.27,8738.73,3.137,16109.26,4.448,13379.38,4464.42,1.639,,1112.96,6.55,1.085,7242.08
2022-06-27,10032.6,,1.246,,6187.39,7731.23,,5942.86,7491.28,6252.05,,,6692.45,8817.89,3.14,16276.14,4.515,13517.5,4523.24,1.655,,1114.9,6.631,1.097,7291.41
2022-06-28,10084.17,,1.251,,6254.49,7816.66,,6005.55,7601.8,6324.3,,,6773.04,8897.01,3.155,16353.27,4.59,13655.95,4563.16,1.672,,1128.96,6.72,1.108,7328.94
2022-06-29,10127.17,,1.22,,6156.92,7619.8,,5916.52,7459.3,6224.59,,,6644.71,8865.6,3.074,16493.98,4.487,13498.9,4518.13,1.644,,1102.09,6.567,1.09,7319.93
2022-06-30,10210.36,,1.242,,6261.98,7725.81,,6008.25,7554.0,6316.91,,,6736.22,8903.19,3.128,16534.01,4.54,13710.18,4603.5,1.667,,1117.23,6.683,1.105,7381.4
2022-07-01,10168.96,,1.23,,6241.86,7725.05,,5983.74,7535.86,6293.67,,,6717.85,8937.14,3.092,16545.6,4.538,13652.57,4583.74,1.663,,1100.41,6.664,1.102,7375.23
2022-07-04,10123.94,,1.248,,6284.47,7815.71,,6023.08,7635.06,6344.98,,,6775.16,8968.29,3.15,16502.61,4.62,13695.37,4591.09,1.667,,1106.54,6.751,1.113,7378.88
2022-07-05,10129.66,,1.242,,6286.12,7771.66,,6014.58,7622.0,6335.57,,,6753.69,8981.21,3.138,16553.73,4.606,13702.49,4594.47,1.668,,1102.35,6.72,1.111,7384.46
2022-07-06,9992.04,,1.235,,6182.58,7682.08,,5927.94,7515.42,6244.95,,,6666.49,8811.01,3.122,16191.91,4.565,13477.58,4513.57,1.651,,1113.28,6.635,1.094,7260.51
2022-07-07,9975.77,,1.264,,6221.08,7779.98,,5955.84,7559.51,6276.08,,,6712.87,8879.0,3.172,16202.63,4.6,13479.26,4502.25,1.653,,1123.31,6.717,1.107,7266.68
2022-07-08,9986.71,,1.238,,6198.74,7736.08,,5940.22,7505.7,6252.83,,,6690.22,8890.52,3.129,16224.16,4.577,13458.59,4508.42,1.644,,1115.66,6.679,1.102,7285.98
2022-07-11,9979.58,,1.218,,6087.01,7618.15,,5844.16,7406.62,6156.18,,,6595.17,8780.22,3.082,16156.79,4.458,13261.1,4438.6,1.624,,1092.56,6.55,1.083,7240.63
2022-07-12,10034.65,,1.188,,6032.41,7492.55,,5796.11,7315.98,6099.6,,,6519.35,8796.36,3.004,16309.56,4.397,13202.69,4414.11,1.624,,1060.31,6.449,1.064,7276.64
2022-07-13,9801.72,,1.212,,6057.94,7554.09,,5807.57,7351.47,6115.87,,,6554.74,8810.95,3.053,16261.08,4.407,13188.03,4402.46,1.621,,1063.89,6.517,1.07,7211.6
2022-07-14,9601.96,,1.249,,6066.84,7649.66,,5809.35,7391.91,6125.39,,,6581.94,8714.6,3.133,16013.89,4.425,13147.3,4374.42,1.619,,1088.16,6.55,1.081,7095.37
2022-07-15,9514.7,,1.218,,5968.59,7575.29,,5724.22,7272.87,6033.48,,,6486.86,8537.79,3.07,15745.5,4.388,12965.94,4309.97,1.602,,1083.57,6.453,1.066,6963.12
2022-07-18,9643.41,,1.24,1.004,6041.08,7687.55,,5783.67,7409.66,6108.42,,,6584.61,8751.4,3.113,16096.16,4.393,13138.46,4369.54,1.629,,1080.61,6.489,1.07,7097.34
2022-07-19,9686.16,,1.21,1.01,5986.94,7749.11,,5752.59,7438.23,6089.29,,,6589.66,8785.61,3.059,16154.28,4.393,13090.86,4349.75,1.622,,1073.59,6.428,1.066,7101.46
2022-07-20,9732.31,,1.214,1.019,5998.78,7860.83,,5772.12,7527.19,6122.72,,,6638.99,8815.47,3.07,16174.03,4.41,13156.65,4362.62,1.636,,1091.53,6.441,1.077,7113.33
2022-07-21,9579.18,,1.207,1.013,5934.92,7822.48,,5711.85,7455.19,6060.11,,,6583.66,8697.88,3.059,15875.16,4.362,13001.08,4311.43,1.622,,1103.54,6.371,1.073,7000.07
2022-07-22,9623.72,,1.202,1.002,5941.68,7777.8,,5715.43,7387.61,6049.43,,,6569.08,8658.96,3.037,15865.16,4.349,13021.1,4329.33,1.617,,1097.13,6.365,1.064,7019.4
2022-07-25,9659.88,,1.196,0.999,5902.68,7683.18,,5681.29,7319.46,6008.48,,,6514.96,8651.04,3.012,15875.3,4.304,12944.89,4312.34,1.612,,1085.79,6.329,1.058,7007.64
2022-07-26,9745.95,,1.194,1.013,5943.99,7771.4,,5726.74,7409.57,6062.87,,,6578.36,8778.8,3.018,16103.27,4.348,13046.06,4338.75,1.622,,1096.81,6.379,1.066,7072.7
2022-07-27,9694.9,,1.194,1.027,5906.22,7851.15,,5698.49,7438.42,6046.07,,,6588.26,8786.7,3.021,16040.96,4.348,12973.52,4301.19,1.621,,1107.97,6.356,1.065,7031.8
2022-07-28,9677.15,,1.189,1.034,5904.39,7908.08,,5700.54,7461.24,6052.28,,,6608.68,8833.0,3.012,16091.25,4.371,12967.8,4298.84,1.622,,1121.55,6.362,1.063,7035.28
2022-07-29,9594.86,,1.17,1.034,5832.91,7872.34,,5627.26,7397.93,5981.01,,,6547.35,8760.51,2.972,15930.29,4.318,12825.13,4245.96,1.609,,1101.45,6.259,1.054,6976.77
2022-08-01,9495.73,,1.204,1.039,5863.27,7942.41,,5652.33,7461.22,6013.73,,,6587.42,8789.28,3.044,15940.97,4.368,12803.69,4229.77,1.609,,1112.85,6.337,1.061,6927.7
2022-08-02,9366.4,,1.181,1.003,5746.67,7696.33,,5542.14,7253.67,5884.06,,,6413.76,8541.68,2.984,15558.72,4.279,12550.64,4152.33,1.576,,1107.52,6.227,1.041,6782.42
2022-08-03,9258.37,,1.154,0.999,5683.7,7650.7,,5488.47,7200.22,5830.44,,,6360.42,8430.13,2.925,15352.82,4.233,12470.84,4121.87,1.566,,1113.01,6.138,1.034,6707.47
2022-08-04,9350.8,,1.162,1.012,5736.41,7699.05,,5535.16,7241.01,5875.94,,,6414.81,8476.72,2.938,15473.17,4.271,12591.44,4168.04,1.576,,1123.71,6.172,1.041,6766.21
2022-08-05,9442.62,,1.176,1.025,5817.44,7842.98,,5614.42,7373.01,5965.76,,,6509.47,8542.97,2.985,15554.96,4.335,12763.89,4220.23,1.598,,1170.83,6.265,1.057,6843.97
2022-08-08,9391.87,,1.174,1.039,5799.29,7938.23,,5603.1,7435.52,5969.24,,,6544.07,8678.47,2.974,15708.81,4.366,12737.92,4200.18,1.602,,1166.02,6.257,1.059,6844.14
2022-08-09,9346.34,,1.185,1.039,5824.68,7973.05,,5614.2,7457.17,5982.45,,,6563.29,8697.03,2.995,15755.85,4.371,12771.78,4204.61,1.607,,1175.87,6.269,1.062,6833.94
2022-08-10,9292.44,,1.167,1.046,5755.78,7978.44,,5551.66,7434.33,5927.87,,,6530.65,8659.57,2.955,15711.05,4.322,12640.13,4154.25,1.598,,1169.64,6.204,1.055,6793.22
2022-08-11,9459.77,,1.197,1.055,5876.01,8069.81,,5664.87,7572.41,6046.05,,,6640.69,8768.39,3.032,15903.69,4.425,12894.33,4239.59,1.624,,1186.82,6.348,1.074,6925.17
2022-08-12,9477.18,,1.183,1.044,5875.77,7997.39,,5662.27,7551.11,6039.7,,,6620.44,8828.28,2.993,16013.62,4.405,12909.64,4254.54,1.622,,1159.56,6.318,1.071,6954.08
2022-08-15,9357.4,,1.198,1.051,5888.07,8057.88,,5655.08,7576.93,6039.12,,,6636.81,8850.53,3.022,16009.68,4.41,12866.91,4232.9,1.622,,1157.08,6.337,1.074,6914.79
2022-08-16,9358.7,,1.204,1.06,5873.1,8103.39,,5644.55,7603.66,6036.06,,,6652.59,8898.71,3.038,16037.21,4.407,12832.98,4212.62,1.626,,1150.56,6.331,1.073,6913.79
2022-08-17,9458.42,,1.231,1.061,5932.23,8108.39,,5697.4,7637.0,6085.0,,,6691.23,8927.11,3.087,16108.71,4.45,12908.08,4237.86,1.634,,1145.51,6.426,1.08,6975.39
2022-08-18,9349.58,,1.227,1.067,5878.07,8133.99,,5647.84,7609.08,6039.78,,,6667.74,8851.03,3.085,15959.53,4.413,12805.24,4197.83,1.626,,1160.06,6.365,1.077,6898.53
2022-08-19,9392.35,,1.209,1.05,5836.3,8004.9,,5609.19,7518.51,5990.74,,,6597.28,8918.11,3.039,16114.08,4.353,12735.48,4184.75,1.622,,1121.43,6.291,1.068,6945.37
2022-08-22,9379.79,,1.23,1.06,5884.28,8064.84,,5650.17,7613.77,6042.58,,,6649.23,8996.34,3.092,16241.34,4.415,12788.18,4193.48,1.626,,1120.25,6.369,1.081,6960.76
2022-08-23,9298.17,,1.231,1.065,5857.7,8084.5,,5623.71,7606.46,6019.97,,,6643.69,9040.35,3.09,16246.74,4.395,12721.35,4163.04,1.622,,1120.34,6.36,1.072,6927.73
2022-08-24,9272.5,,1.185,1.033,5737.06,7789.48,,5517.44,7392.57,5892.14,,,6472.33,8877.97,2.979,16080.6,4.288,12545.19,4121.07,1.597,,1081.57,6.177,1.046,6887.27
2022-08-25,9401.87,,1.178,1.024,5781.21,7764.16,,5565.11,7437.85,5939.32,,,6495.16,9040.22,2.967,16470.8,4.277,12713.52,4188.83,1.607,,1068.32,6.191,1.047,7014.15
2022-08-26,9419.1,,1.162,1.017,5762.48,7724.23,,5555.92,7409.52,5926.29,,,6473.76,9000.3,2.94,16426.28,4.271,12703.93,4190.58,1.607,,1058.31,6.172,1.042,6988.57
2022-08-29,9310.1,,1.155,1.027,5739.62,7769.79,,5531.54,7423.67,5909.65,,,6477.96,9070.91,2.925,16542.5,4.244,12661.56,4161.06,1.603,,1066.7,6.12,1.037,6968.98
2022-08-30,9355.53,,1.147,1.02,5709.79,7721.23,,5512.97,7394.88,5889.03,,,6448.14,9017.48,2.908,16567.6,4.227,12627.13,4152.61,1.595,,1062.65,6.105,1.035,6972.97
2022-08-31,9501.82,,1.123,0.989,5714.78,7471.14,,5517.09,7241.82,5861.63,,,6356.99,8926.18,2.854,16478.8,4.157,12681.93,4206.1,1.586,,1041.78,6.052,1.024,7045.11
2022-09-01,9462.44,,1.108,0.983,5660.2,7433.91,,5469.61,7207.73,5816.85,,,6314.61,8985.71,2.822,16662.55,4.135,12581.54,4161.35,1.578,,1037.73,6.029,1.016,7024.96
2022-09-02,9444.09,,1.106,0.997,5630.97,7500.04,,5442.39,7234.38,5800.43,,,6328.69,8980.53,2.819,16626.43,4.128,12507.41,4129.16,1.581,,1042.25,5.995,1.017,6997.83
2022-09-05,9478.26,,1.112,0.999,5615.22,7515.83,,5431.32,7273.46,5799.41,,,6334.23,9115.43,2.826,16947.54,4.098,12497.19,4108.61,1.586,,1036.45,5.963,1.013,7053.1
2022-09-06,9443.04,,1.109,1.015,5658.91,7658.1,,5481.41,7401.6,5865.14,,,6420.23,9268.5,2.827,17134.27,4.148,12648.95,4149.32,1.607,,1047.98,6.003,1.021,7101.23
2022-09-07,9399.24,,1.123,1.019,5666.87,7706.66,,5485.07,7413.36,5870.42,,,6437.9,9242.44,2.856,17148.67,4.162,12630.67,4128.28,1.603,,1061.94,6.012,1.021,7077.54
2022-09-08,9440.46,,1.101,1.01,5632.64,7633.15,,5461.86,7379.26,5845.03,,,6397.21,9209.21,2.804,17168.42,4.134,12614.58,4125.01,1.597,,1053.03,5.959,1.018,7080.13
2022-09-09,9596.75,,1.114,1.01,5722.25,7651.39,,5537.75,7431.49,5916.16,,,6446.37,9306.12,2.837,17378.32,4.177,12793.0,4200.09,1.614,,1045.95,6.044,1.027,7196.4
2022-09-13,9675.51,,1.114,1.006,5747.02,7640.87,,5561.19,7412.47,5931.09,,,6458.61,9243.35,2.835,17276.8,4.2,12818.6,4217.86,1.612,,1043.31,6.079,1.03,7203.69
2022-09-14,9595.23,,1.089,0.996,5675.84,7558.4,,5499.3,7353.1,5869.71,,,6391.42,9166.68,2.785,17148.2,4.168,12694.78,4181.6,1.602,,1043.45,5.997,1.023,7136.15
2022-09-15,9702.98,,1.053,0.977,5619.77,7325.58,,5447.86,7185.84,5795.08,,,6274.79,9149.68,2.691,17232.47,4.078,12630.74,4179.1,1.586,,1011.85,5.896,1.001,7180.48
2022-09-16,9508.04,,1.025,0.95,5492.93,7172.92,,5320.11,7005.49,5656.81,,,6128.44,8866.12,2.631,16717.15,4.007,12319.62,4078.95,1.55,,1010.27,5.786,0.983,6965.37
2022-09-19,9545.59,,1.019,0.935,5490.36,7082.78,,5314.39,6956.84,5642.49,,,6093.85,8871.17,2.618,16720.28,4.001,12310.81,4082.62,1.545,,987.03,5.769,0.983,6964.0
2022-09-20,9453.84,,1.03,0.951,5494.94,7173.9,,5321.5,7009.95,5658.81,,,6136.57,8879.4,2.631,16635.39,4.031,12315.83,4075.11,1.545,,996.75,5.79,0.984,6906.76
2022-09-21,9492.61,,1.015,0.953,5441.23,7172.38,,5282.12,7033.82,5632.12,,,6119.22,8951.13,2.595,16773.36,3.997,12244.48,4042.09,1.547,,981.82,5.727,0.987,6921.89
2022-09-22,9467.88,,1.011,0.956,5384.14,7179.83,,5235.68,7018.88,5592.01,,,6087.12,8941.2,2.58,16701.7,3.957,12164.92,4007.28,1.538,,987.36,5.663,0.982,6888.54
2022-09-23,9508.62,,1.003,0.936,5366.8,7043.23,,5217.65,6929.14,5559.6,,,6020.76,8846.99,2.565,16557.51,3.913,12141.4,4007.95,1.533,,972.25,5.623,0.971,6894.66
2022-09-26,9357.18,,1.015,0.921,5347.36,6954.59,,5191.61,6831.15,5519.15,,,5963.38,8687.03,2.581,16264.08,3.906,12033.44,3985.22,1.514,,973.15,5.638,0.962,6776.28
2022-09-27,9390.79,,1.036,0.94,5421.97,7094.29,,5266.87,6965.98,5606.33,,,6069.04,8790.21,2.642,16437.29,3.955,12178.29,4027.93,1.532,,987.94,5.735,0.969,6814.12
2022-09-28,9401.52,,1.008,0.915,5321.3,6874.41,,5181.47,6788.98,5502.59,,,5932.7,8681.95,2.576,16293.04,3.872,12002.25,3980.78,1.509,,967.44,5.629,0.967,6749.32
2022-09-29,9291.25,,1.018,0.915,5331.96,6894.25,,5179.35,6791.94,5501.49,,,5927.96,8640.85,2.597,16161.97,3.876,11984.55,3976.2,1.511,,972.79,5.619,0.954,6685.15
2022-09-30,9350.1,,0.995,0.9,5298.95,6779.81,,5149.23,6723.9,5463.77,,,5870.7,8690.34,2.544,16231.38,3.822,11960.64,3977.93,1.506,,950.44,5.558,0.963,6736.89
2022-10-10,9226.86,,0.972,0.882,5185.35,6624.44,,5035.62,6631.7,5354.48,,,5751.57,8665.41,2.481,16301.58,3.729,11707.19,3878.77,1.48,,907.9,5.425,0.947,6702.79
2022-10-11,9199.1,,0.987,0.887,5204.61,6661.21,,5044.76,6689.12,5373.29,,,5778.87,8666.56,2.511,16280.86,3.741,11707.37,3870.99,1.484,,903.25,5.454,0.939,6688.01
2022-10-12,9240.08,,1.028,0.92,5282.78,6854.85,,5121.38,6849.09,5466.61,,,5901.42,8787.91,2.605,16490.78,3.808,11829.43,3893.97,1.504,,935.8,5.574,0.95,6766.51
2022-10-13,9095.1,,1.028,0.927,5222.99,6920.79,,5079.17,6860.72,5435.19,,,5896.15,8708.01,2.614,16335.83,3.797,11719.43,3846.13,1.497,,937.43,5.536,0.949,6685.22
2022-10-14,9187.99,,1.067,0.948,5365.3,7091.52,,5200.7,7029.12,5566.1,,,6036.26,8808.35,2.709,16448.38,3.892,11973.96,3939.17,1.525,,966.17,5.695,0.964,6758.04
2022-10-17,9174.44,,1.062,0.962,5371.72,7164.57,,5206.04,7078.72,5580.31,,,6072.4,8810.84,2.706,16386.52,3.914,11988.49,3940.41,1.526,,974.56,5.686,0.968,6760.56
2022-10-18,9160.64,,1.066,0.963,5358.38,7204.48,,5195.02,7102.35,5576.23,,,6078.73,8820.49,2.719,16330.09,3.919,11938.27,3916.74,1.523,,971.3,5.691,0.97,6734.97
2022-10-19,9056.1,,1.062,0.96,5268.71,7152.21,,5111.46,7028.27,5494.6,,,6004.2,8749.86,2.698,16250.93,3.863,11750.38,3840.44,1.509,,960.68,5.598,0.954,6659.42
2022-10-20,9029.89,,1.049,0.95,5231.77,7117.4,,5085.05,7000.2,5467.86,,,5974.48,8667.31,2.677,16125.05,3.83,11702.81,3818.38,1.506,,975.3,5.558,0.961,6631.44
2022-10-21,8992.49,,1.046,0.952,5210.06,7120.31,,5068.89,7009.63,5456.84,,,5968.15,8708.32,2.659,16182.41,3.824,11682.41,3796.59,1.502,,979.38,5.537,0.947,6631.56
2022-10-24,8746.25,,1.017,0.944,5046.39,7060.65,,4920.58,6939.05,5324.15,,,5850.02,8519.88,2.596,15814.4,3.751,11334.99,3652.15,1.473,,980.91,5.374,0.926,6450.77
2022-10-25,8731.21,,1.007,0.945,5032.22,7035.57,,4912.56,6907.14,5311.34,,,5837.44,8485.35,2.567,15727.1,3.753,11352.23,3655.7,1.475,,982.77,5.334,0.922,6452.92
2022-10-26,8649.37,,1.033,0.96,5069.91,7186.33,,4952.44,7026.95,5367.24,,,5916.88,8464.27,2.637,15607.25,3.793,11406.39,3664.24,1.484,,1015.07,5.408,0.933,6423.88
2022-10-27,8629.69,,1.015,0.958,5034.54,7153.03,,4917.56,7016.84,5337.34,,,5884.28,8487.01,2.595,15684.12,3.786,11341.78,3634.85,1.477,,1016.74,5.37,0.935,6418.91
2022-10-28,8571.35,,0.978,0.927,4887.37,6907.63,,4795.92,6804.0,5197.44,,,5709.9,8262.69,2.505,15410.19,3.673,11105.95,3551.93,1.443,,1005.42,5.213,0.912,6303.65
2022-10-31,8463.11,,0.983,0.934,4841.99,6965.96,,4751.83,6833.78,5168.18,,,5706.13,8143.4,2.523,15025.68,3.67,10976.87,3504.58,1.439,,1022.22,5.169,0.902,6176.45
2022-11-01,8604.92,,1.017,0.958,5031.1,7128.91,,4921.76,6991.52,5335.61,,,5876.42,8250.76,2.606,15170.16,3.794,11367.6,3658.3,1.467,,1036.58,5.374,0.947,6312.86
2022-11-02,8599.05,,1.037,0.967,5092.47,7222.66,,4980.85,7058.19,5396.21,,,5949.52,8353.2,2.641,15368.57,3.855,11481.68,3691.42,1.48,,1049.39,5.46,0.949,6345.25
2022-11-03,8525.48,,1.035,0.972,5043.08,7269.52,,4940.34,7056.92,5363.58,,,5938.06,8308.22,2.645,15244.26,3.827,11378.51,3644.3,1.484,,1060.41,5.41,0.937,6285.32
2022-11-04,8691.65,,1.073,0.992,5220.01,7427.61,,5101.88,7217.84,5524.96,,,6096.81,8479.96,2.73,15501.78,3.967,11727.02,3767.67,1.513,,1085.5,5.611,0.963,6438.79
2022-11-07,8685.99,,1.072,0.992,5238.39,7432.03,,5112.88,7227.19,5535.62,,,6112.75,8541.33,2.725,15576.98,3.956,11751.05,3782.16,1.516,,1073.85,5.606,0.967,6466.57
2022-11-08,8679.56,,1.065,0.996,5205.0,7411.35,,5077.71,7218.77,5505.82,,,6086.46,8550.42,2.707,15581.03,3.937,11686.8,3753.65,1.508,,1064.09,5.564,0.967,6452.99
2022-11-09,8683.25,,1.045,0.996,5147.85,7390.37,,5030.6,7202.97,5465.01,,,6054.77,8559.73,2.665,15563.24,3.896,11593.69,3725.04,1.502,,1049.74,5.492,0.961,6442.09
2022-11-10,8699.0,,1.027,0.99,5091.95,7309.89,,4991.89,7166.33,5426.73,,,6011.74,8556.58,2.621,15590.68,3.835,11568.63,3724.99,1.501,,1035.11,5.405,0.939,6444.45
2022-11-11,8992.31,,1.053,0.993,5251.98,7354.39,,5131.06,7224.0,5549.51,,,6108.48,8746.79,2.669,15994.37,3.911,11872.95,3843.64,1.526,,1035.31,5.564,0.962,6656.32
2022-11-14,9177.58,,1.037,0.986,5263.13,7306.04,,5138.61,7213.28,5553.4,,,6100.4,8772.16,2.637,15946.77,3.894,11913.94,3874.55,1.532,,1034.96,5.551,0.957,6732.13
2022-11-15,9202.26,,1.068,1.006,5371.11,7475.25,,5236.07,7339.04,5656.51,,,6220.22,8857.21,2.705,16024.37,3.978,12125.35,3943.89,1.555,,1064.43,5.68,0.979,6813.35
2022-11-16,9140.15,,1.051,0.999,5327.52,7419.37,,5193.29,7300.84,5614.66,,,6178.68,8824.82,2.669,15972.11,3.935,12054.15,3927.35,1.542,,1048.69,5.615,0.975,6770.11
2022-11-17,9077.65,,1.041,1.004,5294.73,7433.17,,5172.0,7316.47,5600.78,,,6174.94,8789.94,2.653,15917.13,3.933,11999.77,3907.7,1.54,,1053.94,5.591,0.967,6746.56
2022-11-18,9025.25,,1.045,0.997,5278.41,7371.06,,5148.92,7286.86,5576.4,,,6141.05,8732.25,2.652,15826.56,3.911,11938.72,3887.4,1.53,,1044.14,5.579,0.972,6703.18
2022-11-21,8997.9,1044.25,1.042,1.001,5232.14,7405.3,,5104.98,7284.58,5540.83,,,6126.11,8736.92,2.657,15764.77,3.898,11826.81,3838.77,1.52,,1044.63,5.539,0.962,6654.82
2022-11-22,9161.75,1028.34,1.024,0.984,5225.28,7287.85,,5105.59,7208.89,5526.13,,,6085.15,8745.89,2.604,15934.39,3.842,11896.31,3863.94,1.521,,1029.8,5.475,0.959,6770.54
2022-11-23,9196.15,1034.88,1.023,0.979,5228.17,7271.03,,5110.98,7197.36,5528.12,,,6077.87,8766.57,2.599,16040.72,3.826,11934.41,3870.32,1.53,,1028.99,5.465,0.95,6802.67
2022-11-24,9177.66,1041.12,1.022,0.983,5204.73,7291.91,,5088.33,7202.61,5511.08,,,6072.87,8829.42,2.594,16113.26,3.82,11870.47,3847.48,1.521,,1027.31,5.461,0.948,6782.71
2022-11-25,9394.17,1033.41,1.01,0.975,5230.5,7209.22,,5114.02,7164.71,5524.01,,,6058.75,8939.46,2.568,16424.57,3.798,11970.65,3884.19,1.532,,1011.76,5.441,0.942,6937.55
2022-11-28,9224.52,1023.53,1.005,0.971,5160.9,7187.69,,5056.56,7126.37,5470.4,,,6014.88,8901.56,2.558,16335.59,3.761,11821.38,3821.62,1.525,,1004.5,5.399,0.939,6829.74
2022-11-29,9646.51,1039.03,1.022,0.988,5328.78,7300.18,,5212.57,7254.4,5620.75,,,6157.22,9157.27,2.598,16819.38,3.832,12210.14,3980.57,1.561,,1014.25,5.539,0.959,7087.22
2022-11-30,9598.8,1034.5,1.021,0.987,5335.53,7295.73,,5218.82,7245.37,5623.93,,,6160.26,9140.18,2.595,16790.19,3.841,12207.88,3978.72,1.559,,1012.04,5.549,0.957,7072.55
2022-12-01,9545.25,1032.53,1.04,0.996,5403.32,7371.36,,5275.34,7280.63,5676.17,,,6216.84,9092.91,2.648,16677.42,3.894,12288.5,4016.37,1.564,,1021.21,5.649,0.973,7067.06
2022-12-02,9473.3,1031.83,1.042,0.999,5367.79,7395.85,,5243.08,7259.34,5646.12,,,6205.94,9063.72,2.653,16553.2,3.882,12217.01,3991.04,1.561,,1020.01,5.627,0.97,7007.57
2022-12-05,9735.77,1021.54,1.04,1.005,5464.43,7433.29,,5345.92,7314.78,5739.42,,,6285.86,9195.68,2.65,16831.76,3.914,12502.31,4084.96,1.593,,1015.41,5.695,0.978,7252.78
2022-12-06,9722.11,1015.37,1.046,0.999,5495.73,7421.32,,5374.86,7310.22,5761.63,,,6294.5,9150.03,2.657,16758.63,3.945,12527.22,4098.25,1.588,,1014.95,5.754,0.99,7229.19
2022-12-07,9615.75,1010.17,1.059,1.0,5490.57,7423.24,,5361.64,7301.7,5749.36,,,6287.35,9097.16,2.684,16660.57,3.961,12451.22,4076.57,1.579,,1012.25,5.775,0.988,7145.61
2022-12-08,9694.2,1008.49,1.06,0.994,5490.81,7375.7,,5362.64,7280.84,5745.97,,,6274.22,9116.37,2.678,16716.35,3.939,12459.59,4080.01,1.581,,1009.06,5.777,0.986,7172.49
2022-12-09,9797.55,1010.08,1.064,0.995,5555.46,7395.66,,5415.56,7287.92,5789.68,,,6306.83,9196.41,2.69,16641.66,3.972,12563.53,4131.67,1.586,,1013.48,5.843,0.997,7238.74
2022-12-12,9602.7,1002.84,1.05,0.993,5499.74,7368.32,,5354.87,7243.8,5732.52,,,6260.27,9064.85,2.673,16415.73,3.948,12420.68,4081.6,1.573,,1016.45,5.775,0.99,7089.09
2022-12-13,9679.84,999.74,1.039,0.985,5477.88,7299.67,,5344.36,7204.78,5716.17,,,6235.49,9107.23,2.641,16500.97,3.92,12413.73,4086.12,1.571,,1000.95,5.744,0.98,7119.44
2022-12-14,9716.19,997.55,1.035,0.98,5488.97,7273.49,,5360.44,7175.03,5722.79,,,6233.28,9072.69,2.634,16437.35,3.915,12450.62,4108.33,1.571,,995.81,5.767,0.979,7126.85
2022-12-15,9598.57,1001.4,1.053,0.983,5498.92,7303.99,,5356.51,7181.5,5721.01,,,6240.99,8980.51,2.665,16263.99,3.93,12409.06,4091.23,1.569,,1000.84,5.779,0.983,7057.35
2022-12-16,9714.62,1002.67,1.039,0.975,5496.31,7217.64,,5359.54,7147.35,5716.4,,,6213.28,9074.64,2.633,16442.94,3.898,12445.94,4111.26,1.566,,989.88,5.744,0.975,7132.38
2022-12-19,9556.01,993.39,1.027,0.955,5420.45,7075.2,,5276.86,6986.83,5617.87,,,6097.8,8888.25,2.605,16157.22,3.853,12219.48,4046.86,1.538,,967.44,5.687,0.961,6975.3
2022-12-20,9419.9,988.93,1.015,0.946,5325.47,7020.74,,5189.84,6918.05,5534.77,,,6025.53,8798.64,2.57,15994.02,3.799,12044.88,3975.46,1.523,,963.98,5.587,0.947,6892.68
2022-12-21,9467.8,982.92,1.012,0.94,5328.19,6962.68,,5191.9,6880.15,5528.62,,,6005.01,8802.51,2.566,15986.49,3.79,12052.08,3987.59,1.52,,951.91,5.585,0.944,6902.48
2022-12-22,9502.09,965.92,1.005,0.925,5333.54,6849.53,,5199.34,6801.56,5518.36,,,5966.44,8740.52,2.56,15895.01,3.775,12054.14,4006.46,1.516,,941.76,5.604,0.942,6903.61
2022-12-23,9463.59,952.6,1.001,0.918,5324.19,6820.54,,5188.75,6783.28,5506.21,,,5949.31,8729.51,2.546,15833.63,3.762,12032.83,4000.53,1.508,,931.19,5.593,0.944,6895.32
2022-12-26,9417.55,955.54,1.023,0.936,5345.09,6947.61,,5209.8,6877.33,5542.23,,,6012.5,8708.01,2.591,15809.56,3.819,12053.79,3987.75,1.516,,962.31,5.627,0.947,6857.49
2022-12-27,9581.49,954.09,1.034,0.941,5405.8,7003.08,,5273.97,6927.24,5603.33,,,6068.91,8798.6,2.627,16000.08,3.857,12194.9,4034.27,1.528,,974.47,5.71,0.959,6953.6
2022-12-28,9676.37,949.79,1.024,0.931,5380.47,6939.8,,5251.47,6899.51,5579.8,,,6030.08,8813.21,2.597,16011.02,3.819,12193.72,4043.24,1.523,,968.54,5.653,0.95,6973.66
2022-12-29,9623.32,946.67,1.029,0.929,5360.58,6932.45,,5231.71,6894.64,5563.14,,,6011.88,8734.48,2.609,15889.65,3.807,12133.98,4018.36,1.52,,973.58,5.646,0.95,6911.6
2022-12-30,9683.0,956.54,1.029,0.937,5373.12,6954.36,,5251.97,6902.95,5580.9,,,6036.63,8793.51,2.611,15998.07,3.811,12187.74,4038.56,1.528,,971.21,5.655,0.951,6970.16
2023-01-03,9727.77,962.2,1.029,0.957,5407.57,7111.66,,5274.03,7010.57,5620.52,,,6111.88,8850.5,2.622,16089.92,3.845,12248.13,4048.02,1.544,,991.45,5.668,0.959,7008.08
2023-01-04,9921.29,962.58,1.017,0.961,5409.42,7108.97,,5280.88,7006.52,5625.11,,,6118.93,8920.35,2.597,16206.32,3.812,12279.68,4062.7,1.545,,983.83,5.659,0.956,7109.41
2023-01-05,9909.57,966.44,1.053,0.968,5530.99,7180.04,,5383.48,7074.8,5720.44,,,6202.77,8944.62,2.669,16199.49,3.893,12465.54,4138.26,1.564,,995.1,5.822,0.976,7140.8
2023-01-06,9891.75,969.63,1.065,0.969,5552.26,7196.48,,5400.17,7077.57,5734.24,,,6212.55,8926.06,2.692,16181.94,3.895,12514.12,4158.68,1.564,,1002.76,5.843,0.979,7146.24
2023-01-09,9909.52,975.42,1.071,0.97,5596.09,7235.7,,5443.9,7109.59,5775.47,,,6254.76,8921.06,2.709,16175.48,3.913,12613.64,4202.46,1.574,,1000.31,5.881,0.99,7182.82
2023-01-10,9799.64,975.5,1.091,0.97,5607.53,7240.63,,5449.8,7119.34,5782.15,,,6259.46,8870.52,2.751,16063.99,3.925,12586.45,4189.31,1.571,,1001.97,5.906,0.993,7114.01
2023-01-11,9892.01,974.62,1.08,0.961,5603.17,7181.63,,5440.1,7079.15,5766.2,,,6230.52,8918.45,2.72,16125.06,3.901,12594.82,4199.39,1.566,,985.43,5.887,0.988,7179.34
2023-01-12,9894.5,972.91,1.084,0.964,5617.72,7184.58,,5450.74,7080.48,5774.9,,,6236.84,8883.98,2.729,16100.54,3.917,12606.41,4202.07,1.571,,985.66,5.908,0.99,7183.15
2023-01-13,9999.34,975.77,1.096,0.966,5697.21,7215.52,,5527.4,7130.39,5845.91,,,6293.88,8960.22,2.769,16253.04,3.95,12765.91,4271.66,1.59,,985.78,6.006,1.0,7266.79
2023-01-16,10019.74,984.49,1.12,0.976,5790.36,7297.8,,5613.66,7211.01,5930.83,,,6375.47,8994.7,2.82,16306.84,3.999,12946.54,4343.59,1.602,,1004.3,6.103,1.015,7319.59
2023-01-17,10015.85,986.16,1.123,0.978,5790.46,7304.1,,5612.68,7218.61,5931.62,,,6373.72,8981.13,2.83,16274.56,4.008,12927.03,4332.46,1.602,,1015.49,6.111,1.016,7303.76
2023-01-18,10021.37,995.85,1.121,0.984,5781.29,7321.27,,5603.28,7240.76,5928.73,,,6378.66,8991.41,2.827,16335.57,4.013,12890.5,4306.5,1.602,,1018.6,6.115,1.018,7299.22
2023-01-19,10025.15,1002.21,1.136,0.989,5822.39,7391.1,,5638.14,7302.99,5969.15,,,6421.05,9027.72,2.859,16380.55,4.045,12945.47,4322.93,1.612,,1035.7,6.168,1.027,7329.66
2023-01-20,10045.03,1016.92,1.141,1.0,5869.11,7458.48,,5672.76,7358.44,6007.98,,,6468.58,9116.3,2.872,16524.35,4.067,13041.46,4347.45,1.624,,1041.25,6.187,1.032,7396.89
2023-01-30,10074.93,1020.2,1.152,1.01,5899.97,7513.39,,5699.65,7395.99,6037.0,,,6514.33,9083.78,2.902,16515.29,4.121,13035.32,4351.0,1.624,,1043.75,6.259,1.043,7375.94
2023-01-31,9977.46,1079.32,1.139,1.015,5844.76,7534.23,,5639.29,7402.84,5990.6,,,6488.42,9103.87,2.872,16547.15,4.1,12920.22,4303.23,1.617,,1026.3,6.183,1.035,7335.22
2023-02-01,9927.93,1084.0,1.155,1.036,5902.99,7657.61,,5692.3,7493.19,6051.18,,,6568.54,9131.89,2.906,16629.69,4.158,13014.34,4323.03,1.634,,1038.48,6.25,1.046,7372.95
2023-02-02,9874.33,1064.67,1.145,1.042,5881.2,7675.89,,5672.25,7498.17,6036.32,,,6564.7,9146.77,2.892,16640.53,4.15,12979.47,4309.2,1.629,,1043.82,6.213,1.047,7334.46
2023-02-03,9780.55,1063.04,1.132,1.039,5818.44,7666.86,,5618.64,7467.03,5987.44,,,6528.1,9065.72,2.864,16512.19,4.133,12841.24,4252.42,1.619,,1046.04,6.172,1.038,7255.52
2023-02-06,9691.32,1049.57,1.113,1.034,5737.51,7629.6,,5544.36,7418.36,5918.58,,,6472.95,9014.76,2.827,16479.33,4.095,12675.06,4191.43,1.609,,1036.49,6.073,1.025,7172.74
2023-02-07,9723.99,1052.97,1.111,1.041,5742.34,7666.03,,5554.34,7435.9,5930.09,,,6494.31,9062.85,2.819,16547.62,4.083,12706.56,4199.77,1.612,,1032.18,6.077,1.026,7215.63
2023-02-08,9705.99,1049.99,1.105,1.034,5720.48,7614.44,,5529.79,7378.27,5898.79,,,6459.25,9022.43,2.803,16448.64,4.073,12654.49,4185.68,1.603,,1022.59,6.041,1.021,7189.07
2023-02-09,9737.83,1054.99,1.126,1.055,5791.5,7748.91,,5604.02,7479.83,5978.49,,,6549.85,9089.07,2.856,16587.64,4.132,12806.72,4232.61,1.626,,1049.07,6.141,1.043,7244.65
2023-02-10,9727.38,1052.09,1.114,1.049,5748.85,7722.57,,5570.72,7455.93,5947.19,,,6522.7,9093.19,2.824,16629.97,4.092,12739.99,4209.39,1.617,,1036.6,6.092,1.037,7229.92
2023-02-13,9651.45,1068.37,1.123,1.061,5803.91,7807.58,,5621.27,7514.28,5999.25,,,6584.52,9125.57,2.858,16691.13,4.119,12827.32,4241.68,1.629,,1036.09,6.162,1.047,7239.89
2023-02-14,9691.2,1063.7,1.118,1.059,5803.5,7817.85,,5623.6,7530.04,6004.33,,,6589.64,9172.55,2.853,16780.83,4.11,12862.26,4255.77,1.632,,1034.71,6.151,1.047,7269.27
2023-02-15,9600.21,1058.96,1.107,1.061,5770.34,7820.23,,5594.3,7514.9,5978.0,,,6575.28,9116.18,2.827,16732.66,4.088,12777.74,4218.0,1.627,,1036.27,6.12,1.043,7218.64
2023-02-16,9587.81,1045.63,1.094,1.039,5734.39,7667.01,,5553.32,7403.23,5922.57,,,6485.11,9037.96,2.791,16646.36,4.048,12706.18,4203.39,1.61,,1017.01,6.041,1.029,7191.68
2023-02-17,9510.7,1039.61,1.065,1.03,5639.59,7604.28,,5473.31,7341.93,5846.57,,,6415.26,9049.46,2.724,16592.02,3.98,12568.44,4159.69,1.598,,997.95,5.948,1.013,7132.38
2023-02-20,9761.97,1045.72,1.08,1.041,5785.1,7704.82,,5607.59,7469.84,5979.27,,,6538.66,9252.1,2.753,16987.72,4.05,12898.11,4273.26,1.641,,1010.59,6.077,1.033,7358.19
2023-02-21,9772.02,1043.24,1.072,1.05,5806.51,7739.27,,5622.33,7513.81,5999.99,,,6563.1,9356.43,2.744,17154.72,4.054,12967.45,4294.31,1.644,,1007.45,6.063,1.035,7406.67
2023-02-22,9699.64,1034.74,1.061,1.051,5739.38,7748.08,,5571.59,7503.97,5957.76,,,6535.33,9361.99,2.723,17158.98,4.024,12842.21,4244.06,1.636,,1001.3,6.018,1.028,7338.14
2023-02-23,9708.75,1028.0,1.068,1.044,5735.07,7713.04,,5567.11,7486.61,5950.64,,,6522.56,9374.65,2.732,17162.4,4.024,12826.72,4241.29,1.632,,1004.15,6.027,1.027,7338.63
2023-02-24,9630.11,1023.35,1.051,1.043,5667.29,7688.73,,5509.31,7463.69,5900.13,,,6479.76,9336.57,2.7,17121.76,3.998,12692.29,4180.07,1.622,,1002.29,5.955,1.019,7269.03
2023-02-27,9583.25,1018.89,1.044,1.036,5636.24,7632.79,,5487.24,7424.09,5874.5,,,6443.68,9326.84,2.681,17044.68,3.96,12663.85,4173.93,1.619,,997.89,5.925,1.012,7232.98
2023-02-28,9619.3,1027.99,1.053,1.049,5676.18,7700.63,,5522.0,7483.33,5914.22,,,6492.77,9368.21,2.702,17140.18,3.986,12737.59,4194.73,1.636,,1002.13,5.97,1.02,7285.79
2023-03-01,9731.91,1035.15,1.056,1.059,5765.57,7752.88,,5600.0,7535.84,5986.82,,,6562.17,9431.66,2.717,17265.43,4.021,12909.97,4250.66,1.655,,1006.34,6.031,1.03,7419.36
2023-03-02,9760.94,1032.1,1.043,1.051,5748.68,7719.15,,5587.51,7512.4,5972.11,,,6542.19,9473.65,2.689,17372.48,4.003,12909.3,4243.7,1.65,,1000.54,6.005,1.024,7452.7
2023-03-03,9841.98,1026.17,1.047,1.047,5761.81,7714.32,,5604.9,7521.92,5987.84,,,6551.82,9514.61,2.694,17529.73,4.004,12968.06,4251.97,1.656,,1010.66,6.003,1.026,7523.4
2023-03-06,9691.6,1020.33,1.052,1.053,5732.91,7746.54,,5575.67,7527.69,5965.87,,,6542.76,9470.06,2.705,17501.2,4.008,12873.81,4205.44,1.651,,1019.5,5.984,1.025,7420.1
2023-03-07,9699.25,1008.59,1.031,1.032,5645.69,7589.66,,5494.04,7397.13,5874.34,,,6430.38,9413.47,2.649,17441.68,3.942,12722.75,4157.97,1.629,,1002.24,5.868,1.009,7368.1
2023-03-08,9641.66,1005.4,1.029,1.037,5618.15,7629.64,,5474.03,7417.39,5862.66,,,6437.16,9406.08,2.644,17439.14,3.928,12677.1,4125.43,1.636,,1006.6,5.845,1.004,7342.8
2023-03-09,9582.32,1007.6,1.026,1.039,5604.36,7631.19,,5454.68,7399.08,5843.56,,,6424.71,9375.99,2.638,17389.5,3.916,12606.17,4094.64,1.629,,1010.06,5.845,1.004,7308.89
2023-03-10,9452.4,999.89,1.026,1.027,5535.83,7526.57,,5383.15,7303.67,5767.26,,,6338.23,9208.7,2.635,17083.06,3.863,12422.91,4040.31,1.609,,1005.25,5.777,0.99,7187.99
2023-03-13,9476.68,996.15,1.017,1.029,5593.06,7564.57,,5439.53,7350.87,5821.64,,,6385.85,9320.19,2.62,17316.94,3.885,12583.24,4082.68,1.624,,1010.67,5.807,0.992,7292.05
2023-03-14,9405.3,984.59,1.009,1.022,5562.06,7495.08,,5406.98,7285.42,5782.39,,,6333.52,9243.08,2.607,17213.51,3.864,12513.34,4053.68,1.615,,1025.32,5.762,0.988,7230.77
2023-03-15,9494.78,986.73,1.004,1.028,5565.47,7532.3,,5409.97,7326.91,5793.29,,,6355.85,9354.8,2.598,17511.01,3.866,12544.72,4058.69,1.626,,1019.16,5.754,0.987,7308.92
2023-03-16,9511.04,968.64,0.991,1.013,5485.15,7406.43,,5345.18,7228.26,5721.67,,,6267.41,9268.04,2.558,17346.77,3.789,12407.89,4019.52,1.617,,1004.12,5.67,0.971,7253.49
2023-03-17,9493.82,971.63,0.984,1.02,5515.6,7458.01,,5371.87,7278.11,5753.07,,,6305.44,9323.25,2.552,17566.82,3.814,12480.8,4028.35,1.631,,1027.72,5.676,0.979,7326.7
2023-03-20,9471.44,963.95,0.986,1.016,5482.98,7441.5,,5345.08,7251.24,5726.31,,,6280.99,9279.24,2.55,17513.46,3.82,12396.94,4010.21,1.621,,1037.39,5.667,0.975,7260.23
2023-03-21,9445.27,975.0,1.007,1.034,5553.42,7538.85,,5403.83,7338.72,5790.86,,,6358.86,9277.86,2.595,17444.03,3.868,12498.31,4050.99,1.631,,1042.31,5.739,0.989,7250.43
2023-03-22,9536.55,980.38,1.004,1.039,5580.2,7573.1,,5426.99,7379.99,5817.69,,,6389.72,9321.65,2.601,17558.55,3.907,12531.34,4063.52,1.639,,1046.22,5.786,0.994,7306.52
2023-03-23,9602.58,968.67,1.01,1.041,5626.7,7604.66,,5480.79,7422.39,5869.04,,,6429.83,9329.38,2.621,17570.13,3.953,12639.07,4089.77,1.646,,1071.45,5.836,1.003,7375.57
2023-03-24,9501.05,982.26,1.011,1.045,5606.3,7603.69,,5464.45,7427.5,5857.14,,,6423.05,9253.31,2.631,17442.67,3.978,12564.82,4066.2,1.632,,1073.48,5.853,1.006,7284.79
2023-03-27,9409.92,982.36,1.021,1.047,5589.24,7624.43,,5444.68,7429.26,5841.84,,,6417.06,9178.21,2.661,17293.77,3.98,12496.12,4045.26,1.631,,1069.94,5.855,1.005,7210.97
2023-03-28,9452.66,972.55,1.009,1.042,5561.64,7556.56,,5427.09,7391.98,5820.24,,,6380.77,9181.51,2.633,17343.65,3.953,12482.83,4043.9,1.629,,1050.85,5.813,0.998,7215.77
2023-03-29,9420.16,970.91,1.01,1.037,5572.45,7535.41,,5436.08,7369.35,5822.71,,,6374.22,9154.94,2.631,17249.03,3.961,12475.88,4040.05,1.627,,1074.64,5.843,0.997,7180.31
2023-03-30,9488.26,969.35,1.017,1.036,5619.94,7536.92,,5480.21,7400.02,5863.99,,,6398.25,9212.33,2.65,17344.73,3.987,12579.67,4082.94,1.632,,1078.24,5.9,1.004,7247.02
2023-03-31,9442.66,973.4,1.02,1.046,5638.07,7612.39,,5497.03,7463.17,5890.3,,,6440.64,9243.09,2.666,17399.51,4.031,12609.28,4079.43,1.641,,1094.27,5.915,1.012,7247.24
2023-04-03,9455.97,971.51,1.035,1.057,5686.02,7708.04,,5550.83,7550.27,5950.83,,,6510.4,9285.03,2.711,17554.17,4.08,12697.66,4085.26,1.651,,1139.75,5.989,1.026,7299.84
2023-04-04,9510.73,963.18,1.023,1.052,5686.75,7698.25,,5567.84,7544.49,5963.13,,,6505.68,9318.28,2.692,17661.12,4.055,12775.75,4100.88,1.656,,1142.38,5.969,1.024,7376.28
2023-04-06,9474.25,954.59,1.022,1.049,5679.34,7731.56,,5559.07,7553.84,5958.1,,,6503.87,9260.15,2.697,17509.01,4.064,12753.37,4086.37,1.656,,1160.47,5.95,1.024,7353.01
2023-04-07,9498.73,965.48,1.032,1.063,5732.2,7797.84,,5595.22,7609.9,5998.27,,,6553.44,9295.78,2.714,17495.67,4.094,12822.01,4114.59,1.663,,1174.69,6.003,1.033,7380.31
2023-04-10,9516.86,964.44,1.037,1.05,5721.92,7715.56,,5570.16,7546.4,5965.35,,,6500.83,9298.48,2.713,17518.27,4.065,12789.01,4114.66,1.662,,1142.47,5.955,1.021,7396.81
2023-04-11,9491.85,966.53,1.032,1.053,5718.07,7732.87,,5563.83,7558.67,5962.86,,,6505.18,9358.16,2.706,17710.88,4.056,12765.12,4107.21,1.663,,1134.95,5.951,1.023,7407.69
2023-04-12,9529.47,961.45,1.026,1.061,5718.1,7773.74,,5559.95,7585.23,5965.24,,,6524.08,9450.92,2.696,17987.11,4.06,12753.51,4085.33,1.668,,1142.7,5.929,1.023,7468.94
2023-04-13,9610.04,953.91,1.016,1.056,5670.19,7713.73,,5521.7,7539.56,5925.55,,,6481.14,9452.68,2.672,18020.46,4.0,12727.35,4091.84,1.665,,1113.08,5.866,1.012,7444.83
2023-04-14,9648.24,957.27,1.028,1.057,5710.04,7772.76,,5552.94,7570.67,5956.7,,,6514.26,9441.57,2.698,17956.82,4.022,12810.87,4105.62,1.675,,1149.59,5.887,1.018,7480.92
2023-04-17,9826.73,961.69,1.034,1.058,5786.5,7764.8,,5630.81,7603.83,6025.23,,,6560.49,9571.45,2.708,18211.26,4.04,13050.09,4188.32,1.706,,1153.55,5.934,1.023,7653.68
2023-04-18,9931.13,963.89,1.029,1.049,5799.51,7747.42,,5648.19,7592.78,6036.73,,,6559.35,9606.81,2.697,18239.44,4.042,13101.37,4205.92,1.709,,1143.12,5.934,1.023,7716.02
2023-04-19,9916.97,962.43,1.023,1.048,5745.98,7712.54,,5597.33,7554.57,5988.57,,,6517.38,9598.56,2.68,18262.8,4.015,12998.81,4169.54,1.698,,1147.76,5.874,1.015,7631.95
2023-04-20,9897.74,957.73,1.005,1.047,5714.74,7711.0,,5581.87,7548.44,5975.06,,,6504.0,9613.91,2.651,18397.8,3.98,12972.97,4145.23,1.698,,1178.66,5.843,1.012,7670.07
2023-04-21,9777.25,947.24,0.988,1.018,5604.36,7500.71,,5472.98,7358.84,5849.77,,,6352.08,9498.34,2.599,18127.95,3.889,12713.43,4067.62,1.662,,1129.97,5.735,0.989,7518.74
2023-04-24,9699.78,954.55,0.965,1.01,5530.8,7447.39,,5405.22,7309.78,5786.01,,,6295.68,9491.29,2.559,18160.61,3.858,12575.85,4012.86,1.655,,1109.4,5.649,0.978,7455.53
2023-04-25,9864.79,931.8,0.944,0.989,5482.03,7312.6,,5378.17,7203.57,5742.71,,,6223.53,9522.14,2.512,18299.74,3.789,12557.96,4014.01,1.646,,1089.65,5.577,0.964,7483.31
2023-04-26,9785.02,942.47,0.968,0.997,5498.86,7336.46,,5374.85,7231.83,5745.9,,,6240.93,9545.78,2.55,18311.54,3.812,12527.31,4012.09,1.644,,1082.87,5.606,0.967,7418.87
2023-04-27,9773.06,928.68,0.974,0.996,5545.35,7347.04,,5414.77,7250.75,5781.41,,,6262.99,9571.34,2.566,18372.27,3.815,12635.88,4062.04,1.655,,1081.86,5.634,0.972,7516.34
2023-04-28,9873.21,926.76,0.977,1.017,5595.96,7447.08,,5470.07,7349.64,5845.57,,,6347.8,9679.28,2.583,18691.73,3.861,12785.42,4103.7,1.677,,1101.98,5.684,0.981,7625.96
2023-05-04,10134.24,922.9,0.966,1.015,5575.85,7459.23,,5471.65,7374.54,5851.95,,,6362.75,9873.93,2.555,19193.35,3.845,12854.63,4126.59,1.691,,1078.01,5.627,0.975,7754.69
2023-05-05,10249.23,947.65,0.956,1.005,5543.61,7370.67,,5453.49,7304.48,5823.13,,,6320.19,9899.09,2.523,19240.88,3.805,12826.58,4115.07,1.68,,1062.7,5.608,0.97,7790.24
2023-05-08,10678.1,975.61,0.963,1.011,5588.12,7424.93,,5515.65,7362.45,5884.29,,,6377.73,10116.4,2.535,19800.28,3.805,13045.91,4168.94,1.709,,1070.93,5.629,0.973,8013.36
2023-05-09,10565.82,956.18,0.949,0.995,5531.61,7324.53,,5468.49,7284.8,5830.94,,,6306.45,10036.94,2.497,19579.26,3.769,12916.01,4143.82,1.687,,1047.63,5.585,0.967,7927.16
2023-05-10,10237.31,942.37,0.962,0.997,5521.32,7343.11,,5426.44,7276.23,5795.89,,,6289.48,9850.06,2.519,19099.08,3.784,12757.5,4097.8,1.67,,1039.01,5.593,0.967,7756.38
2023-05-11,10207.15,960.48,0.972,0.997,5516.33,7337.98,,5418.02,7254.37,5784.71,,,6288.08,9845.14,2.533,19040.33,3.788,12709.34,4085.78,1.665,,1039.28,5.604,0.967,7732.99
2023-05-12,10114.6,955.53,0.962,0.985,5439.04,7242.9,,5346.62,7181.26,5713.12,,,6210.48,9786.53,2.503,18840.98,3.736,12530.96,4031.97,1.643,,1027.26,5.53,0.954,7625.21
2023-05-15,10218.72,957.74,0.982,0.992,5525.6,7298.65,,5429.81,7262.01,5795.63,,,6286.42,9785.5,2.559,18770.82,3.807,12722.86,4102.6,1.668,,1039.09,5.636,0.967,7724.67
2023-05-16,10198.55,953.67,0.98,0.983,5500.62,7222.38,,5402.51,7206.45,5762.56,,,6242.69,9716.94,2.552,18578.41,3.791,12670.65,4092.5,1.655,,1039.17,5.6,0.961,7672.46
2023-05-17,10121.98,961.55,0.98,0.995,5473.27,7265.66,,5378.06,7219.68,5745.93,,,6247.63,9671.65,2.554,18520.6,3.773,12588.75,4060.18,1.656,,1043.0,5.587,0.959,7608.87
2023-05-18,10218.04,958.78,0.968,1.002,5451.8,7300.65,,5373.13,7230.56,5744.27,,,6258.57,9729.85,2.538,18709.96,3.77,12596.29,4052.3,1.658,,1048.33,5.551,0.96,7645.43
2023-05-19,10078.98,965.37,0.967,1.008,5441.27,7322.87,,5358.76,7222.04,5731.14,,,6251.27,9611.65,2.538,18412.12,3.773,12531.99,4035.7,1.655,,1053.85,5.56,0.961,7556.33
2023-05-22,10105.27,977.62,0.97,1.006,5483.41,7317.15,,5392.49,7221.56,5757.75,,,6274.05,9612.22,2.536,18385.41,3.786,12615.94,4074.63,1.662,,1045.69,5.594,0.961,7575.77
2023-05-23,9928.13,982.0,0.957,0.996,5410.61,7243.9,,5316.31,7147.72,5682.21,,,6197.53,9490.84,2.505,18115.91,3.766,12412.34,4011.42,1.638,,1029.48,5.534,0.953,7441.87
2023-05-24,9711.78,976.01,0.954,0.992,5340.55,7228.17,,5242.87,7093.33,5612.85,,,6146.69,9355.5,2.501,17863.15,3.735,12225.37,3949.82,1.617,,1025.09,5.479,0.946,7273.67
2023-05-25,9679.18,970.97,0.956,0.994,5317.04,7215.66,,5231.64,7073.46,5599.87,,,6135.15,9312.87,2.502,17765.54,3.72,12198.15,3930.27,1.615,,1035.17,5.467,0.943,7268.67
2023-05-26,9765.84,977.48,0.944,1.005,5302.65,7267.86,,5233.54,7129.07,5612.83,,,6159.21,9393.47,2.483,18016.92,3.702,12213.99,3924.6,1.619,,1052.33,5.46,0.945,7308.63
2023-05-29,9799.51,972.69,0.93,1.001,5272.93,7254.82,,5211.28,7120.35,5593.41,,,6138.74,9469.85,2.455,18113.42,3.662,12197.0,3907.23,1.624,,1041.92,5.384,0.938,7339.75
2023-05-30,9746.08,967.4,0.935,1.008,5286.75,7291.21,,5216.64,7165.35,5606.91,,,6160.52,9466.81,2.469,18184.61,3.683,12176.63,3887.08,1.626,,1058.2,5.389,0.94,7352.76
2023-05-31,9690.38,962.22,0.925,1.01,5221.17,7289.58,,5166.12,7153.68,5564.5,,,6129.6,9392.01,2.441,18053.92,3.668,12039.72,3828.2,1.614,,1068.45,5.348,0.936,7293.26
2023-06-01,9655.94,960.63,0.929,1.013,5251.99,7306.25,,5181.3,7158.62,5577.54,,,6145.37,9359.93,2.461,18137.73,3.694,12071.16,3839.69,1.614,,1068.08,5.38,0.941,7287.51
2023-06-02,9774.16,967.31,0.942,1.019,5348.39,7365.44,,5256.77,7223.16,5650.6,,,6213.18,9417.74,2.492,18154.98,3.748,12232.4,3906.09,1.626,,1067.82,5.473,0.955,7383.37
2023-06-05,9845.07,961.99,0.924,1.02,5318.47,7373.57,,5232.89,7215.3,5630.06,,,6206.42,9467.03,2.455,18356.64,3.73,12183.54,3882.78,1.624,,1066.25,5.429,0.95,7383.98
2023-06-06,9831.49,946.9,0.911,0.998,5274.18,7215.55,,5184.02,7082.53,5564.02,,,6114.85,9398.0,2.413,18226.01,3.679,12095.01,3868.64,1.612,,1037.23,5.357,0.937,7360.61
2023-06-07,9911.94,941.71,0.893,1.002,5243.01,7216.75,,5159.86,7087.85,5545.98,,,6110.55,9470.63,2.377,18394.02,3.655,12063.75,3856.66,1.614,,1033.29,5.317,0.931,7390.18
2023-06-08,10101.92,935.53,0.892,0.998,5285.34,7167.48,,5202.26,7069.8,5575.86,,,6117.92,9570.11,2.373,18529.55,3.664,12178.48,3901.13,1.619,,1021.2,5.346,0.93,7509.56
2023-06-09,10049.45,929.73,0.895,1.007,5306.37,7228.3,,5226.72,7124.76,5606.54,,,6155.53,9552.85,2.39,18543.1,3.687,12239.54,3909.05,1.631,,1047.17,5.368,0.939,7518.83
2023-06-12,9926.68,916.98,0.903,1.013,5315.28,7267.78,,5237.75,7146.7,5619.81,,,6178.97,9499.69,2.4,18403.8,3.717,12219.45,3906.38,1.629,,1041.18,5.408,0.942,7467.42
2023-06-13,9950.98,909.76,0.909,1.018,5344.64,7296.75,,5267.81,7169.4,5648.25,,,6208.37,9483.57,2.418,18385.43,3.765,12257.9,3914.47,1.634,,1054.3,5.465,0.95,7465.35
2023-06-14,9806.1,905.46,0.907,1.017,5353.3,7323.62,,5273.53,7171.65,5653.22,,,6218.23,9442.21,2.413,18268.66,3.769,12263.51,3920.07,1.632,,1050.09,5.482,0.952,7427.75
2023-06-15,9863.4,915.61,0.947,1.024,5460.1,7365.51,,5359.15,7238.28,5734.61,,,6285.81,9464.13,2.496,18298.7,3.833,12412.81,3975.89,1.644,,1048.86,5.606,0.97,7471.01
2023-06-16,9835.19,920.35,0.963,1.034,5517.8,7429.28,,5411.95,7302.75,5789.68,,,6343.56,9437.87,2.53,18257.06,3.872,12520.7,4013.3,1.656,,1068.17,5.665,0.981,7497.51
2023-06-19,9726.47,913.8,0.959,1.037,5462.25,7458.01,,5373.28,7283.95,5755.28,,,6327.26,9326.49,2.528,17994.06,3.86,12418.24,3962.36,1.656,,1070.78,5.625,0.977,7419.88
2023-06-20,9674.15,915.38,0.962,1.038,5463.82,7460.09,,5365.58,7280.24,5748.44,,,6318.04,9257.25,2.532,17821.36,3.882,12364.33,3942.06,1.643,,1070.73,5.646,0.984,7357.96
2023-06-21,9670.7,928.26,0.932,1.02,5383.88,7300.9,,5287.74,7120.72,5653.78,,,6208.34,9188.53,2.47,17672.57,3.804,12205.64,3901.32,1.627,,1035.2,5.543,0.959,7303.0
2023-06-26,9532.97,914.28,0.926,0.995,5323.22,7159.45,,5215.29,6998.86,5571.24,,,6104.63,9073.51,2.444,17358.84,3.731,12041.48,3855.27,1.605,,1025.7,5.486,0.945,7188.34
2023-06-27,9627.5,914.12,0.927,1.014,5373.48,7256.19,,5266.67,7071.58,5626.92,,,6179.82,9231.37,2.449,17704.36,3.766,12151.0,3883.25,1.617,,1027.27,5.543,0.957,7305.98
2023-06-28,9648.1,907.17,0.924,1.006,5372.21,7222.68,,5264.97,7067.64,5624.76,,,6167.21,9292.61,2.436,17789.96,3.744,12177.91,3896.31,1.621,,1024.09,5.513,0.95,7326.03
2023-06-29,9591.87,913.7,0.923,1.015,5341.03,7273.18,,5240.66,7070.14,5606.13,,,6173.61,9277.87,2.439,17743.6,3.744,12116.38,3865.55,1.619,,1017.29,5.499,0.949,7297.12
2023-06-30,9660.42,917.64,0.937,1.032,5371.95,7365.88,,5275.95,7143.81,5649.33,,,6231.32,9311.95,2.479,17820.89,3.765,12182.99,3880.37,1.631,,1021.04,5.553,0.961,7344.33
2023-07-03,9824.89,912.47,0.942,1.029,5437.19,7378.23,,5345.99,7196.85,5715.59,,,6284.27,9410.0,2.487,18068.74,3.782,12376.78,3946.35,1.646,,1024.35,5.596,0.967,7480.39
2023-07-04,9735.19,916.72,0.945,1.034,5444.08,7407.9,,5354.41,7213.52,5725.71,,,6302.75,9363.76,2.491,17992.71,3.807,12376.35,3951.21,1.646,,1031.46,5.602,0.97,7445.36
2023-07-05,9685.16,913.67,0.939,1.027,5412.8,7348.05,,5315.31,7173.17,5686.47,,,6257.26,9352.21,2.47,17961.34,3.77,12295.3,3929.01,1.641,,1021.68,5.553,0.96,7411.86
2023-07-06,9606.45,903.98,0.928,1.026,5370.48,7330.2,,5281.04,7137.77,5652.08,,,6231.96,9314.49,2.448,17922.98,3.744,12216.79,3899.61,1.632,,1018.0,5.515,0.954,7386.02
2023-07-07,9604.08,908.56,0.918,1.023,5338.3,7280.76,,5258.51,7109.49,5628.42,,,6200.25,9350.67,2.426,17967.91,3.722,12179.76,3881.69,1.627,,1007.57,5.488,0.949,7398.5
2023-07-10,9607.35,904.91,0.931,1.021,5375.48,7288.1,,5284.16,7137.0,5654.37,,,6218.81,9389.04,2.457,18030.94,3.74,12231.3,3903.2,1.632,,1009.63,5.522,0.953,7390.72
2023-07-11,9672.78,899.15,0.94,1.031,5410.78,7348.03,,5319.22,7191.4,5693.36,,,6263.32,9407.37,2.476,18071.18,3.771,12299.74,3927.47,1.641,,1017.44,5.562,0.959,7426.52
2023-07-12,9710.42,885.86,0.934,1.017,5388.8,7241.16,,5289.9,7112.7,5653.8,,,6204.23,9359.42,2.45,18005.55,3.749,12249.52,3924.71,1.631,,1000.93,5.518,0.95,7397.9
2023-07-13,9846.06,891.05,0.952,1.026,5470.09,7314.45,,5374.87,7210.98,5741.28,,,6288.05,9459.92,2.5,18275.35,3.795,12450.66,3989.84,1.648,,1012.1,5.608,0.965,7519.36
2023-07-14,9863.83,895.93,0.947,1.026,5475.22,7311.45,,5377.86,7196.86,5740.67,,,6287.87,9475.3,2.485,18319.3,3.787,12473.23,3992.28,1.653,,1007.8,5.596,0.964,7569.73
2023-07-17,9818.74,889.55,0.937,1.024,5432.66,7280.73,,5341.13,7176.13,5707.42,,,6257.65,9423.95,2.465,18190.08,3.759,12383.82,3955.91,1.644,,1000.95,5.566,0.958,7516.09
2023-07-18,9779.32,884.78,0.934,1.025,5416.82,7273.66,,5327.66,7163.32,5694.14,,,6245.19,9424.21,2.46,18157.24,3.745,12355.28,3948.26,1.641,,996.1,5.545,0.956,7488.78
2023-07-19,9825.27,879.12,0.922,1.022,5413.03,7253.97,,5323.45,7154.6,5689.0,,,6236.87,9475.12,2.434,18302.31,3.725,12369.45,3957.78,1.643,,991.11,5.526,0.953,7515.2
2023-07-20,9848.39,875.68,0.912,1.008,5381.97,7161.92,,5286.36,7075.87,5643.31,,,6176.7,9442.73,2.409,18198.21,3.692,12295.56,3941.68,1.627,,977.4,5.484,0.947,7471.3
2023-07-21,9861.42,872.66,0.914,1.006,5379.75,7154.0,,5287.99,7077.04,5644.83,,,6172.24,9449.1,2.417,18184.59,3.675,12306.51,3950.75,1.629,,971.76,5.482,0.944,7458.39
2023-07-24,9820.29,869.33,0.907,1.006,5347.71,7145.68,,5264.96,7066.67,5624.54,,,6157.28,9452.13,2.394,18199.34,3.647,12272.44,3936.12,1.627,,966.68,5.446,0.94,7434.43
2023-07-25,10091.35,876.21,0.928,1.022,5507.25,7262.45,,5417.37,7186.12,5769.51,,,6293.91,9610.09,2.447,18541.79,3.727,12620.23,4059.48,1.663,,980.76,5.596,0.958,7691.77
2023-07-26,10087.74,873.47,0.929,1.014,5497.02,7217.36,,5406.94,7168.68,5757.65,,,6271.13,9632.64,2.446,18503.99,3.718,12613.13,4056.39,1.656,,977.91,5.585,0.956,7681.1
2023-07-27,10171.34,869.16,0.927,1.007,5486.45,7161.81,,5400.54,7121.08,5742.63,,,6244.91,9642.86,2.439,18538.48,3.699,12599.62,4054.78,1.655,,968.45,5.587,0.953,7679.71
2023-07-28,10480.11,873.12,0.942,1.013,5609.54,7226.84,,5528.07,7219.59,5863.63,,,6346.24,9819.6,2.478,18829.32,3.754,12928.18,4168.87,1.686,,978.98,5.699,0.967,7932.15
2023-07-31,10565.5,876.48,0.949,1.017,5637.33,7283.36,,5558.39,7274.04,5898.91,,,6392.02,9895.16,2.5,18996.9,3.797,12980.07,4178.89,1.691,,985.43,5.735,0.975,7978.78
2023-08-01,10502.68,873.22,0.944,1.016,5616.48,7273.93,,5535.38,7286.95,5883.51,,,6377.15,9904.17,2.484,19038.2,3.788,12939.3,4167.12,1.689,,986.13,5.699,0.969,7937.76
2023-08-02,10301.68,872.86,0.945,1.018,5577.98,7261.33,,5496.83,7261.36,5847.81,,,6348.93,9813.87,2.479,18784.67,3.765,12828.02,4127.42,1.68,,984.87,5.678,0.968,7849.75
2023-08-03,10436.66,875.31,0.956,1.017,5621.84,7265.31,,5545.41,7286.88,5891.39,,,6377.76,9867.84,2.505,18811.7,3.787,12948.52,4165.95,1.687,,986.83,5.722,0.973,7943.99
2023-08-04,10471.07,879.99,0.967,1.022,5641.65,7305.3,,5567.24,7323.58,5916.26,,,6402.17,9840.57,2.525,18846.28,3.802,12978.83,4171.77,1.692,,992.33,5.748,0.978,7974.03
2023-08-07,10374.65,872.61,0.955,1.016,5597.24,7270.28,,5525.1,7278.37,5873.63,,,6360.32,9754.7,2.503,18725.44,3.789,12896.31,4149.3,1.682,,985.33,5.695,0.97,7910.2
2023-08-08,10328.57,864.99,0.951,1.014,5585.28,7233.98,,5510.72,7248.94,5856.13,,,6338.95,9741.1,2.494,18714.06,3.776,12866.96,4144.26,1.68,,982.05,5.684,0.967,7884.91
2023-08-09,10351.86,855.73,0.95,1.005,5574.61,7177.67,,5495.28,7196.07,5832.9,,,6302.65,9701.37,2.491,18588.02,3.747,12828.26,4140.36,1.675,,973.75,5.668,0.965,7868.14
2023-08-10,10341.37,856.35,0.955,1.004,5580.39,7184.78,,5507.15,7208.97,5844.95,,,6315.34,9740.98,2.502,18618.65,3.752,12857.95,4142.21,1.677,,975.58,5.672,0.962,7895.7
2023-08-11,10143.67,850.82,0.931,0.989,5453.41,7048.3,,5382.39,7068.09,5717.24,,,6187.35,9590.81,2.439,18328.76,3.688,12567.36,4046.83,1.65,,955.06,5.536,0.944,7709.15
2023-08-14,10011.17,846.31,0.919,0.991,5412.67,7064.92,,5343.11,7072.38,5687.23,,,6175.06,9585.75,2.421,18337.14,3.653,12493.59,4015.94,1.644,,946.66,5.482,0.937,7666.72
2023-08-15,10121.62,841.51,0.913,0.984,5391.78,7000.44,,5330.13,7028.14,5667.74,,,6144.06,9649.34,2.401,18432.69,3.625,12490.09,4011.46,1.641,,933.39,5.456,0.931,7712.79
2023-08-16,10104.89,831.68,0.905,0.971,5346.51,6916.65,,5291.05,6972.61,5625.35,,,6089.79,9644.58,2.385,18368.02,3.591,12406.05,3986.83,1.631,,917.46,5.405,0.925,7670.14
2023-08-17,10022.06,833.72,0.913,0.981,5367.65,6985.16,,5308.74,7021.89,5649.6,,,6132.08,9645.46,2.399,18349.63,3.599,12438.22,3995.78,1.638,,926.2,5.435,0.928,7643.27
2023-08-18,10067.63,826.31,0.9,0.966,5296.55,6839.54,,5243.7,6907.13,5574.36,,,6039.63,9603.55,2.366,18271.4,3.553,12300.0,3950.24,1.626,,919.96,5.355,0.914,7600.11
2023-08-21,9907.62,815.83,0.888,0.959,5228.27,6772.57,,5168.28,6827.01,5498.21,,,5970.5,9503.45,2.331,18155.03,3.503,12131.44,3899.06,1.605,,907.59,5.275,0.904,7475.01
2023-08-22,10016.56,812.8,0.887,0.965,5261.18,6819.59,,5208.23,6863.27,5537.25,,,6011.04,9579.32,2.335,18386.91,3.519,12244.33,3928.68,1.619,,916.79,5.292,0.908,7585.36
2023-08-23,9988.9,797.57,0.865,0.948,5170.16,6679.32,,5122.87,6730.11,5442.17,,,5905.44,9552.75,2.276,18365.43,3.44,12066.88,3877.36,1.603,,894.74,5.192,0.885,7509.05
2023-08-24,9946.11,790.47,0.876,0.95,5217.95,6695.45,,5160.18,6757.89,5477.35,,,5932.47,9507.56,2.307,18260.87,3.464,12129.07,3908.19,1.607,,900.86,5.256,0.897,7468.97
2023-08-25,10030.6,777.04,0.866,0.933,5205.35,6573.65,,5144.11,6673.17,5446.94,,,5869.79,9530.06,2.281,18264.44,3.433,12118.36,3919.53,1.595,,885.52,5.22,0.885,7501.82
2023-08-28,10185.01,780.46,0.875,0.936,5280.38,6621.93,,5205.28,6748.41,5510.84,,,5932.26,9661.7,2.303,18510.75,3.463,12262.65,3971.34,1.614,,895.49,5.277,0.892,7634.62
2023-08-29,10047.36,798.06,0.9,0.969,5340.92,6830.6,,5257.4,6899.27,5583.5,,,6051.37,9680.16,2.368,18493.83,3.536,12328.81,3988.75,1.629,,932.38,5.37,0.912,7607.04
2023-08-30,9930.07,801.61,0.9,0.979,5352.83,6865.11,,5255.18,6905.06,5582.97,,,6064.75,9609.79,2.367,18340.38,3.548,12300.72,3978.21,1.629,,955.98,5.376,0.916,7547.49
2023-08-31,9896.91,803.84,0.893,0.972,5326.67,6826.05,,5223.55,6862.31,5549.12,,,6028.55,9510.7,2.351,18206.35,3.531,12242.35,3960.45,1.621,,958.99,5.351,0.91,7515.84
2023-09-01,9991.53,826.85,0.892,0.973,5363.05,6829.3,,5260.5,6875.94,5581.04,,,6052.07,9612.21,2.347,18342.59,3.533,12336.61,3994.83,1.624,,951.03,5.368,0.915,7620.75
2023-09-04,10187.15,875.83,0.899,0.986,5448.42,6931.69,,5340.23,6970.38,5663.58,,,6141.85,9761.13,2.368,18705.11,3.572,12544.26,4066.15,1.641,,958.8,5.448,0.925,7765.66
2023-09-05,10068.08,863.01,0.895,0.978,5412.25,6896.89,,5300.5,6921.27,5622.02,,,6102.22,9685.22,2.357,18502.33,3.546,12450.62,4041.43,1.634,,946.8,5.408,0.919,7681.04
2023-09-06,10099.8,863.23,0.888,0.984,5395.96,6927.91,,5289.0,6923.26,5613.39,,,6106.96,9683.22,2.347,18465.67,3.545,12448.14,4037.59,1.638,,950.84,5.384,0.918,7692.92
2023-09-07,10067.87,846.95,0.868,0.967,5313.22,6802.78,,5214.69,6818.43,5532.94,,,6013.4,9632.3,2.295,18405.75,3.479,12303.52,3997.83,1.619,,915.46,5.283,0.902,7639.55
2023-09-08,10038.0,841.79,0.862,0.971,5273.24,6824.03,,5189.05,6825.51,5514.25,,,6006.22,9569.32,2.289,18288.4,3.455,12256.46,3975.45,1.619,,917.17,5.247,0.898,7618.11
2023-09-11,10059.59,851.19,0.867,0.982,5305.09,6913.66,,5227.49,6904.55,5561.07,,,6063.33,9641.88,2.304,18444.26,3.487,12343.14,4001.01,1.627,,923.27,5.281,0.906,7651.69
2023-09-12,10042.56,852.16,0.861,0.986,5297.27,6915.86,,5217.87,6900.0,5552.55,,,6056.3,9629.45,2.289,18409.97,3.496,12313.73,3994.16,1.627,,917.29,5.279,0.905,7630.58
2023-09-13,10045.13,839.97,0.85,0.97,5263.47,6824.76,,5184.63,6833.61,5512.48,,,6001.94,9656.2,2.261,18460.5,3.454,12257.33,3982.66,1.621,,904.58,5.232,0.897,7610.44
2023-09-14,10141.52,841.93,0.844,0.967,5256.04,6786.27,0.984,5180.27,6817.71,5505.71,,,5983.27,9752.91,2.245,18606.39,3.418,12282.63,3992.82,1.624,,896.11,5.188,0.891,7659.98
2023-09-15,10094.65,840.74,0.838,0.967,5219.9,6797.84,0.986,5146.7,6820.78,5479.94,,,5968.57,9736.65,2.239,18605.8,3.41,12212.58,3969.16,1.619,0.982,902.43,5.158,0.885,7605.54
2023-09-18,10107.07,843.23,0.845,0.971,5253.95,6803.33,0.992,5173.01,6838.74,5504.41,,,5993.81,9747.45,2.255,18586.53,3.428,12264.71,3995.86,1.626,0.98,894.82,5.194,0.888,7604.76
2023-09-19,10165.76,839.83,0.838,0.962,5241.01,6744.14,0.979,5163.01,6800.73,5488.56,,,5961.83,9812.67,2.236,18709.54,3.401,12271.56,3996.46,1.626,0.972,888.8,5.165,0.885,7639.4
2023-09-20,10201.36,832.94,0.831,0.953,5218.28,6690.14,0.97,5143.12,6756.62,5463.66,,,5927.57,9825.73,2.218,18770.1,3.382,12227.29,3980.97,1.622,0.96,881.07,5.142,0.881,7633.96
2023-09-21,10140.67,829.08,0.822,0.947,5166.97,6642.17,0.965,5097.01,6709.89,5417.58,,,5881.66,9761.72,2.196,18621.21,3.347,12122.26,3940.2,1.612,0.953,875.34,5.085,0.874,7582.79
2023-09-22,10245.44,842.37,0.845,0.966,5274.51,6771.15,0.985,5189.29,6813.88,5512.0,,,5988.07,9803.5,2.25,18763.67,3.413,12346.82,4027.41,1.632,0.973,898.22,5.186,0.888,7701.85
2023-09-25,10245.54,833.62,0.838,0.964,5235.26,6740.36,0.98,5155.53,6775.44,5477.37,,,5956.19,9783.92,2.237,18723.22,3.396,12258.85,3992.94,1.624,0.975,889.75,5.148,0.883,7634.29
2023-09-26,10202.31,828.87,0.831,0.959,5193.93,6705.58,0.98,5125.42,6752.39,5448.85,,,5927.31,9739.7,2.22,18682.0,3.382,12189.6,3968.09,1.619,0.972,891.36,5.118,0.878,7591.01
2023-09-27,10143.63,827.44,0.839,0.966,5209.4,6748.24,0.983,5136.13,6786.07,5464.34,,,5948.67,9706.14,2.241,18631.65,3.398,12218.46,3978.72,1.626,0.987,895.55,5.144,0.881,7581.91
2023-09-28,10164.4,835.95,0.839,0.977,5187.08,6798.82,0.996,5121.09,6805.71,5456.63,,,5964.9,9707.86,2.237,18620.74,3.4,12174.02,3958.11,1.622,0.994,903.32,5.123,0.882,7569.82
2023-10-09,10102.37,835.21,0.836,0.979,5180.88,6777.62,0.991,5114.44,6766.67,5443.21,,,5949.64,9673.23,2.231,18553.39,3.402,12134.91,3946.24,1.615,0.984,902.72,5.131,0.885,7551.93
2023-10-10,10072.17,820.72,0.831,0.973,5144.02,6759.18,0.989,5076.13,6733.53,5406.12,,,5920.85,9577.14,2.22,18361.19,3.389,12040.08,3919.35,1.603,0.978,897.46,5.087,0.879,7471.49
2023-10-11,10060.94,821.45,0.838,0.973,5167.62,6776.99,0.993,5090.6,6733.39,5417.47,,,5934.5,9547.35,2.239,18317.14,3.396,12063.41,3932.49,1.605,0.992,909.06,5.11,0.883,7458.34
2023-10-12,10199.07,823.04,0.846,0.986,5216.54,6827.69,0.997,5138.99,6783.44,5466.04,,,5982.55,9643.99,2.255,18548.98,3.428,12191.04,3969.64,1.615,0.997,915.71,5.15,0.887,7555.9
2023-10-13,10200.95,815.88,0.834,0.98,5155.76,6802.46,0.989,5084.93,6737.69,5413.91,,,5937.69,9631.84,2.228,18516.55,3.39,12078.14,3929.75,1.609,0.995,907.33,5.087,0.88,7516.67
2023-10-16,10192.85,806.29,0.817,0.971,5096.26,6738.27,0.985,5034.11,6674.64,5360.7,,,5886.18,9652.52,2.184,18610.86,3.342,11986.08,3897.09,1.602,0.977,889.32,5.008,0.866,7491.84
2023-10-17,10224.07,795.13,0.817,0.968,5111.62,6723.83,0.985,5051.88,6692.19,5378.37,,,5894.14,9671.29,2.19,18702.97,3.347,12039.45,3913.62,1.607,0.979,897.63,5.019,0.867,7535.22
2023-10-18,10198.21,777.83,0.807,0.952,5076.83,6608.22,0.967,5011.9,6607.58,5329.17,,,5824.17,9582.14,2.162,18606.48,3.323,11962.56,3895.13,1.597,0.96,884.98,4.981,0.859,7494.76
2023-10-19,9965.76,762.46,0.799,0.942,4960.01,6535.39,0.963,4904.97,6535.45,5229.9,,,5731.31,9422.39,2.139,18254.38,3.266,11699.63,3792.09,1.569,0.959,885.33,4.884,0.845,7329.91
2023-10-20,9946.22,749.57,0.793,0.928,4928.17,6458.91,0.95,4873.11,6487.36,5194.75,,,5683.31,9373.8,2.119,18137.25,3.242,11641.78,3772.03,1.557,0.949,876.89,4.848,0.837,7291.58
2023-10-23,9878.59,728.84,0.778,0.905,4881.15,6306.58,0.931,4822.74,6327.87,5121.68,,,5585.82,9248.27,2.079,17872.9,3.211,11504.93,3741.58,1.54,0.925,854.85,4.797,0.824,7213.4
2023-10-24,9813.2,736.02,0.784,0.925,4890.09,6397.4,0.96,4840.75,6401.78,5151.35,,,5645.81,9318.63,2.099,18015.04,3.22,11549.99,3755.01,1.549,0.938,865.5,4.812,0.826,7227.85
2023-10-25,9837.52,747.18,0.775,0.938,4912.23,6464.04,0.971,4867.63,6430.47,5178.51,,,5693.85,9401.72,2.079,18202.86,3.238,11613.68,3773.41,1.555,0.94,863.5,4.822,0.829,7256.78
2023-10-26,9925.73,751.13,0.78,0.945,4921.16,6500.77,0.978,4881.08,6457.91,5194.85,,,5715.28,9446.85,2.095,18288.44,3.236,11648.16,3785.16,1.562,0.942,864.17,4.844,0.833,7285.22
2023-10-27,9911.2,780.99,0.804,0.956,4996.55,6618.45,0.987,4948.43,6569.51,5271.25,,,5798.19,9484.99,2.155,18340.11,3.308,11760.48,3818.65,1.573,0.974,876.94,4.951,0.85,7292.3
2023-10-30,9746.25,784.87,0.827,0.968,5042.47,6718.99,0.999,4978.14,6634.54,5308.26,,,5854.38,9387.54,2.206,18025.33,3.358,11758.89,3817.45,1.574,0.999,893.5,5.032,0.866,7220.22
2023-10-31,9769.65,777.27,0.821,0.963,5015.97,6677.47,0.995,4962.49,6612.83,5291.39,,,5830.56,9404.89,2.195,18053.45,3.328,11749.81,3813.22,1.567,0.992,889.79,4.992,0.859,7228.7
2023-11-01,9768.08,768.53,0.817,0.965,5014.25,6665.25,1.001,4960.43,6590.97,5285.19,,,5827.79,9393.69,2.186,18056.76,3.301,11771.51,3827.85,1.569,0.984,885.22,4.97,0.857,7203.96
2023-11-02,9826.61,761.15,0.81,0.953,4993.67,6583.4,0.995,4937.04,6530.55,5254.12,,,5782.35,9409.22,2.165,18109.21,3.271,11734.75,3822.67,1.566,0.969,875.06,4.926,0.851,7210.97
2023-11-03,9801.13,773.39,0.824,0.963,5040.24,6681.75,1.005,4978.64,6591.82,5299.7,,,5841.63,9365.18,2.197,18015.67,3.306,11818.15,3853.48,1.574,0.991,890.77,4.983,0.858,7225.37
2023-11-06,9804.59,791.92,0.855,0.986,5113.89,6819.79,1.025,5045.97,6705.11,5376.44,,,5941.5,9350.32,2.269,17989.36,3.389,11913.03,3884.84,1.588,1.024,905.87,5.106,0.88,7275.13
2023-11-07,9796.13,802.78,0.848,0.987,5084.67,6842.37,1.034,5028.12,6712.33,5363.91,,,5944.87,9345.81,2.253,17999.16,3.381,11873.81,3864.59,1.586,1.022,907.14,5.085,0.877,7251.39
2023-11-08,9753.47,824.69,0.848,0.995,5077.29,6867.19,1.039,5016.18,6708.65,5353.74,,,5945.78,9335.42,2.258,18008.45,3.386,11839.68,3853.1,1.585,1.035,915.45,5.076,0.877,7209.95
2023-11-09,9799.05,828.96,0.846,0.986,5072.52,6824.4,1.034,5018.62,6689.55,5351.65,,,5928.04,9396.68,2.253,18058.5,3.374,11848.91,3852.36,1.583,1.031,909.52,5.072,0.873,7220.54
2023-11-10,9725.63,823.65,0.839,0.985,5032.69,6810.83,1.032,4982.03,6666.88,5318.11,,,5898.81,9362.65,2.24,17932.34,3.359,11753.89,3817.23,1.578,1.037,905.4,5.036,0.87,7168.36
2023-11-13,9680.5,831.38,0.839,0.994,5020.21,6873.78,1.044,4972.2,6705.74,5318.53,,,5921.25,9379.39,2.243,18017.11,3.364,11743.95,3807.07,1.579,1.04,912.33,5.019,0.871,7160.51
2023-11-14,9707.0,837.62,0.836,1.004,5013.57,6915.56,1.049,4975.87,6735.63,5327.68,,,5941.98,9366.5,2.237,18017.46,3.365,11758.27,3805.18,1.588,1.049,920.25,5.019,0.872,7181.16
2023-11-15,9750.18,859.76,0.84,1.009,5055.01,6943.85,1.056,5010.86,6776.38,5363.76,,,5978.2,9412.12,2.249,18151.72,3.395,11835.33,3837.96,1.595,1.045,918.05,5.055,0.878,7225.56
2023-11-16,9738.37,837.49,0.825,1.002,5000.75,6874.36,1.051,4962.55,6710.28,5311.88,,,5924.73,9400.39,2.205,18153.41,3.355,11734.79,3801.9,1.585,1.028,902.72,4.989,0.867,7187.87
2023-11-17,9681.91,843.36,0.828,1.013,4988.55,6934.89,1.062,4956.59,6736.67,5312.73,,,5943.77,9376.1,2.216,18110.14,3.351,11712.14,3792.23,1.586,1.031,907.06,4.987,0.87,7161.23
2023-11-20,9736.27,869.39,0.828,1.023,4998.5,6995.36,1.075,4968.05,6770.66,5328.88,,,5976.16,9399.75,2.225,18144.61,3.363,11739.37,3802.6,1.593,1.038,908.41,4.998,0.874,7170.24
2023-11-21,9755.9,908.62,0.825,1.015,5009.23,6949.32,1.062,4974.64,6748.31,5329.37,,,5963.14,9434.58,2.212,18218.82,3.354,11772.27,3820.75,1.595,1.028,900.54,4.996,0.873,7192.65
2023-11-22,9723.21,985.22,0.809,1.002,4953.84,6860.77,1.056,4924.31,6666.91,5272.7,,,5898.5,9405.93,2.176,18190.21,3.306,11673.19,3790.17,1.583,1.01,886.15,4.93,0.861,7150.5
2023-11-23,9721.38,957.86,0.813,1.014,4978.77,6933.04,1.069,4948.07,6726.84,5303.96,,,5941.45,9479.59,2.189,18259.71,3.325,11718.26,3803.23,1.591,1.025,893.29,4.958,0.867,7183.79
2023-11-24,9723.08,1020.15,0.803,1.004,4941.52,6841.24,1.055,4915.41,6663.95,5265.07,,,5886.81,9485.47,2.163,18254.69,3.295,11646.37,3780.87,1.579,1.009,880.06,4.924,0.86,7163.98
2023-11-27,9652.45,1136.52,0.798,1.004,4897.86,6837.27,1.058,4879.23,6659.42,5235.66,,,5865.49,9460.41,2.151,18168.21,3.27,11560.09,3748.76,1.576,1.017,883.52,4.886,0.854,7108.48
2023-11-28,9613.25,1088.47,0.803,1.008,4910.42,6873.04,1.071,4888.38,6689.31,5249.13,,,5888.59,9459.7,2.165,18154.42,3.28,11561.32,3749.54,1.576,1.026,887.47,4.905,0.857,7092.46
2023-11-29,9499.93,1008.76,0.793,1.001,4868.52,6839.55,1.064,4846.67,6643.66,5206.73,,,5846.98,9393.37,2.139,17987.14,3.25,11482.34,3728.84,1.569,1.025,878.39,4.858,0.852,7014.96
2023-11-30,9544.67,991.36,0.796,0.994,4875.97,6803.03,1.057,4857.64,6633.98,5213.33,,,5840.65,9424.39,2.147,18057.09,3.243,11524.89,3741.3,1.573,1.023,882.11,4.852,0.851,7039.93
2023-12-01,9527.01,951.59,0.799,1.0,4850.91,6858.42,1.067,4839.13,6660.09,5204.25,,,5852.31,9452.64,2.155,18145.63,3.238,11489.14,3719.17,1.573,1.025,883.99,4.823,0.849,7044.05
2023-12-04,9495.55,953.55,0.788,0.999,4814.17,6840.9,1.069,4807.53,6650.75,5177.43,,,5832.81,9453.61,2.129,18181.51,3.218,11421.23,3690.51,1.567,1.012,878.27,4.776,0.844,7010.6
2023-12-05,9357.25,1022.95,0.773,0.984,4717.47,6704.64,1.05,4715.99,6532.72,5080.65,,,5723.31,9331.63,2.088,17889.74,3.152,11209.11,3615.72,1.545,0.995,861.85,4.683,0.827,6894.54
2023-12-06,9319.27,1011.13,0.776,0.987,4731.48,6739.55,1.059,4723.41,6558.36,5091.87,,,5741.84,9327.63,2.101,17865.41,3.185,11194.54,3611.74,1.544,0.998,864.89,4.727,0.832,6872.71
2023-12-07,9341.09,1034.79,0.774,0.989,4715.53,6736.24,1.06,4711.86,6557.67,5082.64,,,5731.89,9341.74,2.095,17897.95,3.177,11157.24,3597.13,1.54,0.993,863.55,4.709,0.831,6873.64
2023-12-08,9321.7,1029.92,0.784,0.98,4731.94,6716.45,1.041,4723.65,6577.85,5096.15,,,5726.7,9339.98,2.111,17837.49,3.175,11188.4,3608.84,1.542,0.996,884.71,4.711,0.833,6875.84
2023-12-11,9368.43,995.47,0.796,0.991,4763.84,6797.01,1.056,4751.44,6657.85,5134.86,,,5777.74,9482.88,2.14,18076.31,3.215,11251.83,3626.28,1.55,1.012,895.18,4.755,0.84,6909.25
2023-12-12,9472.15,1007.64,0.79,0.995,4772.27,6801.39,1.064,4761.65,6659.43,5143.21,,,5790.93,9555.07,2.126,18185.31,3.215,11292.58,3645.99,1.555,1.006,886.47,4.744,0.84,6965.31
2023-12-13,9358.48,1043.86,0.775,0.988,4688.87,6734.89,1.062,4682.17,6589.25,5066.03,,,5721.22,9476.14,2.087,18038.89,3.172,11104.72,3576.21,1.542,0.993,877.59,4.653,0.83,6870.67
2023-12-14,9321.92,1052.08,0.77,0.979,4666.95,6703.91,1.057,4657.65,6567.49,5042.2,,,5696.15,9467.5,2.076,18014.19,3.151,11054.86,3558.68,1.537,0.996,872.14,4.634,0.824,6846.67
2023-12-15,9284.47,1040.69,0.767,0.974,4655.7,6658.86,1.058,4643.19,6520.18,5020.85,,,5670.32,9411.61,2.064,17900.81,3.145,11011.02,3551.33,1.532,0.983,863.59,4.63,0.819,6825.28
2023-12-18,9308.68,1075.96,0.753,0.96,4636.46,6553.02,1.04,4626.25,6442.99,4991.23,,,5619.12,9390.58,2.031,17887.23,3.115,11002.46,3560.72,1.526,0.96,856.63,4.586,0.809,6831.44
2023-12-19,9301.57,1062.55,0.758,0.959,4650.24,6560.34,1.041,4632.75,6436.54,4994.96,,,5624.53,9374.21,2.04,17876.87,3.118,11022.54,3570.18,1.525,0.963,861.91,4.594,0.812,6830.21
2023-12-20,9274.78,1089.3,0.748,0.947,4609.69,6445.96,1.03,4586.12,6352.09,4940.52,,,5556.67,9332.25,2.011,17843.15,3.082,10931.7,3547.85,1.514,0.947,851.57,4.529,0.807,6773.15
2023-12-21,9317.28,1014.08,0.763,0.952,4665.08,6488.03,1.041,4632.53,6387.35,4984.37,,,5601.12,9322.96,2.047,17796.71,3.105,11030.41,3585.58,1.521,0.948,863.9,4.592,0.809,6812.59
2023-12-22,9323.57,1024.24,0.758,0.939,4677.65,6415.33,1.02,4641.37,6354.96,4984.45,,,5569.79,9301.53,2.039,17802.69,3.086,11068.81,3600.05,1.52,0.94,859.32,4.58,0.805,6850.08
2023-12-25,9332.44,1065.63,0.76,0.938,4686.29,6417.36,1.014,4655.82,6359.37,4996.71,,,5575.27,9316.1,2.043,17810.13,3.098,11088.95,3604.41,1.523,0.938,853.11,4.609,0.807,6853.74
2023-12-26,9309.97,1080.39,0.75,0.924,4658.02,6323.23,1.002,4624.3,6291.07,4957.53,,,5518.29,9261.17,2.017,17792.02,3.07,11032.84,3587.37,1.516,0.923,840.91,4.569,0.8,6828.82
2023-12-27,9345.55,1061.42,0.75,0.933,4676.5,6373.1,1.01,4640.39,6323.66,4977.05,,,5547.01,9314.36,2.02,17918.39,3.081,11070.09,3594.24,1.521,0.932,845.8,4.578,0.801,6870.55
2023-12-28,9421.37,1089.91,0.784,0.949,4794.77,6495.46,1.028,4749.13,6440.03,5086.94,,,5659.57,9302.43,2.1,17849.55,3.152,11294.44,3675.37,1.538,0.955,866.52,4.73,0.823,6958.49
2023-12-29,9494.28,1116.95,0.787,0.966,4813.1,6586.88,1.049,4772.18,6495.59,5116.77,,,5714.08,9351.11,2.11,17954.84,3.19,11336.26,3688.8,1.547,0.974,868.17,4.753,0.829,6991.19
2024-01-02,9398.45,1140.2,0.77,0.96,4747.37,6550.53,1.054,4709.92,6471.93,5062.96,,,5673.86,9447.69,2.069,18146.64,3.147,11213.75,3634.97,1.542,0.951,855.73,4.675,0.818,6946.77
2024-01-03,9443.5,1135.5,0.76,0.953,4733.35,6516.18,1.049,4698.72,6462.28,5052.13,,,5655.76,9547.77,2.047,18375.26,3.112,11229.91,3639.11,1.545,0.935,845.51,4.62,0.813,6984.71
2024-01-04,9464.96,1128.22,0.746,0.949,4688.01,6470.27,1.045,4655.26,6407.16,5006.39,,,5613.34,9589.12,2.009,18524.52,3.076,11153.15,3614.05,1.538,0.924,839.48,4.558,0.805,6972.42
2024-01-05,9567.28,1082.86,0.735,0.93,4664.09,6350.33,1.026,4630.31,6319.29,4968.22,,,5547.16,9594.93,1.98,18587.56,3.049,11087.85,3597.41,1.532,0.899,823.05,4.537,0.794,6993.59
2024-01-08,9501.17,1031.41,0.725,0.908,4607.07,6202.41,1.006,4570.43,6182.69,4892.35,,,5451.98,9494.78,1.946,18416.46,2.993,10956.8,3558.24,1.514,0.874,799.31,4.461,0.781,6940.17
2024-01-09,9533.82,998.89,0.727,0.912,4616.77,6213.29,1.014,4579.39,6198.19,4902.66,,,5467.4,9548.19,1.954,18528.07,2.996,10963.17,3561.07,1.518,0.88,797.78,4.48,0.782,6951.08
2024-01-10,9488.07,1008.97,0.724,0.907,4589.36,6167.16,1.002,4558.01,6171.42,4880.23,,,5432.48,9495.72,1.945,18396.9,2.978,10918.46,3544.55,1.509,0.875,791.9,4.459,0.779,6905.01
2024-01-11,9473.53,1025.41,0.739,0.923,4619.03,6277.97,1.021,4583.8,6250.13,4917.11,,,5494.72,9446.91,1.984,18280.71,3.022,10942.06,3552.32,1.513,0.893,804.85,4.516,0.79,6902.45
2024-01-12,9539.41,959.55,0.731,0.914,4601.19,6237.0,1.017,4567.8,6228.97,4900.09,,,5466.18,9469.18,1.964,18352.9,3.003,10921.77,3547.72,1.511,0.88,793.12,4.476,0.784,6914.8
2024-01-15,9597.42,928.08,0.724,0.909,4596.1,6220.09,1.014,4563.28,6213.55,4893.28,,,5457.49,9516.41,1.945,18486.62,2.985,10926.2,3549.78,1.513,0.875,788.08,4.453,0.781,6950.04
2024-01-16,9715.82,977.29,0.73,0.907,4622.4,6197.82,1.009,4591.04,6210.09,4914.31,,,5464.03,9549.59,1.957,18583.82,2.993,10983.05,3566.38,1.513,0.876,792.15,4.497,0.784,7009.39
2024-01-17,9651.6,950.08,0.707,0.883,4514.3,6029.6,0.984,4491.18,6055.91,4803.38,,,5333.52,9415.91,1.897,18341.88,2.923,10754.23,3487.54,1.489,0.84,771.41,4.385,0.768,6924.22
2024-01-18,9672.97,973.0,0.723,0.878,4589.26,6012.04,0.97,4554.67,6062.4,4854.53,,,5358.82,9354.19,1.928,18210.3,2.951,10906.82,3549.71,1.492,0.843,782.86,4.444,0.77,6965.97
2024-01-19,9674.59,997.58,0.718,0.866,4590.55,5937.81,0.959,4547.78,6004.34,4836.84,,,5321.0,9299.2,1.912,18101.34,2.944,10903.38,3557.76,1.485,0.83,779.99,4.43,0.764,6948.05
2024-01-22,9655.78,954.68,0.701,0.819,4531.51,5595.27,0.899,4477.02,5720.23,4721.22,,,5126.02,8991.75,1.859,17586.12,2.856,10772.86,3537.26,1.455,0.786,756.31,4.356,0.75,6878.28
2024-01-23,9647.59,968.11,0.708,0.824,4544.81,5683.43,0.892,4495.15,5821.65,4756.9,,,5165.07,9099.46,1.881,17754.53,2.883,10780.3,3530.54,1.461,0.799,763.97,4.379,0.748,6904.96
2024-01-24,9792.15,961.77,0.712,0.835,4599.34,5754.79,0.909,4557.98,5902.96,4823.38,,,5237.24,9301.79,1.89,18178.86,2.898,10955.92,3584.75,1.48,0.794,764.51,4.413,0.755,7070.6
2024-01-25,9944.26,967.67,0.722,0.862,4689.16,5948.11,0.944,4649.51,6069.84,4930.47,,,5377.96,9569.8,1.919,18726.56,2.946,11212.39,3667.68,1.516,0.817,780.32,4.472,0.771,7256.9
2024-01-26,10097.66,944.48,0.703,0.852,4666.3,5896.17,0.942,4636.86,6014.7,4908.88,,,5353.33,9694.95,1.875,18990.17,2.912,11210.92,3670.09,1.52,0.791,760.25,4.43,0.765,7326.67
2024-01-29,10185.71,882.31,0.675,0.826,4612.77,5741.18,0.91,4595.33,5896.04,4851.19,,,5254.11,9720.93,1.81,19035.67,2.835,11152.5,3654.33,1.509,0.769,739.07,4.349,0.75,7351.84
2024-01-30,10086.65,866.97,0.66,0.808,4530.7,5577.17,0.882,4513.38,5760.93,4758.33,,,5132.13,9593.1,1.769,18798.68,2.777,10978.26,3601.28,1.489,0.748,711.08,4.258,0.734,7280.28
2024-01-31,10095.58,865.41,0.659,0.778,4498.0,5353.84,0.84,4472.09,5619.73,4696.07,,,5006.91,9557.47,1.756,18783.74,2.733,10875.55,3574.83,1.477,0.717,697.84,4.223,0.723,7266.69
2024-02-01,10029.64,838.07,0.666,0.765,4501.73,5315.14,0.825,4475.37,5597.9,4694.02,,,4984.09,9462.35,1.773,18561.8,2.728,10851.54,3565.26,1.467,0.722,703.1,4.265,0.719,7220.35
2024-02-02,10039.88,797.86,0.65,0.734,4442.19,5118.47,0.787,4422.4,5459.7,4623.23,,,4866.11,9454.85,1.728,18573.47,2.667,10748.97,3534.73,1.453,0.693,686.18,4.185,0.707,7208.61
2024-02-05,10154.59,767.28,0.661,0.68,4487.81,4803.4,0.71,4451.32,5336.51,4619.83,,,4737.8,9447.09,1.749,18553.28,2.628,10809.26,3576.38,1.439,0.659,689.63,4.221,0.699,7262.96
2024-02-06,10278.92,840.19,0.7,0.721,4642.36,5138.36,0.735,4606.08,5750.05,4828.72,,,4946.36,9670.02,1.859,18864.23,2.784,11143.19,3677.18,1.478,0.727,734.47,4.406,0.739,7394.71
2024-02-07,10207.94,835.33,0.709,0.735,4695.19,5368.18,0.715,4650.5,6113.38,4940.4,,,5033.25,9860.37,1.902,19127.52,2.856,11268.58,3717.31,1.496,0.768,757.53,4.444,0.757,7418.61
2024-02-08,10156.18,851.12,0.722,0.787,4730.71,5587.39,0.787,4680.13,6162.03,4973.92,,,5150.16,9874.46,1.926,19085.65,2.905,11326.2,3730.67,1.504,0.792,765.76,4.493,0.772,7424.85
2024-02-19,10349.47,878.56,0.734,0.785,4771.51,5628.22,0.811,4734.2,6151.71,5014.15,,,5222.67,10071.54,1.944,19556.3,2.92,11449.84,3760.76,1.523,0.781,777.8,4.52,0.772,7550.77
2024-02-20,10428.27,896.44,0.731,0.793,4776.6,5646.6,0.813,4744.0,6150.93,5021.67,,,5243.9,10186.98,1.943,19734.69,2.91,11475.27,3756.85,1.528,0.78,769.02,4.523,0.772,7606.67
2024-02-21,10708.21,900.06,0.735,0.799,4834.72,5677.34,0.827,4808.01,6148.64,5071.39,,,5298.39,10189.36,1.951,19822.26,2.93,11634.0,3822.09,1.544,0.781,769.48,4.594,0.779,7712.77
2024-02-22,10718.87,909.44,0.738,0.814,4870.75,5764.68,0.848,4849.46,6193.27,5113.34,,,5363.74,10338.0,1.959,20114.18,2.958,11749.93,3858.34,1.561,0.79,776.85,4.62,0.786,7782.06
2024-02-23,10777.98,906.6,0.738,0.833,4864.99,5848.04,0.871,4853.72,6218.84,5122.09,,,5411.54,10301.44,1.958,20107.53,2.972,11770.97,3858.85,1.567,0.807,778.99,4.613,0.787,7777.82
2024-02-26,10508.03,902.61,0.734,0.839,4816.93,5881.31,0.883,4803.12,6216.15,5081.83,,,5404.71,10120.11,1.952,19630.51,2.979,11607.47,3795.65,1.552,0.814,783.07,4.597,0.787,7640.25
2024-02-27,10515.21,949.62,0.752,0.863,4875.29,6036.46,0.91,4860.74,6350.56,5155.45,,,5507.92,10173.24,2.0,19742.99,3.045,11707.88,3813.9,1.571,0.839,812.03,4.692,0.807,7681.95
2024-02-28,10489.43,918.29,0.733,0.815,4813.9,5765.65,0.844,4798.81,6202.49,5075.56,,,5345.12,10078.09,1.949,19569.12,2.974,11585.95,3783.06,1.547,0.795,786.23,4.605,0.787,7623.56
2024-02-29,10536.38,949.6,0.76,0.84,4906.99,5981.14,0.878,4890.36,6397.21,5188.55,,,5493.99,10194.19,2.017,19759.95,3.066,11758.02,3826.71,1.564,0.832,823.03,4.738,0.811,7694.44
2024-03-01,10523.53,955.93,0.768,0.857,4939.56,6045.3,0.891,4920.57,6435.8,5220.41,,,5539.34,10194.61,2.033,19760.74,3.097,11799.77,3829.41,1.567,0.839,830.96,4.778,0.823,7715.22
2024-03-04,10432.65,946.41,0.771,0.862,4945.61,6074.84,0.894,4924.83,6447.49,5226.23,,,5552.78,10242.65,2.043,19867.86,3.086,11833.93,3835.35,1.571,0.84,834.04,4.763,0.821,7714.08
2024-03-05,10621.79,913.4,0.772,0.848,4981.32,6015.3,0.875,4959.11,6403.23,5243.75,,,5539.56,10298.0,2.039,20011.23,3.089,11942.37,3879.48,1.578,0.827,833.29,4.778,0.818,7790.06
2024-03-06,10533.6,925.93,0.773,0.852,4965.22,6022.38,0.886,4938.99,6401.17,5227.53,,,5541.32,10295.12,2.041,20006.89,3.074,11890.01,3859.98,1.574,0.826,827.3,4.759,0.815,7752.66
2024-03-07,10576.51,892.48,0.754,0.84,4940.32,5934.89,0.88,4909.33,6314.06,5185.84,,,5491.47,10344.42,1.996,20086.95,3.023,11846.74,3848.65,1.569,0.803,809.31,4.706,0.807,7779.24
2024-03-08,10561.2,896.91,0.761,0.853,4954.47,6009.98,0.891,4930.45,6400.56,5220.71,,,5538.2,10401.64,2.012,20213.25,3.062,11886.15,3847.37,1.576,0.819,818.44,4.732,0.814,7804.98
2024-03-11,10534.17,914.08,0.804,0.869,5031.01,6117.72,0.908,4992.14,6509.98,5292.24,,,5624.19,10323.12,2.108,20076.06,3.123,11971.34,3874.23,1.585,0.842,833.97,4.858,0.834,7791.83
2024-03-12,10443.6,910.68,0.808,0.876,5043.95,6150.96,0.92,5003.59,6489.25,5296.83,1.018,,5645.16,10128.59,2.121,19576.5,3.142,11961.23,3885.91,1.579,0.844,833.26,4.892,0.837,7711.04
2024-03-13,10358.46,894.06,0.805,0.881,5007.89,6179.42,0.924,4968.64,6478.95,5267.23,1.01,,5632.19,10085.95,2.109,19518.36,3.139,11865.42,3849.64,1.576,0.85,830.39,4.869,0.836,7633.81
2024-03-14,10343.46,890.53,0.802,0.875,4996.28,6140.1,0.918,4954.53,6452.4,5250.56,1.01,,5607.97,10112.87,2.099,19581.33,3.111,11842.0,3843.71,1.574,0.845,820.12,4.86,0.832,7630.18
2024-03-15,10413.45,920.99,0.801,0.89,4996.05,6217.31,0.931,4965.34,6525.65,5274.53,1.007,,5649.86,10112.44,2.1,19636.98,3.133,11877.59,3849.0,1.579,0.855,824.02,4.848,0.836,7639.74
2024-03-18,10389.77,928.41,0.822,0.902,5036.48,6320.79,0.952,5011.98,6614.55,5329.92,1.013,,5725.65,10088.32,2.148,19630.02,3.175,11968.65,3866.44,1.593,0.874,841.06,4.911,0.849,7666.25
2024-03-19,10300.2,917.58,0.811,0.898,4998.26,6275.43,0.949,4975.96,6554.46,5288.96,1.005,,5687.71,10051.66,2.123,19543.5,3.163,11861.38,3832.57,1.583,0.864,827.17,4.886,0.843,7601.06
2024-03-20,10378.25,917.24,0.81,0.909,5013.62,6333.26,0.96,4986.75,6572.63,5301.26,1.008,,5717.71,10090.99,2.126,19662.77,3.176,11896.45,3847.83,1.586,0.87,829.47,4.888,0.845,7631.17
2024-03-21,10453.88,906.6,0.806,0.908,5007.89,6332.29,0.964,4980.78,6539.63,5289.59,1.007,,5712.72,10103.45,2.115,19747.72,3.173,11897.17,3848.85,1.586,0.858,821.43,4.877,0.841,7635.98
2024-03-22,10416.48,889.21,0.792,0.901,4965.6,6262.46,0.951,4930.58,6442.4,5229.66,0.996,,5648.36,10069.38,2.082,19673.52,3.145,11783.85,3810.95,1.573,0.841,809.27,4.827,0.833,7584.52
2024-03-25,10461.28,868.63,0.778,0.876,4946.0,6117.17,0.926,4903.82,6334.94,5185.94,0.994,,5568.5,10078.1,2.04,19710.94,3.086,11748.03,3807.8,1.566,0.819,796.48,4.776,0.821,7586.12
2024-03-26,10611.92,860.42,0.782,0.875,4969.35,6096.68,0.924,4928.84,6322.58,5202.94,1.0,,5574.89,10071.31,2.053,19728.02,3.101,11797.57,3827.67,1.567,0.812,786.74,4.812,0.822,7637.26
2024-03-27,10657.22,858.45,0.762,0.842,4915.42,5893.54,0.896,4871.87,6169.75,5125.93,0.99,,5455.48,10037.3,1.996,19695.28,3.032,11698.94,3804.19,1.554,0.784,767.1,4.723,0.807,7614.64
2024-03-28,10513.1,869.54,0.768,0.866,4947.65,6023.36,0.921,4897.15,6250.06,5162.75,0.996,,5525.3,10027.81,2.014,19644.45,3.061,11736.1,3809.03,1.557,0.797,777.76,4.765,0.813,7605.7
2024-03-29,10521.02,872.56,0.771,0.878,4976.55,6089.42,0.936,4920.26,6324.9,5196.71,0.999,,5570.7,10131.5,2.025,19933.07,3.07,11807.2,3829.54,1.571,0.803,777.21,4.77,0.818,7649.71
2024-04-01,10621.79,882.19,0.796,0.893,5064.76,6221.24,0.957,5001.15,6462.58,5289.28,1.017,,5676.62,10161.82,2.087,19985.93,3.146,11942.79,3871.79,1.586,0.817,790.24,4.897,0.839,7732.88
2024-04-02,10639.38,875.29,0.792,0.889,5048.73,6189.9,0.954,4980.33,6438.65,5267.89,1.012,,5653.55,10199.6,2.071,20108.57,3.13,11906.84,3862.58,1.586,0.81,783.37,4.865,0.835,7733.19
2024-04-03,10579.28,866.99,0.782,0.882,5039.91,6156.19,0.946,4962.43,6430.72,5252.17,1.009,,5626.36,10300.51,2.051,20280.16,3.109,11869.19,3853.72,1.586,0.801,771.12,4.848,0.832,7721.95
2024-04-08,10639.37,830.26,0.768,0.864,4999.91,6043.14,0.924,4918.76,6339.78,5198.68,1.003,,5548.41,10283.88,2.014,20369.98,3.073,11800.5,3828.22,1.576,0.778,754.72,4.776,0.818,7711.55
2024-04-09,10588.58,848.11,0.777,0.876,4991.08,6120.36,0.942,4914.7,6392.79,5206.72,1.002,,5576.91,10246.41,2.036,20249.14,3.094,11770.59,3813.18,1.576,0.797,763.85,4.785,0.821,7654.25
2024-04-10,10600.93,861.91,0.761,0.86,4950.98,6006.37,0.921,4874.67,6312.12,5158.26,0.994,,5503.33,10270.24,1.992,20300.69,3.042,11712.38,3800.71,1.571,0.785,749.69,4.713,0.809,7621.94
2024-04-11,10578.07,850.64,0.758,0.863,4945.43,6020.76,0.922,4874.02,6343.63,5164.43,0.992,,5512.23,10360.67,1.983,20486.96,3.04,11721.85,3797.74,1.571,0.781,752.69,4.709,0.81,7626.99
2024-04-12,10520.27,838.58,0.749,0.857,4906.36,5974.72,0.917,4834.52,6314.21,5127.22,0.981,,5473.48,10325.68,1.962,20464.04,3.023,11640.32,3764.72,1.562,0.771,752.44,4.658,0.804,7559.33
2024-04-15,10714.92,827.42,0.766,0.838,5010.97,5917.35,0.883,4936.38,6388.99,5222.91,1.004,,5491.61,10516.63,2.0,20882.49,3.055,11877.77,3843.96,1.578,0.77,765.14,4.763,0.816,7743.34
2024-04-16,10718.22,795.41,0.752,0.796,4968.31,5670.19,0.826,4883.58,6211.71,5143.97,1.0,,5332.72,10481.76,1.962,20862.9,2.985,11769.8,3825.42,1.559,0.741,747.06,4.706,0.798,7725.96
2024-04-17,10908.87,829.42,0.767,0.835,5036.74,5917.29,0.881,4959.09,6389.13,5240.73,1.008,,5494.36,10674.41,2.001,21285.42,3.05,11940.18,3869.08,1.581,0.763,765.13,4.78,0.815,7847.4
2024-04-18,11029.12,829.28,0.761,0.834,5034.8,5916.47,0.874,4965.6,6401.21,5248.39,1.009,,5496.93,10720.27,1.991,21375.91,3.05,11965.66,3877.56,1.581,0.768,759.84,4.776,0.814,7891.43
2024-04-19,11001.19,813.07,0.745,0.83,4996.54,5891.6,0.871,4926.66,6359.37,5209.0,1.002,,5462.04,10752.01,1.953,21394.23,3.01,11893.96,3854.37,1.578,0.75,744.42,4.715,0.807,7883.11
2024-04-22,10919.69,813.17,0.743,0.825,4985.17,5871.19,0.869,4912.53,6303.7,5186.14,1.003,,5434.45,10533.83,1.951,20956.2,3.011,11847.92,3846.87,1.569,0.76,745.69,4.713,0.806,7809.01
2024-04-23,10912.44,823.37,0.743,0.828,4941.44,5840.25,0.88,4878.56,6233.14,5144.57,0.996,,5407.97,10358.59,1.953,20639.6,2.99,11763.1,3829.41,1.561,0.767,741.66,4.687,0.799,7729.77
2024-04-24,10879.45,833.96,0.749,0.843,4955.27,5938.01,0.898,4899.98,6298.74,5175.25,0.999,,5463.55,10373.45,1.969,20594.0,3.0,11829.98,3845.88,1.569,0.774,752.65,4.704,0.805,7752.34
2024-04-25,11037.3,826.82,0.749,0.841,4970.08,5947.59,0.9,4912.03,6294.56,5183.81,1.003,,5473.99,10425.35,1.966,20746.45,3.012,11856.73,3857.78,1.573,0.778,747.26,4.708,0.805,7798.18
2024-04-26,10873.89,834.91,0.778,0.859,5049.0,6062.92,0.913,4987.35,6430.04,5271.55,1.02,,5565.76,10360.12,2.032,20506.97,3.065,12020.31,3905.75,1.588,0.803,766.52,4.808,0.824,7836.35
2024-04-29,10985.92,841.95,0.807,0.885,5106.66,6207.87,0.94,5042.74,6557.37,5341.93,1.031,,5663.47,10350.81,2.104,20445.68,3.139,12095.68,3925.55,1.598,0.828,790.88,4.911,0.843,7871.3
2024-04-30,11037.2,841.12,0.798,0.876,5075.78,6155.77,0.936,5019.19,6512.67,5314.0,1.026,,5630.98,10369.98,2.08,20533.11,3.115,12047.78,3909.54,1.597,0.824,782.02,4.871,0.834,7859.73
2024-05-06,11036.51,853.14,0.815,0.898,5168.09,6278.73,0.958,5093.66,6617.36,5394.55,1.045,,5727.16,10473.04,2.123,20670.83,3.165,12187.96,3959.54,1.609,0.843,792.42,4.973,0.851,7918.7
2024-05-07,11031.9,849.39,0.81,0.901,5171.65,6299.57,0.964,5095.24,6615.54,5395.4,1.044,,5736.78,10477.15,2.119,20693.05,3.169,12206.61,3965.9,1.61,0.843,784.4,4.966,0.852,7921.21
2024-05-08,11040.31,842.96,0.796,0.885,5126.94,6200.65,0.953,5055.17,6533.9,5346.7,1.033,,5675.19,10489.69,2.086,20781.14,3.122,12133.3,3944.08,1.603,0.829,776.11,4.905,0.841,7891.27
2024-05-09,11063.92,846.42,0.809,0.902,5179.73,6302.45,0.963,5102.99,6651.22,5409.04,1.044,,5744.87,10564.32,2.126,20924.66,3.169,12227.42,3969.01,1.614,0.847,793.65,4.973,0.852,7946.12
2024-05-10,11194.38,832.3,0.8,0.891,5178.13,6244.2,0.951,5106.04,6627.78,5406.47,1.044,,5724.27,10621.45,2.108,21041.13,3.159,12262.57,3979.87,1.615,0.832,781.73,4.954,0.848,8021.87
2024-05-13,11268.84,816.97,0.788,0.877,5170.76,6184.61,0.934,5103.84,6591.7,5397.1,1.041,,5692.21,10651.39,2.082,21185.65,3.148,12272.42,3976.51,1.609,0.816,778.18,4.932,0.842,8053.02
2024-05-14,11198.26,822.99,0.787,0.884,5151.1,6220.4,0.946,5093.77,6586.62,5388.13,1.038,,5699.83,10620.82,2.077,21092.03,3.152,12236.96,3961.08,1.609,0.819,774.73,4.918,0.841,8000.71
2024-05-15,11190.38,817.35,0.782,0.877,5117.2,6159.57,0.936,5054.72,6523.2,5344.09,1.029,,5651.97,10613.67,2.059,21057.98,3.123,12128.58,3930.39,1.6,0.808,763.69,4.896,0.835,7978.95
2024-05-16,11388.27,813.19,0.786,0.876,5132.54,6151.72,0.941,5074.68,6500.7,5354.97,1.037,,5663.96,10639.21,2.063,21088.4,3.133,12169.22,3949.47,1.598,0.804,760.63,4.918,0.837,8044.52
2024-05-17,11520.64,817.13,0.793,0.891,5190.79,6235.78,0.955,5127.69,6582.32,5413.81,1.048,,5728.98,10749.0,2.09,21250.77,3.164,12305.53,4004.61,1.61,0.819,768.85,4.966,0.848,8148.87
2024-05-20,11466.56,818.47,0.797,0.894,5203.23,6273.65,0.956,5145.8,6621.33,5436.27,1.049,,5754.38,10849.78,2.098,21465.88,3.184,12360.58,4018.34,1.621,0.819,767.96,4.972,0.85,8159.55
2024-05-21,11553.31,808.92,0.789,0.885,5175.88,6207.16,0.948,5126.58,6569.82,5410.3,1.046,,5717.43,10887.32,2.083,21523.97,3.165,12312.03,4006.29,1.612,0.807,762.55,4.941,0.844,8168.07
2024-05-22,11604.11,819.23,0.801,0.889,5188.96,6212.1,0.953,5138.8,6561.53,5418.12,1.047,,5726.83,10882.77,2.107,21477.0,3.173,12336.42,4012.33,1.614,0.812,769.41,4.962,0.846,8179.9
2024-05-23,11533.51,833.07,0.791,0.869,5128.0,6071.43,0.932,5079.36,6436.46,5345.05,1.035,,5633.81,10744.68,2.075,21258.57,3.145,12186.3,3967.57,1.597,0.796,756.61,4.907,0.835,8103.22
2024-05-24,11435.79,814.87,0.775,0.86,5071.14,6002.9,0.923,5023.9,6380.8,5289.78,1.024,,5575.37,10719.19,2.04,21241.2,3.092,12058.59,3925.69,1.586,0.777,741.15,4.85,0.825,8038.63
2024-05-27,11578.69,818.84,0.779,0.866,5114.99,6064.46,0.928,5072.07,6450.78,5342.36,1.031,,5629.2,10873.93,2.053,21607.23,3.119,12192.48,3962.46,1.598,0.786,752.81,4.882,0.832,8144.59
2024-05-28,11535.9,817.75,0.767,0.858,5079.32,6002.24,0.921,5035.45,6385.7,5299.87,1.024,,5580.99,10822.26,2.027,21536.2,3.088,12142.3,3950.65,1.593,0.782,748.94,4.812,0.822,8099.27
2024-05-29,11440.98,814.2,0.771,0.857,5096.47,6007.53,0.922,5042.26,6404.32,5309.15,1.028,,5590.1,10846.36,2.03,21545.17,3.11,12156.95,3955.43,1.591,0.778,748.41,4.82,0.823,8080.19
2024-05-30,11350.67,802.69,0.773,0.855,5068.84,5991.6,0.917,5016.31,6385.7,5284.86,1.021,,5562.63,10758.38,2.036,21385.24,3.124,12075.47,3924.63,1.585,0.782,757.25,4.816,0.822,8016.62
2024-05-31,11372.75,802.91,0.771,0.862,5037.98,6017.68,0.93,4996.33,6388.46,5269.76,1.017,,5563.23,10767.35,2.03,21384.78,3.11,12027.66,3906.27,1.586,0.787,757.89,4.803,0.821,7990.86
2024-06-03,11260.7,786.13,0.777,0.847,5068.56,5939.76,0.911,5008.93,6347.34,5270.96,1.02,,5533.15,10701.46,2.041,21193.62,3.117,12038.49,3917.11,1.579,0.783,765.23,4.818,0.82,7995.4
2024-06-04,11306.77,787.15,0.787,0.848,5113.72,5973.29,0.901,5047.05,6429.35,5318.19,1.029,,5561.48,10756.03,2.069,21243.28,3.151,12122.09,3939.8,1.585,0.785,768.51,4.867,0.829,8027.31
2024-06-05,11193.89,777.44,0.784,0.837,5084.34,5896.64,0.883,5020.11,6355.43,5281.44,1.024,,5504.12,10619.03,2.058,20946.72,3.144,12053.84,3920.18,1.576,0.784,766.88,4.85,0.824,7960.63
2024-06-06,11181.39,756.76,0.779,0.815,5092.38,5772.82,0.849,5017.83,6301.87,5268.34,1.022,,5441.73,10651.9,2.045,21009.1,3.126,12056.71,3919.7,1.571,0.766,758.32,4.842,0.821,7989.84
2024-06-07,11275.31,764.14,0.76,0.82,5057.64,5802.38,0.868,4995.57,6284.2,5247.14,1.014,,5448.71,10735.63,2.003,21217.34,3.094,12042.69,3907.44,1.573,0.762,754.03,4.782,0.813,8013.81
2024-06-11,11071.99,770.52,0.761,0.828,5012.69,5854.29,0.872,4952.94,6294.63,5215.89,1.008,,5439.01,10557.18,2.007,20821.88,3.11,11908.13,3855.83,1.564,0.784,772.35,4.766,0.81,7890.97
2024-06-12,11028.1,772.94,0.756,0.833,5010.84,5874.68,0.884,4955.19,6316.11,5222.19,1.006,,5461.33,10680.15,1.997,21056.6,3.125,11911.26,3856.02,1.567,0.78,771.5,4.759,0.812,7898.6
2024-06-13,10948.57,771.04,0.759,0.83,4981.45,5835.1,0.879,4932.59,6274.64,5195.7,1.0,,5432.16,10565.23,1.996,20826.81,3.111,11862.45,3838.48,1.564,0.79,775.66,4.738,0.808,7852.12
2024-06-14,11058.08,776.42,0.767,0.833,5010.8,5838.98,0.882,4961.28,6300.09,5223.59,1.004,,5453.11,10570.88,2.012,20854.18,3.134,11923.1,3865.06,1.566,0.784,770.86,4.765,0.813,7927.57
2024-06-17,10965.18,767.8,0.775,0.83,5005.65,5843.78,0.876,4954.18,6293.51,5216.63,1.001,,5445.13,10435.98,2.025,20634.94,3.151,11873.76,3848.87,1.559,0.79,773.85,4.78,0.815,7856.78
2024-06-18,11001.36,765.5,0.779,0.841,5017.78,5893.6,0.892,4967.52,6324.31,5233.62,1.001,,5479.06,10474.26,2.035,20717.97,3.163,11904.29,3847.47,1.562,0.788,773.77,4.799,0.818,7908.57
2024-06-19,11124.63,770.48,0.77,0.833,5003.61,5819.24,0.889,4951.52,6251.78,5205.68,0.998,,5444.84,10443.66,2.008,20724.95,3.133,11901.93,3856.46,1.561,0.774,768.61,4.755,0.811,7927.18
2024-06-20,11070.13,750.3,0.758,0.817,4973.14,5705.59,0.868,4916.88,6162.87,5159.66,0.991,,5376.47,10421.25,1.98,20721.35,3.098,11854.08,3848.27,1.555,0.776,772.68,4.704,0.798,7906.35
2024-06-21,11050.59,761.45,0.755,0.817,4958.68,5706.87,0.87,4907.3,6174.57,5154.64,0.991,,5371.7,10425.87,1.974,20711.89,3.091,11829.4,3834.0,1.552,0.776,776.08,4.698,0.798,7909.21
2024-06-24,11074.21,733.08,0.744,0.789,4946.27,5518.54,0.836,4881.73,6043.66,5106.8,0.989,,5276.16,10301.08,1.943,20474.42,3.048,11792.99,3842.2,1.538,0.749,756.4,4.654,0.788,7888.0
2024-06-25,11122.82,735.32,0.73,0.785,4923.15,5473.85,0.836,4855.18,5990.78,5074.77,0.987,,5247.01,10334.14,1.909,20553.7,3.025,11733.9,3826.42,1.533,0.73,734.51,4.62,0.778,7887.49
2024-06-26,11146.83,748.72,0.742,0.807,4953.83,5632.14,0.864,4889.74,6081.92,5121.2,0.991,,5327.44,10375.83,1.946,20665.12,3.074,11794.34,3835.71,1.545,0.753,746.68,4.672,0.79,7901.8
2024-06-27,11260.11,736.71,0.731,0.787,4920.92,5496.28,0.847,4856.09,5971.34,5071.35,0.985,,5255.83,10323.24,1.913,20657.93,3.035,11729.84,3823.3,1.537,0.735,732.06,4.628,0.778,7897.6
2024-06-28,11322.42,739.52,0.723,0.79,4937.6,5533.69,0.853,4870.47,5992.19,5087.04,0.988,,5278.5,10382.42,1.893,20859.37,3.046,11795.68,3836.34,1.547,0.73,728.86,4.611,0.781,7970.92
2024-07-01,11461.54,740.22,0.722,0.798,4950.27,5584.06,0.863,4893.82,6065.39,5120.88,0.985,,5318.5,10608.55,1.89,21260.78,3.058,11869.96,3853.31,1.555,0.724,726.32,4.613,0.782,8059.93
2024-07-02,11646.03,737.25,0.715,0.793,4940.94,5545.04,0.866,4884.82,6000.95,5100.14,0.984,,5299.36,10595.02,1.871,21312.63,3.039,11887.52,3871.27,1.555,0.714,715.64,4.571,0.778,8089.42
2024-07-03,11537.58,723.03,0.714,0.786,4941.75,5502.45,0.856,4873.71,5954.61,5081.59,0.987,,5270.14,10511.83,1.866,21115.98,3.017,11870.15,3868.36,1.55,0.711,718.36,4.561,0.772,8051.0
2024-07-04,11560.95,725.57,0.709,0.769,4922.83,5384.63,0.833,4849.4,5863.37,5043.16,0.984,,5201.72,10446.72,1.851,21038.5,3.0,11819.79,3857.77,1.542,0.696,706.68,4.539,0.765,8043.44
2024-07-05,11323.42,723.06,0.712,0.778,4904.41,5441.52,0.842,4829.91,5906.1,5036.98,0.98,,5215.9,10417.53,1.859,20897.27,2.995,11766.79,3823.85,1.537,0.709,715.36,4.533,0.766,7948.8
2024-07-08,11381.04,697.99,0.7,0.758,4865.37,5309.83,0.821,4791.55,5806.57,4985.78,0.971,,5137.65,10361.68,1.828,20787.18,2.964,11696.18,3805.02,1.528,0.688,708.85,4.482,0.756,7938.4
2024-07-09,11511.77,707.39,0.713,0.773,4918.8,5426.86,0.837,4850.1,5921.88,5056.15,0.98,,5220.53,10478.07,1.856,21031.21,3.016,11839.63,3841.88,1.545,0.7,726.66,4.533,0.767,8015.51
2024-07-10,11556.46,705.97,0.713,0.77,4906.35,5405.9,0.831,4840.25,5883.51,5040.27,0.978,,5198.74,10288.98,1.854,20656.17,3.024,11808.48,3835.38,1.538,0.693,727.15,4.535,0.766,7981.05
2024-07-11,11491.06,722.15,0.727,0.791,4978.0,5538.34,0.858,4905.59,6001.28,5116.48,0.995,,5299.08,10321.36,1.895,20691.63,3.073,11938.55,3874.59,1.554,0.713,735.0,4.615,0.781,8007.82
2024-07-12,11737.11,724.36,0.727,0.787,5000.11,5521.77,0.856,4918.72,5979.4,5122.08,1.0,,5297.21,10312.1,1.894,20690.98,3.076,11977.07,3903.27,1.552,0.717,735.34,4.624,0.782,8061.93
2024-07-15,11841.44,721.66,0.72,0.776,4994.55,5465.51,0.841,4925.23,5936.63,5118.05,0.997,,5271.06,10402.19,1.879,20889.83,3.064,12016.2,3916.63,1.554,0.705,732.77,4.603,0.776,8094.34
2024-07-16,11816.36,741.03,0.733,0.778,5032.47,5476.79,0.836,4961.97,5955.72,5150.85,1.002,,5296.58,10352.78,1.906,20823.05,3.1,12084.77,3932.23,1.559,0.713,749.36,4.649,0.782,8091.33
2024-07-17,11895.81,794.37,0.731,0.769,5034.74,5431.22,0.826,4968.26,5905.68,5145.09,1.006,,5272.36,10295.18,1.905,20698.82,3.086,12102.4,3948.18,1.555,0.714,746.22,4.645,0.779,8085.6
2024-07-18,11884.39,762.34,0.743,0.772,5070.69,5450.87,0.825,4997.1,5933.02,5173.47,1.016,,5293.52,10320.76,1.932,20787.66,3.08,12172.79,3967.13,1.559,0.722,752.85,4.679,0.783,8132.32
2024-07-19,11865.67,757.76,0.745,0.775,5098.78,5463.09,0.828,5026.61,5926.35,5195.12,1.021,,5314.1,10254.52,1.938,20623.05,3.093,12242.19,3993.95,1.562,0.733,767.28,4.708,0.786,8137.49
2024-07-22,11683.79,758.02,0.744,0.778,5064.43,5469.68,0.831,4992.51,5919.28,5166.96,1.014,,5301.32,10159.8,1.94,20434.45,3.08,12158.53,3954.54,1.552,0.735,769.87,4.681,0.781,8050.6
2024-07-23,11789.91,744.34,0.723,0.757,4949.62,5320.21,0.813,4886.88,5745.31,5047.22,0.994,,5179.19,10033.72,1.879,20332.8,2.993,11935.14,3896.22,1.533,0.704,738.25,4.554,0.762,8003.96
2024-07-24,11788.9,726.0,0.714,0.743,4916.62,5248.28,0.8,4857.52,5679.14,5010.14,0.986,,5128.15,10017.89,1.855,20360.52,2.961,11900.37,3886.92,1.528,0.688,730.32,4.485,0.751,7992.25
2024-07-25,11685.39,729.55,0.712,0.745,4887.74,5250.7,0.804,4831.03,5676.11,4988.79,0.98,,5116.87,9993.86,1.849,20235.3,2.967,11806.91,3852.39,1.521,0.692,730.94,4.482,0.748,7936.93
2024-07-26,11511.04,733.93,0.719,0.758,4918.86,5329.9,0.819,4851.22,5763.95,5023.35,0.984,,5168.49,10000.62,1.864,20100.86,2.992,11809.41,3839.17,1.523,0.695,737.41,4.539,0.759,7931.47
2024-07-29,11669.33,726.92,0.707,0.755,4877.63,5311.27,0.822,4825.6,5730.89,4996.25,0.976,,5151.65,10010.11,1.838,20197.39,2.979,11785.11,3828.03,1.521,0.685,724.83,4.489,0.755,7977.45
2024-07-30,11622.74,733.0,0.705,0.758,4842.81,5330.47,0.828,4796.31,5720.56,4971.16,0.969,,5141.98,9950.11,1.834,20043.08,2.949,11725.19,3808.22,1.514,0.688,727.56,4.449,0.748,7916.39
2024-07-31,11590.44,751.12,0.729,0.792,4950.17,5542.24,0.857,4899.82,5949.41,5100.98,0.991,,5292.45,10107.48,1.899,20234.61,3.04,11950.74,3873.58,1.54,0.728,761.79,4.58,0.773,7992.93
2024-08-01,11613.64,749.22,0.718,0.787,4911.77,5530.12,0.86,4867.61,5908.89,5067.14,0.981,,5269.84,10089.66,1.874,20245.26,3.014,11898.99,3849.16,1.537,0.722,757.18,4.537,0.767,8001.58
2024-08-02,11565.37,736.11,0.704,0.778,4858.99,5452.67,0.848,4817.96,5830.53,5011.59,0.972,,5207.83,10063.88,1.843,20224.37,2.977,11783.64,3821.92,1.528,0.711,743.64,4.474,0.755,7930.96
2024-08-05,11470.45,713.79,0.689,0.757,4802.09,5304.06,0.825,4759.52,5715.3,4941.29,0.968,,5112.91,9947.9,1.805,19993.08,2.916,11650.08,3797.8,1.509,0.692,721.75,4.408,0.743,7841.74
2024-08-06,11349.73,724.54,0.699,0.771,4796.13,5384.89,0.844,4759.14,5784.8,4955.85,0.959,,5150.82,9916.67,1.83,19911.3,2.936,11626.08,3772.38,1.508,0.708,731.55,4.427,0.747,7782.34
2024-08-07,11368.73,723.5,0.695,0.767,4790.32,5377.5,0.845,4757.02,5786.38,4954.53,0.958,,5150.13,9943.44,1.82,20000.6,2.923,11634.44,3774.16,1.511,0.707,725.12,4.413,0.745,7793.46
2024-08-08,11393.54,720.27,0.691,0.768,4794.0,5373.33,0.842,4759.69,5792.01,4957.82,0.96,,5147.08,9990.02,1.812,20021.77,2.929,11640.94,3783.94,1.513,0.706,727.04,4.417,0.747,7795.32
2024-08-09,11445.43,721.26,0.685,0.76,4783.17,5331.81,0.837,4745.0,5749.19,4937.18,0.957,,5120.78,9948.16,1.794,20029.38,2.921,11620.19,3781.15,1.508,0.698,723.58,4.394,0.743,7794.77
2024-08-12,11427.11,717.38,0.682,0.756,4774.96,5299.65,0.83,4736.8,5741.69,4929.17,0.956,,5103.08,10003.68,1.791,20094.54,2.911,11609.1,3779.39,1.504,0.695,725.41,4.385,0.74,7786.34
2024-08-13,11476.49,721.14,0.69,0.76,4786.29,5326.6,0.837,4748.97,5763.25,4943.29,0.956,,5123.41,10018.91,1.808,20167.49,2.92,11632.29,3780.67,1.508,0.698,728.91,4.394,0.744,7815.77
2024-08-14,11469.85,713.71,0.681,0.752,4747.45,5272.15,0.836,4714.14,5684.37,4899.2,0.949,,5081.68,9977.7,1.781,20138.16,2.891,11564.7,3761.85,1.502,0.686,718.85,4.345,0.736,7797.49
2024-08-15,11620.01,710.95,0.685,0.759,4798.84,5320.52,0.842,4761.49,5722.97,4944.46,0.959,,5129.43,10067.07,1.793,20342.22,2.901,11699.33,3810.5,1.514,0.691,725.64,4.383,0.739,7899.64
2024-08-16,11757.45,706.98,0.685,0.753,4807.85,5280.18,0.844,4768.66,5689.94,4943.0,0.961,,5120.52,10067.7,1.788,20415.57,2.895,11727.22,3828.02,1.514,0.688,723.25,4.375,0.739,7951.51
2024-08-19,11982.76,699.45,0.686,0.753,4818.04,5289.26,0.839,4784.88,5705.32,4958.96,0.962,,5128.21,10152.59,1.786,20711.78,2.887,11787.5,3847.58,1.52,0.686,721.3,4.377,0.739,8034.97
2024-08-20,12018.3,701.13,0.677,0.74,4792.85,5193.64,0.824,4750.72,5606.94,4911.22,0.957,,5066.28,10035.84,1.763,20509.54,2.854,11710.6,3830.62,1.509,0.671,711.25,4.341,0.731,8003.88
2024-08-21,11930.7,699.62,0.675,0.735,4783.23,5158.83,0.821,4735.15,5588.8,4895.18,0.955,,5048.4,9956.95,1.752,20354.64,2.856,11677.43,3818.27,1.504,0.67,709.31,4.33,0.727,7971.31
2024-08-22,12032.48,683.16,0.67,0.729,4780.08,5095.22,0.812,4723.12,5523.31,4871.77,0.955,,5008.13,9941.22,1.737,20413.52,2.831,11655.17,3821.66,1.501,0.667,703.05,4.305,0.722,7996.61
2024-08-23,12097.72,678.36,0.67,0.726,4803.49,5099.25,0.807,4744.35,5528.05,4889.36,0.961,,5016.81,9951.57,1.738,20379.88,2.831,11714.2,3844.88,1.502,0.662,703.29,4.322,0.722,8064.66
2024-08-26,12111.37,681.7,0.67,0.733,4802.38,5119.16,0.817,4741.39,5537.12,4888.99,0.96,,5028.15,9940.36,1.736,20385.8,2.829,11700.54,3842.4,1.502,0.663,699.94,4.33,0.724,8072.68
2024-08-27,12144.66,668.84,0.664,0.722,4777.79,5059.13,0.805,4714.45,5477.33,4855.15,0.956,,4980.7,9938.47,1.718,20504.62,2.813,11658.08,3839.37,1.499,0.657,691.58,4.286,0.715,8062.3
2024-08-28,12051.09,670.36,0.664,0.725,4754.26,5071.46,0.808,4690.48,5483.08,4837.66,0.954,,4973.18,9896.1,1.72,20376.84,2.804,11594.37,3816.06,1.492,0.657,688.38,4.263,0.714,8011.8
2024-08-29,11657.59,673.29,0.667,0.737,4749.16,5153.34,0.822,4677.9,5553.62,4842.94,0.953,,5000.92,9752.64,1.733,19948.69,2.837,11521.6,3785.87,1.489,0.672,696.96,4.29,0.72,7852.22
2024-08-30,11390.68,684.64,0.685,0.751,4826.14,5251.9,0.84,4740.34,5652.58,4912.9,0.97,,5082.33,9786.65,1.778,19830.59,2.924,11619.48,3814.54,1.496,0.682,711.91,4.406,0.739,7864.49
2024-09-02,11433.15,665.83,0.666,0.739,4741.34,5142.16,0.825,4660.41,5540.2,4826.4,0.953,,4992.03,9822.66,1.726,19936.05,2.863,11423.51,3758.1,1.48,0.66,687.14,4.311,0.722,7827.95
2024-09-03,11231.26,670.9,0.673,0.747,4763.24,5187.41,0.83,4672.42,5600.85,4848.78,0.958,,5023.06,9752.38,1.747,19697.12,2.895,11411.68,3743.79,1.477,0.665,692.21,4.36,0.73,7767.37
2024-09-04,11191.7,661.99,0.674,0.743,4729.49,5162.87,0.826,4642.16,5583.31,4821.38,0.953,,4993.96,9739.71,1.747,19631.75,2.876,11321.31,3712.14,1.472,0.668,689.47,4.341,0.728,7704.98
2024-09-05,11173.43,660.12,0.677,0.747,4732.5,5203.79,0.835,4650.47,5607.27,4833.01,0.955,,5016.46,9746.08,1.76,19584.22,2.888,11345.89,3718.11,1.473,0.673,688.42,4.343,0.729,7701.22
2024-09-06,11195.55,647.79,0.667,0.734,4688.64,5114.94,0.816,4612.77,5529.76,4786.96,0.948,,4955.87,9652.05,1.728,19458.32,2.84,11284.02,3699.22,1.465,0.659,679.27,4.288,0.719,7668.24
2024-09-09,10997.05,639.42,0.669,0.729,4633.58,5078.09,0.817,4558.67,5492.87,4736.81,0.936,,4913.59,9489.07,1.733,19130.0,2.817,11135.36,3649.21,1.451,0.65,671.68,4.244,0.714,7534.59
2024-09-10,11078.56,637.49,0.668,0.734,4632.3,5091.85,0.821,4562.68,5494.03,4740.18,0.935,,4923.15,9497.0,1.732,19158.57,2.825,11150.66,3653.67,1.455,0.655,676.88,4.25,0.715,7554.94
2024-09-11,10821.44,637.65,0.677,0.731,4636.31,5090.28,0.815,4549.86,5502.94,4732.08,0.936,,4911.81,9315.21,1.751,18692.86,2.845,11091.05,3630.82,1.444,0.662,681.31,4.265,0.717,7458.32
2024-09-12,10898.85,631.09,0.677,0.729,4616.36,5070.84,0.817,4530.36,5480.61,4712.07,0.934,,4893.81,9342.7,1.747,18786.54,2.82,11054.03,3612.44,1.441,0.659,675.69,4.242,0.712,7478.83
2024-09-13,10866.63,634.83,0.672,0.721,4601.81,5007.97,0.807,4512.07,5425.49,4685.99,0.93,,4856.24,9305.49,1.729,18731.39,2.803,11028.89,3607.55,1.436,0.648,671.79,4.221,0.707,7484.07
2024-09-18,10977.37,629.02,0.671,0.718,4623.77,4992.08,0.797,4528.87,5440.06,4702.23,0.933,,4859.89,9412.29,1.723,18991.53,2.799,11081.27,3628.56,1.441,0.648,663.96,4.231,0.708,7577.39
2024-09-19,10976.96,636.81,0.676,0.733,4653.98,5086.57,0.821,4565.32,5510.18,4745.71,0.941,,4922.79,9444.54,1.74,19023.06,2.814,11158.93,3648.21,1.449,0.649,668.12,4.269,0.715,7618.09
2024-09-20,11058.88,634.88,0.672,0.728,4662.96,5065.56,0.817,4572.77,5483.55,4745.82,0.942,,4918.2,9435.54,1.728,19002.4,2.812,11177.14,3653.86,1.449,0.641,664.93,4.28,0.714,7663.09
2024-09-23,11233.55,627.54,0.67,0.729,4672.65,5072.16,0.825,4589.5,5479.08,4757.93,0.943,,4929.78,9535.88,1.72,19230.8,2.811,11221.28,3669.84,1.455,0.633,659.48,4.282,0.714,7749.49
2024-09-24,11712.97,648.2,0.711,0.759,4874.24,5269.21,0.852,4788.31,5716.93,4964.15,0.983,,5129.93,9966.39,1.818,20080.24,2.923,11713.18,3848.37,1.502,0.661,684.1,4.466,0.747,8063.53
2024-09-25,11947.68,656.07,0.722,0.765,4949.42,5319.14,0.855,4859.48,5768.35,5030.74,1.003,,5195.5,10104.8,1.844,20396.82,2.946,11880.67,3904.29,1.514,0.66,684.39,4.531,0.754,8196.53
2024-09-26,12377.96,675.54,0.754,0.796,5153.28,5532.58,0.884,5065.65,6020.61,5245.79,1.045,,5405.38,10471.96,1.932,21017.73,3.056,12380.02,4087.3,1.561,0.695,710.87,4.751,0.793,8507.06
2024-09-27,12263.78,750.76,0.841,0.855,5389.12,5830.89,0.93,5291.92,6342.77,5491.51,1.103,,5665.44,10624.35,2.131,21062.95,3.246,12784.73,4206.58,1.603,0.752,758.93,5.085,0.844,8613.69
2024-09-30,12833.35,922.26,1.009,0.941,5841.34,6481.03,1.023,5741.03,7003.33,5983.75,1.195,,6211.58,11305.54,2.557,22292.03,3.559,13755.68,4508.15,1.733,0.901,894.66,5.583,0.928,9176.94
2024-10-08,13197.93,1150.12,1.211,1.035,6194.22,7040.92,1.125,6081.45,7506.17,6357.32,1.273,,6647.44,11413.34,3.068,22565.99,3.898,14330.53,4668.05,1.84,1.081,1050.14,6.13,1.021,9526.28
2024-10-09,12390.76,1010.8,1.023,0.935,5736.65,6502.14,1.013,5652.7,6994.09,5912.79,1.156,,6152.22,10540.9,2.568,20952.67,3.52,13457.85,4385.95,1.686,0.935,1023.36,5.568,0.939,8850.6
2024-10-10,12894.0,1007.65,0.989,0.934,5817.08,6419.67,0.99,5714.22,6940.33,5949.31,1.178,,6164.77,10868.04,2.491,21813.16,3.471,13700.63,4483.31,1.686,0.902,978.59,5.528,0.931,9169.05
2024-10-11,12755.72,922.76,0.936,0.896,5637.53,6150.78,0.952,5556.27,6672.6,5768.6,1.142,,5959.02,10677.37,2.36,21386.95,3.327,13400.18,4387.29,1.65,0.836,921.91,5.334,0.888,8998.31
2024-10-14,13176.54,983.75,0.963,0.93,5742.76,6376.82,0.985,5662.29,6840.23,5887.31,1.164,,6111.29,10957.84,2.424,22059.43,3.422,13643.71,4457.34,1.674,0.855,949.66,5.442,0.914,9218.43
2024-10-15,12900.73,968.41,0.93,0.912,5597.31,6253.68,0.971,5511.74,6675.57,5734.47,1.135,0.932,5973.06,10715.16,2.343,21583.02,3.357,13287.41,4345.93,1.644,0.834,921.84,5.289,0.891,8990.55
2024-10-16,13222.58,981.31,0.906,0.917,5541.72,6273.29,0.983,5476.93,6662.52,5704.49,1.123,0.923,5961.09,10862.8,2.291,21953.53,3.318,13260.06,4337.84,1.641,0.821,898.15,5.207,0.883,9059.95
2024-10-17,13025.81,1025.18,0.904,0.92,5464.3,6252.18,0.98,5414.94,6611.95,5645.25,1.107,0.915,5915.62,10681.45,2.285,21667.87,3.307,13113.35,4272.84,1.627,0.828,901.65,5.148,0.877,8928.45
2024-10-18,13085.31,1130.75,0.984,0.956,5669.59,6529.2,1.014,5614.78,6882.02,5859.16,1.142,0.952,6137.62,10774.78,2.47,21798.47,3.438,13525.19,4395.55,1.667,0.903,1003.76,5.401,0.916,9075.71
2024-10-21,12921.08,1314.44,0.987,0.983,5701.61,6655.61,1.03,5629.22,6960.67,5887.3,1.155,0.955,6203.24,10705.16,2.483,21648.33,3.483,13546.67,4394.15,1.665,0.906,1026.06,5.433,0.925,9039.44
2024-10-22,12920.22,1214.51,0.991,0.982,5731.45,6687.77,1.04,5661.61,7021.22,5925.57,1.161,0.964,6245.12,10774.48,2.492,21755.14,3.53,13608.16,4413.36,1.675,0.896,1011.15,5.486,0.931,9095.81
2024-10-23,12966.74,1266.02,0.983,0.982,5755.66,6704.83,1.043,5683.99,7049.1,5949.02,1.167,0.965,6267.03,10793.85,2.477,21723.27,3.539,13671.78,4438.82,1.682,0.901,1004.29,5.48,0.936,9147.01
2024-10-24,12937.54,1317.48,0.969,0.974,5684.39,6657.27,1.043,5620.82,6988.68,5886.74,1.154,0.955,6215.99,10741.66,2.442,21612.82,3.49,13546.51,4394.01,1.672,0.892,1002.7,5.41,0.922,9082.68
2024-10-25,12859.13,1318.56,1.001,1.001,5732.92,6786.27,1.068,5660.74,7090.42,5939.72,1.164,0.965,6297.56,10752.51,2.516,21538.68,3.533,13574.02,4398.6,1.679,0.909,1016.67,5.501,0.941,9068.73
2024-10-28,12752.96,1330.49,0.994,1.02,5737.59,6908.02,1.097,5671.81,7180.85,5967.75,1.162,0.967,6370.29,10859.35,2.507,21617.47,3.553,13610.61,4403.46,1.686,0.912,1011.89,5.509,0.945,9055.55
2024-10-29,12756.91,1379.45,0.969,0.995,5676.54,6796.67,1.073,5615.28,7094.01,5905.0,1.154,0.958,6292.83,10693.53,2.446,21310.49,3.53,13520.65,4373.38,1.674,0.892,1000.42,5.427,0.935,9002.95
2024-10-30,12603.49,1348.93,0.958,1.0,5630.31,6837.11,1.078,5565.4,7125.01,5872.7,1.141,0.954,6282.77,10601.29,2.418,21151.48,3.533,13403.92,4319.91,1.662,0.883,983.44,5.389,0.93,8902.86
2024-10-31,12524.83,1326.24,0.965,1.022,5620.56,6948.11,1.098,5567.99,7202.36,5891.3,1.137,0.955,6333.45,10561.22,2.431,21116.69,3.538,13409.73,4317.26,1.663,0.893,994.34,5.401,0.937,8876.78
2024-11-01,12660.0,1198.81,0.948,0.983,5631.24,6736.53,1.05,5567.04,7117.58,5872.38,1.142,0.952,6240.22,10647.12,2.387,21329.26,3.51,13452.22,4347.46,1.665,0.861,963.9,5.359,0.928,8947.29
2024-11-04,12762.7,1274.05,0.976,0.999,5702.78,6876.14,1.079,5645.38,7236.09,5958.95,1.159,0.966,6345.48,10738.75,2.457,21536.3,3.576,13601.79,4387.19,1.677,0.884,979.18,5.475,0.945,9010.4
2024-11-05,12859.26,1377.5,1.028,1.037,5835.67,7118.6,1.107,5788.22,7459.53,6118.37,1.188,0.992,6530.73,10876.5,2.576,21798.57,3.67,13912.86,4472.28,1.713,0.928,1021.75,5.638,0.973,9156.92
2024-11-06,12749.57,1426.9,1.011,1.043,5799.33,7148.88,1.114,5759.55,7476.39,6099.61,1.178,0.989,6535.46,10836.66,2.547,21733.64,3.652,13865.13,4437.76,1.708,0.931,1023.72,5.57,0.97,9072.33
2024-11-07,13014.17,1475.25,1.053,1.069,5945.5,7274.76,1.142,5934.58,7615.47,6266.07,1.213,1.014,6701.49,11053.18,2.642,22091.07,3.703,14277.89,4587.37,1.745,0.957,1054.85,5.754,0.996,9320.38
2024-11-08,12834.04,1456.86,1.037,1.066,5897.02,7297.32,1.143,5875.05,7594.85,6215.18,1.203,1.007,6672.26,10903.07,2.614,21778.39,3.689,14143.56,4534.38,1.732,0.97,1051.97,5.687,0.987,9194.02
2024-11-11,12653.69,1468.33,1.066,1.099,5936.71,7474.44,1.168,5913.93,7727.28,6273.93,1.208,1.018,6763.36,10826.19,2.691,21617.55,3.768,14154.56,4515.04,1.739,1.022,1101.41,5.798,1.007,9104.17
2024-11-12,12529.65,1439.25,1.068,1.082,5873.13,7375.58,1.152,5848.96,7645.88,6205.75,1.195,1.006,6685.18,10769.55,2.686,21427.19,3.733,13943.1,4447.03,1.721,1.002,1077.51,5.777,1.002,8992.01
2024-11-13,12612.16,1450.94,1.087,1.075,5914.81,7355.69,1.157,5885.83,7640.95,6233.48,1.201,1.009,6703.18,10815.78,2.717,21549.12,3.747,14016.95,4473.39,1.728,1.003,1088.62,5.82,1.003,9070.98
2024-11-14,12639.48,1418.33,1.048,1.042,5807.27,7125.98,1.122,5783.79,7419.36,6106.3,1.182,0.988,6540.52,10676.15,2.621,21398.29,3.661,13830.18,4433.91,1.704,0.966,1053.7,5.663,0.977,9011.85
2024-11-15,12594.96,1407.64,1.005,1.017,5707.35,6959.36,1.108,5682.56,7231.82,5987.06,1.163,0.972,6406.34,10644.01,2.525,21349.98,3.577,13633.48,4380.3,1.691,0.93,1012.22,5.524,0.953,8930.56
2024-11-18,12851.1,1356.45,0.983,0.987,5666.76,6787.91,1.08,5656.36,7120.78,5942.81,1.158,0.962,6318.06,10819.61,2.462,21705.3,3.502,13634.0,4391.48,1.686,0.9,993.59,5.45,0.933,9021.3
2024-11-19,12816.15,1368.51,1.015,1.021,5701.95,6964.83,1.111,5694.32,7247.48,5999.6,1.164,0.971,6415.57,10828.58,2.538,21756.42,3.549,13660.89,4379.87,1.694,0.932,1023.64,5.522,0.95,8977.38
2024-11-20,12753.42,1410.59,1.016,1.046,5713.24,7101.76,1.14,5707.04,7315.59,6024.13,1.165,0.976,6484.83,10860.89,2.547,21797.76,3.583,13691.23,4388.09,1.703,0.95,1028.28,5.537,0.958,8972.57
2024-11-21,12737.89,1430.61,1.014,1.044,5707.63,7114.71,1.152,5712.27,7307.52,6026.49,1.163,0.976,6492.79,10851.72,2.547,21741.58,3.578,13726.52,4395.62,1.703,0.949,1037.95,5.532,0.957,8965.26
2024-11-22,12455.23,1356.8,0.974,1.011,5538.44,6851.62,1.112,5535.29,7020.86,5826.86,1.128,0.946,6273.09,10557.44,2.447,21198.73,3.467,13308.82,4265.69,1.662,0.908,994.73,5.351,0.922,8719.38
2024-11-25,12475.89,1349.89,0.972,1.018,5503.77,6876.34,1.136,5510.46,7003.13,5803.67,1.123,0.939,6276.99,10573.89,2.442,21236.99,3.459,13221.97,4233.71,1.658,0.91,983.0,5.34,0.922,8699.34
2024-11-26,12594.37,1296.98,0.96,1.003,5492.03,6796.43,1.129,5499.13,6947.98,5783.01,1.119,0.936,6237.02,10577.91,2.416,21293.98,3.432,13226.49,4251.23,1.655,0.898,976.51,5.31,0.916,8722.35
2024-11-27,12725.78,1304.35,0.988,1.024,5577.09,6952.2,1.151,5594.88,7087.73,5887.72,1.136,0.954,6353.06,10692.78,2.48,21553.78,3.506,13426.42,4305.38,1.679,0.927,1011.79,5.422,0.937,8827.15
2024-11-28,12704.41,1303.06,0.967,1.02,5526.36,6915.25,1.153,5546.4,7029.93,5837.48,1.125,0.944,6317.02,10654.27,2.438,21476.63,3.456,13348.84,4279.74,1.67,0.918,1009.44,5.34,0.922,8774.15
2024-11-29,12705.1,1342.91,0.993,1.045,5582.77,7032.36,1.168,5609.78,7145.12,5911.65,1.137,0.955,6405.68,10721.5,2.496,21536.53,3.508,13470.1,4304.06,1.684,0.94,1033.77,5.431,0.941,8805.83
2024-12-02,12658.55,1383.88,1.009,1.066,5628.19,7173.83,1.197,5654.3,7257.22,5970.45,1.142,0.965,6500.13,10777.92,2.533,21562.66,3.553,13564.89,4327.26,1.696,0.952,1042.38,5.488,0.952,8850.93
2024-12-03,12858.44,1385.35,1.003,1.067,5626.58,7162.1,1.195,5660.4,7243.17,5972.2,1.142,0.964,6505.18,10887.86,2.518,21829.46,3.531,13618.0,4349.98,1.704,0.941,1031.59,5.463,0.949,8942.34
2024-12-04,12875.01,1354.9,0.99,1.052,5601.42,7050.37,1.176,5629.85,7178.92,5934.57,1.135,0.957,6444.4,10905.87,2.486,21886.7,3.488,13571.97,4343.19,1.699,0.929,1025.52,5.406,0.937,8938.02
2024-12-05,12850.18,1367.63,0.993,1.067,5578.49,7142.35,1.199,5617.0,7207.56,5930.68,1.13,0.957,6475.1,10887.72,2.494,21875.38,3.492,13533.51,4321.56,1.699,0.936,1028.08,5.403,0.94,8917.22
2024-12-06,13001.05,1354.4,1.016,1.076,5660.46,7215.15,1.211,5690.84,7302.42,6008.66,1.152,0.971,6552.38,11036.63,2.548,22149.46,3.54,13678.67,4370.53,1.713,0.949,1041.01,5.494,0.957,9017.82
2024-12-09,13041.52,1296.03,1.008,1.067,5655.19,7162.48,1.213,5681.43,7263.24,5992.92,1.151,0.968,6530.81,11054.71,2.527,22225.76,3.528,13666.89,4374.08,1.711,0.936,1029.65,5.475,0.95,9020.58
2024-12-10,13188.37,1326.48,1.014,1.078,5696.93,7229.27,1.222,5723.11,7318.77,6037.37,1.161,0.976,6580.62,11056.91,2.544,22235.79,3.552,13763.21,4409.72,1.72,0.953,1037.38,5.524,0.958,9085.44
2024-12-11,13031.75,1307.78,1.013,1.094,5688.59,7326.26,1.243,5713.66,7385.96,6044.38,1.158,0.976,6618.95,11117.67,2.541,22256.55,3.549,13731.23,4388.77,1.725,0.961,1033.56,5.515,0.959,9056.66
2024-12-12,13199.48,1290.69,1.028,1.106,5742.27,7375.25,1.257,5770.54,7451.1,6102.76,1.171,0.984,6680.29,11161.19,2.575,22319.61,3.581,13863.14,4430.94,1.737,0.963,1037.36,5.581,0.967,9130.22
2024-12-13,12934.2,1276.83,1.0,1.08,5601.6,7221.66,1.232,5634.17,7314.27,5966.96,1.139,0.964,6540.79,10965.98,2.512,21907.26,3.517,13542.57,4325.6,1.709,0.942,1015.69,5.439,0.947,8943.05
2024-12-16,13060.16,1232.92,0.984,1.068,5580.26,7133.62,1.224,5603.61,7221.82,5923.28,1.134,0.955,6489.53,11057.76,2.472,22247.3,3.465,13500.66,4331.39,1.706,0.924,1000.8,5.378,0.936,8957.13
2024-12-17,13030.6,1193.18,0.988,1.042,5606.85,6981.83,1.172,5618.21,7143.18,5917.82,1.144,0.955,6406.03,11017.85,2.473,22227.7,3.469,13509.28,4349.08,1.698,0.91,992.6,5.405,0.934,8957.44
2024-12-18,13182.9,1186.06,0.987,1.046,5641.99,7040.96,1.184,5646.84,7192.59,5950.77,1.149,0.96,6446.55,11086.19,2.472,22398.61,3.476,13607.41,4380.33,1.704,0.924,1007.21,5.41,0.936,9026.06
2024-12-19,13059.75,1224.9,0.992,1.049,5655.08,7053.86,1.189,5651.96,7208.85,5958.25,1.15,0.962,6452.24,10979.52,2.487,22161.82,3.53,13607.93,4364.55,1.699,0.927,1019.0,5.441,0.942,8982.15
2024-12-20,13043.18,1227.07,0.99,1.062,5628.62,7127.44,1.203,5631.33,7227.92,5946.24,1.145,0.961,6469.87,10888.09,2.485,21998.09,3.507,13567.48,4352.39,1.698,0.944,1037.69,5.423,0.942,8916.66
2024-12-23,13261.97,1194.71,0.983,1.025,5646.54,6928.14,1.158,5639.68,7107.45,5926.92,1.144,0.959,6365.33,10893.49,2.46,22066.62,3.465,13608.4,4389.76,1.691,0.922,1024.75,5.405,0.934,9021.77
2024-12-24,13437.9,1204.03,0.994,1.036,5718.03,7005.48,1.162,5711.53,7201.43,6003.17,1.161,0.969,6438.44,11018.44,2.486,22300.99,3.518,13770.46,4440.84,1.711,0.935,1040.57,5.477,0.943,9144.05
2024-12-25,13585.29,1158.4,0.988,1.026,5723.21,6926.32,1.147,5714.38,7134.28,5990.99,1.158,0.967,6388.26,11061.27,2.47,22448.94,3.491,13800.34,4453.79,1.709,0.929,1043.99,5.454,0.94,9199.9
2024-12-26,13556.06,1160.06,0.991,1.034,5725.1,7001.17,1.16,5717.07,7191.41,6005.35,1.158,0.969,6425.32,11010.23,2.481,22354.06,3.519,13789.25,4441.35,1.711,0.943,1053.91,5.471,0.944,9157.03
2024-12-27,13548.78,1145.87,0.989,1.039,5711.99,7013.81,1.173,5708.06,7206.34,6001.51,1.155,0.967,6434.02,11033.61,2.478,22405.54,3.513,13772.84,4439.88,1.713,0.934,1045.25,5.458,0.943,9156.57
2024-12-30,13717.68,1095.53,0.991,1.033,5740.41,6984.68,1.165,5734.58,7205.99,6022.14,1.162,0.971,6428.59,11166.39,2.48,22586.22,3.528,13848.89,4467.9,1.718,0.927,1047.36,5.479,0.945,9249.34
2024-12-31,13567.78,1086.78,0.961,1.0,5657.62,6770.78,1.13,5642.6,6994.56,5904.98,1.152,0.955,6284.26,11105.12,2.408,22411.53,3.455,13629.02,4412.06,1.698,0.897,1014.83,5.374,0.922,9147.42
2025-01-02,13271.2,1068.0,0.922,0.975,5504.94,6588.23,1.108,5478.38,6774.77,5729.65,1.114,0.926,6118.17,10883.67,2.313,21923.43,3.338,13228.1,4289.74,1.658,0.869,980.35,5.218,0.892,8911.98
2025-01-03,13176.94,1066.21,0.905,0.945,5451.77,6392.9,1.062,5413.52,6630.61,5648.1,1.104,0.915,5983.26,10792.57,2.266,21678.01,3.294,13075.02,4251.6,1.639,0.85,966.48,5.152,0.879,8839.68
2025-01-06,13282.8,1051.0,0.903,0.939,5442.74,6373.38,1.061,5404.64,6629.91,5641.02,1.102,0.91,5965.83,10832.07,2.264,21730.26,3.29,13049.11,4239.82,1.636,0.843,963.28,5.144,0.876,8858.01
2025-01-07,13370.07,1072.76,0.907,0.956,5478.57,6468.89,1.087,5444.91,6700.26,5687.54,1.104,0.919,6042.88,10803.48,2.28,21779.28,3.335,13158.23,4265.57,1.644,0.856,990.81,5.184,0.885,8887.6
2025-01-08,13484.34,1086.35,0.896,0.957,5468.45,6434.64,1.089,5436.57,6672.04,5674.98,1.101,0.917,6032.41,10784.34,2.255,21881.18,3.315,13155.37,4274.36,1.644,0.854,990.39,5.152,0.878,8934.89
2025-01-09,13372.54,1103.24,0.899,0.958,5459.77,6447.14,1.09,5423.17,6665.93,5663.21,1.101,0.916,6031.72,10624.92,2.258,21609.88,3.32,13091.8,4244.95,1.639,0.855,986.61,5.167,0.883,8849.73
2025-01-10,13309.86,1072.59,0.884,0.935,5400.23,6302.05,1.056,5356.81,6559.46,5588.57,1.091,0.906,5923.01,10471.16,2.22,21378.9,3.279,12969.24,4213.15,1.624,0.847,975.48,5.087,0.869,8743.31
2025-01-13,13158.73,1047.41,0.884,0.936,5387.92,6318.6,1.057,5342.51,6574.62,5580.66,1.088,0.902,5919.03,10390.0,2.225,21171.52,3.27,12935.99,4201.81,1.617,0.852,977.12,5.068,0.866,8665.77
2025-01-14,13337.3,1160.22,0.929,0.983,5516.43,6604.54,1.112,5483.19,6807.44,5740.43,1.115,0.928,6130.29,10581.02,2.332,21476.06,3.376,13232.94,4276.6,1.65,0.894,1007.48,5.245,0.898,8813.06
2025-01-15,13445.58,1156.99,0.912,0.974,5481.23,6564.56,1.108,5448.01,6746.59,5699.91,1.106,0.921,6093.15,10584.54,2.29,21509.53,3.345,13166.26,4264.58,1.643,0.882,1003.26,5.186,0.889,8815.24
2025-01-16,13570.95,1180.55,0.919,0.983,5473.37,6593.83,1.114,5454.27,6774.9,5710.87,1.106,0.923,6114.62,10670.3,2.303,21703.03,3.351,13144.73,4245.84,1.646,0.881,981.44,5.203,0.892,8873.58
2025-01-17,13483.31,1175.93,0.925,0.986,5490.62,6639.6,1.118,5471.55,6826.01,5735.33,1.111,0.928,6135.54,10640.57,2.321,21672.04,3.374,13173.58,4249.96,1.651,0.9,991.19,5.23,0.897,8852.02
2025-01-20,13435.7,1178.71,0.943,0.995,5527.49,6682.32,1.135,5496.99,6859.79,5762.44,1.12,0.931,6172.32,10624.83,2.362,21668.86,3.405,13202.47,4260.79,1.651,0.901,993.62,5.287,0.907,8828.09
2025-01-21,13432.93,1172.73,0.947,0.998,5529.68,6715.18,1.134,5501.25,6884.0,5770.97,1.123,0.932,6182.38,10559.02,2.371,21517.19,3.428,13184.29,4253.91,1.648,0.911,1001.86,5.311,0.911,8808.09
2025-01-22,13197.44,1124.84,0.942,0.99,5470.8,6656.49,1.122,5451.05,6851.31,5724.78,1.105,0.926,6126.01,10461.01,2.359,21199.74,3.405,13080.41,4198.72,1.636,0.906,1000.91,5.266,0.904,8694.89
2025-01-23,13523.55,1123.4,0.94,0.987,5471.78,6626.23,1.127,5462.78,6824.17,5728.09,1.109,0.925,6121.71,10574.17,2.351,21535.0,3.388,13105.68,4226.68,1.646,0.902,991.43,5.26,0.903,8818.06
2025-01-24,13555.22,1130.15,0.955,1.004,5516.27,6750.52,1.134,5508.03,6904.92,5780.76,1.116,0.934,6190.71,10650.47,2.387,21611.07,3.428,13216.3,4250.29,1.655,0.924,1000.39,5.308,0.914,8862.53
2025-01-27,13746.41,1107.96,0.925,0.988,5496.11,6645.86,1.125,5485.73,6830.85,5747.44,1.115,0.929,6135.88,10785.27,2.323,21922.35,3.397,13203.69,4257.8,1.658,0.903,980.13,5.245,0.901,8937.53
2025-02-05,13522.76,1120.89,0.919,0.995,5479.74,6686.07,1.14,5454.12,6861.46,5729.36,1.108,0.926,6144.53,10572.72,2.319,21530.95,3.413,13168.55,4222.02,1.644,0.916,1008.59,5.217,0.899,8797.51
2025-02-06,13526.72,1182.61,0.945,1.026,5554.17,6868.41,1.168,5522.74,7024.63,5817.96,1.12,0.941,6262.91,10581.38,2.383,21540.58,3.512,13304.72,4252.48,1.66,0.952,1037.73,5.319,0.919,8824.4
2025-02-07,13484.54,1241.24,0.972,1.04,5631.09,6973.25,1.177,5594.42,7129.84,5896.48,1.135,0.954,6352.25,10652.57,2.441,21565.12,3.561,13458.52,4298.07,1.675,0.963,1045.51,5.416,0.934,8885.92
2025-02-10,13501.83,1283.25,0.974,1.058,5647.77,7060.2,1.206,5606.43,7196.52,5920.19,1.136,0.958,6410.2,10640.42,2.454,21542.32,3.56,13527.61,4319.42,1.679,0.975,1063.95,5.41,0.939,8899.74
2025-02-11,13626.78,1309.43,0.958,1.052,5618.28,7037.07,1.199,5580.67,7159.52,5892.14,1.129,0.953,6383.27,10680.75,2.421,21772.06,3.547,13480.97,4308.34,1.675,0.965,1051.27,5.37,0.934,8922.31
2025-02-12,13734.9,1324.77,0.973,1.068,5681.7,7144.43,1.215,5633.45,7260.04,5954.92,1.142,0.964,6458.55,10683.16,2.463,21835.76,3.609,13567.61,4350.74,1.692,0.985,1068.43,5.441,0.946,8962.78
2025-02-13,13744.35,1301.51,0.965,1.057,5659.45,7062.45,1.198,5612.29,7208.39,5927.31,1.141,0.959,6416.66,10687.09,2.446,21860.95,3.566,13517.66,4352.53,1.686,0.963,1043.75,5.405,0.939,8953.04
2025-02-14,13802.55,1288.95,0.979,1.063,5720.19,7103.76,1.194,5660.96,7268.92,5978.29,1.153,0.968,6456.94,10707.89,2.491,21883.68,3.608,13624.59,4385.03,1.689,0.968,1049.27,5.465,0.95,9016.57
2025-02-17,13763.19,1311.63,0.99,1.073,5722.31,7140.97,1.215,5673.02,7270.05,5987.94,1.15,0.969,6489.75,10662.85,2.5,21860.77,3.606,13640.92,4391.0,1.692,0.973,1064.5,5.49,0.955,9023.09
2025-02-18,13910.79,1281.94,0.97,1.049,5680.09,6982.47,1.186,5623.27,7138.05,5920.77,1.145,0.959,6384.27,10627.01,2.452,21859.34,3.587,13508.44,4368.97,1.68,0.957,1037.68,5.423,0.939,9000.51
2025-02-19,13847.66,1350.7,0.988,1.077,5721.05,7148.89,1.211,5662.62,7264.14,5978.56,1.153,0.968,6481.25,10597.16,2.503,21859.24,3.615,13590.71,4389.56,1.689,0.997,1061.69,5.479,0.952,8979.41
2025-02-20,13830.43,1370.81,0.986,1.082,5700.71,7201.1,1.228,5646.43,7280.84,5969.52,1.149,0.966,6497.54,10571.85,2.502,21820.46,3.632,13534.1,4364.12,1.691,1.004,1060.17,5.475,0.953,8930.05
2025-02-21,13655.71,1408.77,1.009,1.105,5795.83,7331.62,1.237,5717.64,7402.71,6051.26,1.164,0.982,6586.86,10503.86,2.565,21613.93,3.703,13721.46,4420.27,1.698,1.041,1123.47,5.564,0.972,8930.11
2025-02-24,13554.6,1410.66,1.003,1.105,5780.75,7348.44,1.242,5705.1,7387.93,6038.3,1.161,0.977,6584.41,10512.75,2.544,21598.44,3.681,13690.21,4406.89,1.696,1.039,1128.89,5.545,0.97,8930.08
2025-02-25,13448.36,1390.91,0.99,1.103,5717.05,7315.93,1.239,5641.77,7308.48,5971.82,1.148,0.967,6530.15,10443.16,2.517,21407.88,3.656,13551.0,4355.99,1.684,1.041,1131.82,5.482,0.96,8830.05
2025-02-26,13517.49,1416.68,1.004,1.119,5760.21,7417.09,1.26,5691.05,7396.2,6029.12,1.156,0.977,6605.11,10574.12,2.547,21565.45,3.673,13678.71,4394.59,1.699,1.061,1156.36,5.52,0.968,8898.24
2025-02-27,13691.66,1430.52,0.998,1.114,5776.14,7388.81,1.255,5702.8,7368.39,6032.3,1.158,0.976,6600.17,10691.01,2.534,21752.94,3.66,13687.36,4415.06,1.703,1.06,1155.81,5.528,0.964,8962.07
2025-02-28,13606.95,1368.66,0.958,1.07,5667.29,7128.35,1.213,5590.6,7161.71,5900.36,1.141,0.956,6420.37,10613.05,2.438,21647.57,3.564,13438.14,4348.94,1.677,1.013,1107.08,5.384,0.941,8860.67
2025-03-03,13604.71,1399.77,0.971,1.073,5668.21,7132.04,1.216,5588.34,7193.59,5905.45,1.139,0.955,6428.07,10601.57,2.468,21674.52,3.571,13418.09,4331.75,1.679,1.013,1090.2,5.403,0.945,8859.06
2025-03-04,13582.27,1445.09,0.965,1.087,5655.47,7227.49,1.236,5583.66,7256.98,5915.39,1.137,0.956,6466.82,10602.6,2.462,21670.86,3.573,13430.24,4319.71,1.679,1.026,1109.0,5.384,0.943,8855.39
2025-03-05,13815.38,1485.85,0.964,1.096,5679.0,7273.65,1.24,5608.6,7272.95,5938.29,1.139,0.959,6496.73,10652.85,2.462,21858.03,3.576,13496.77,4353.05,1.687,1.035,1112.23,5.389,0.946,8934.57
2025-03-06,13739.23,1464.13,0.984,1.121,5769.98,7429.13,1.264,5685.72,7391.59,6023.94,1.154,0.974,6603.95,10650.33,2.51,21750.1,3.646,13702.07,4423.09,1.699,1.066,1150.99,5.475,0.963,8969.07
2025-03-07,13757.89,1456.93,0.968,1.117,5750.8,7398.2,1.262,5668.16,7350.04,6001.32,1.152,0.97,6575.88,10664.75,2.475,21715.58,3.628,13673.63,4419.9,1.699,1.053,1136.66,5.442,0.959,8959.98
2025-03-10,13633.26,1484.43,0.967,1.119,5731.61,7413.21,1.264,5646.3,7349.85,5984.21,1.147,0.967,6571.64,10696.02,2.473,21610.0,3.621,13627.39,4398.13,1.694,1.053,1134.14,5.423,0.956,8901.61
2025-03-11,13735.87,1485.6,0.967,1.124,5746.58,7448.19,1.271,5664.42,7388.17,6006.58,1.147,0.97,6596.23,10764.16,2.473,21753.35,3.617,13662.87,4420.24,1.701,1.055,1129.6,5.422,0.958,8934.59
2025-03-12,13696.53,1476.37,0.962,1.132,5721.34,7465.51,1.287,5644.04,7382.7,5989.49,1.145,0.969,6595.88,10720.86,2.462,21722.39,3.629,13603.15,4398.48,1.699,1.046,1121.35,5.416,0.959,8905.36
2025-03-13,13771.93,1430.98,0.952,1.114,5699.33,7351.78,1.272,5621.54,7325.83,5959.73,1.144,0.962,6537.77,10795.83,2.434,21833.42,3.598,13554.01,4391.23,1.694,1.022,1097.75,5.374,0.95,8932.68
2025-03-14,13943.89,1476.28,0.984,1.134,5839.98,7470.38,1.292,5758.04,7455.4,6094.08,1.178,0.985,6671.92,10877.96,2.504,22018.65,3.672,13856.36,4516.29,1.72,1.038,1116.64,5.509,0.97,9085.62
2025-03-17,13988.46,1503.64,0.977,1.136,5822.27,7491.31,1.299,5744.0,7465.22,6085.23,1.172,0.982,6679.33,10918.11,2.489,22087.67,3.675,13830.18,4512.04,1.721,1.039,1111.61,5.484,0.967,9088.12
2025-03-18,13971.84,1509.92,0.984,1.144,5846.65,7516.73,1.31,5759.72,7496.12,6104.12,1.177,0.986,6703.3,10899.38,2.503,22065.5,3.691,13855.75,4515.04,1.725,1.043,1118.4,5.517,0.973,9109.44
2025-03-19,14164.67,1466.95,0.983,1.136,5867.57,7463.01,1.302,5763.23,7457.18,6098.51,1.187,0.986,6682.82,10915.82,2.495,22207.77,3.682,13836.15,4526.93,1.723,1.035,1105.17,5.524,0.97,9149.95
2025-03-20,14085.92,1426.79,0.972,1.131,5806.9,7429.34,1.311,5712.68,7405.91,6048.05,1.174,0.977,6642.77,10885.75,2.472,22111.0,3.656,13733.86,4479.51,1.716,1.026,1092.71,5.469,0.964,9069.01
2025-03-21,13916.12,1367.23,0.949,1.107,5710.05,7282.18,1.289,5626.02,7298.9,5957.45,1.152,0.963,6532.27,10839.41,2.42,22042.27,3.583,13533.95,4408.93,1.703,0.995,1070.23,5.372,0.946,9000.11
2025-03-24,14039.32,1380.11,0.95,1.096,5741.24,7230.71,1.266,5654.99,7295.41,5979.31,1.164,0.968,6514.82,10900.09,2.42,22189.26,3.602,13605.64,4438.55,1.706,0.993,1073.36,5.395,0.946,9054.96
2025-03-25,14101.57,1405.79,0.948,1.086,5736.15,7174.35,1.263,5651.32,7268.37,5970.64,1.162,0.964,6489.37,10969.18,2.412,22341.45,3.589,13596.79,4436.19,1.708,0.982,1058.74,5.395,0.946,9083.9
2025-03-26,13898.13,1403.64,0.943,1.093,5712.69,7201.8,1.273,5632.72,7270.44,5956.57,1.159,0.961,6497.4,10953.89,2.403,22270.31,3.594,13559.16,4412.15,1.706,0.984,1056.03,5.38,0.942,9016.09
2025-03-27,13961.21,1393.99,0.944,1.09,5733.08,7194.82,1.271,5651.48,7281.56,5973.6,1.165,0.963,6499.24,10943.61,2.409,22318.25,3.609,13604.16,4434.45,1.711,0.997,1067.85,5.406,0.944,9036.23
2025-03-28,13915.38,1368.15,0.939,1.077,5710.24,7126.1,1.252,5626.88,7230.78,5943.5,1.162,0.959,6448.86,10864.15,2.393,22247.19,3.589,13537.01,4416.15,1.701,0.988,1056.47,5.378,0.939,9007.53
2025-03-31,13957.89,1331.12,0.927,1.067,5668.94,7078.73,1.242,5586.83,7160.04,5897.06,1.152,0.951,6393.49,10807.24,2.365,22260.41,3.547,13443.43,4392.91,1.694,0.989,1049.53,5.332,0.93,8990.01
2025-04-01,13882.09,1336.66,0.924,1.075,5663.77,7116.05,1.256,5587.87,7202.92,5907.07,1.15,0.952,6417.16,10912.2,2.362,22314.2,3.552,13479.05,4388.09,1.701,0.999,1051.23,5.327,0.929,8966.85
2025-04-02,14006.35,1343.59,0.927,1.079,5648.81,7136.26,1.262,5583.13,7210.54,5905.01,1.144,0.951,6421.18,10951.82,2.365,22479.56,3.546,13447.62,4381.35,1.703,1.002,1049.56,5.325,0.93,8998.3
2025-04-03,14044.0,1332.47,0.906,1.066,5611.12,7052.13,1.257,5550.24,7145.05,5865.28,1.136,0.944,6371.08,10966.63,2.322,22530.12,3.494,13413.53,4387.33,1.694,0.984,1044.76,5.247,0.916,8978.64
2025-04-07,13396.34,1093.34,0.788,0.959,5226.57,6248.6,1.131,5159.2,6462.42,5413.58,1.059,0.867,5782.21,10234.98,2.033,21324.62,3.205,12557.07,4147.9,1.591,0.855,948.4,4.791,0.826,8441.22
2025-04-08,13619.24,1146.03,0.796,0.944,5322.31,6286.77,1.093,5247.33,6511.16,5492.83,1.076,0.885,5841.56,10496.5,2.067,21788.52,3.18,12821.63,4242.48,1.609,0.868,964.74,4.837,0.833,8654.01
2025-04-09,13497.17,1263.69,0.801,0.964,5365.07,6425.82,1.124,5299.12,6649.11,5562.87,1.084,0.888,5942.89,10527.77,2.088,21730.62,3.222,13026.48,4279.97,1.621,0.893,1006.28,4.867,0.843,8657.19
2025-04-10,13585.55,1325.05,0.819,0.985,5437.73,6576.17,1.154,5368.58,6776.59,5644.44,1.097,0.905,6055.48,10627.32,2.134,21855.52,3.304,13141.63,4305.54,1.634,0.917,1017.21,4.968,0.863,8730.2
2025-04-11,13621.33,1344.73,0.832,0.996,5470.31,6664.51,1.167,5390.71,6822.13,5671.49,1.106,0.912,6097.3,10579.47,2.168,21750.85,3.356,13163.45,4317.0,1.641,0.959,1038.23,5.01,0.869,8709.02
2025-04-14,13704.36,1372.48,0.835,1.01,5475.36,6751.35,1.187,5403.11,6878.13,5693.19,1.106,0.914,6150.35,10674.22,2.171,21927.37,3.352,13206.43,4331.23,1.653,0.963,1040.87,5.013,0.873,8742.53
2025-04-15,13912.98,1367.78,0.835,1.008,5473.98,6723.5,1.188,5406.12,6848.06,5689.08,1.106,0.913,6142.33,10725.42,2.169,22174.99,3.333,13194.79,4341.75,1.655,0.958,1032.72,5.011,0.871,8818.22
2025-04-16,14054.11,1352.39,0.825,0.99,5492.12,6634.13,1.166,5423.53,6792.24,5690.67,1.108,0.913,6110.57,10774.18,2.142,22366.85,3.31,13312.64,4381.14,1.656,0.949,1041.11,4.985,0.865,8887.21
2025-04-17,14063.96,1364.64,0.826,0.994,5491.79,6638.92,1.178,5422.76,6792.42,5690.11,1.109,0.913,6117.47,10751.91,2.146,22392.7,3.305,13310.68,4383.45,1.658,0.953,1043.47,4.981,0.864,8887.5
2025-04-18,14195.15,1391.59,0.831,0.996,5491.95,6630.07,1.178,5424.62,6796.95,5692.54,1.111,0.916,6116.9,10759.3,2.151,22454.47,3.311,13275.44,4382.35,1.663,0.946,1035.04,4.991,0.865,8926.56
2025-04-21,14019.11,1428.21,0.843,1.016,5512.95,6767.58,1.202,5442.39,6896.76,5727.84,1.113,0.92,6185.9,10744.69,2.186,22309.63,3.352,13318.58,4374.39,1.67,0.969,1046.14,5.027,0.875,8880.71
2025-04-22,14113.89,1419.03,0.841,1.015,5512.99,6763.97,1.209,5444.34,6874.92,5724.67,1.115,0.92,6182.97,10786.37,2.176,22436.61,3.341,13323.26,4380.54,1.677,0.964,1042.86,5.034,0.873,8908.26
2025-04-23,14043.83,1425.81,0.853,1.025,5518.35,6804.17,1.225,5448.56,6888.05,5730.78,1.118,0.923,6203.96,10738.32,2.198,22331.24,3.372,13294.87,4367.83,1.674,0.967,1039.2,5.061,0.878,8886.07
2025-04-24,14207.62,1376.77,0.846,1.011,5516.25,6731.32,1.214,5444.93,6853.15,5720.45,1.119,0.92,6174.26,10796.01,2.185,22563.18,3.359,13282.79,4378.61,1.675,0.957,1029.62,5.044,0.874,8940.39
2025-04-25,14152.84,1361.54,0.854,1.014,5522.94,6753.01,1.221,5449.41,6879.19,5729.54,1.12,0.922,6186.58,10781.84,2.2,22531.26,3.374,13286.14,4369.2,1.675,0.954,1030.91,5.066,0.878,8921.84
2025-04-28,14289.17,1337.29,0.848,1.002,5516.82,6682.33,1.202,5441.68,6843.88,5715.92,1.118,0.919,6149.99,10780.04,2.184,22643.6,3.346,13284.86,4373.19,1.672,0.957,1029.12,5.04,0.873,8949.85
2025-04-29,14242.0,1353.81,0.846,1.011,5512.07,6712.83,1.218,5432.28,6851.98,5710.33,1.113,0.919,6162.23,10757.03,2.18,22579.07,3.338,13285.03,4363.77,1.67,0.961,1030.18,5.021,0.872,8927.67
2025-04-30,13946.41,1394.05,0.854,1.021,5506.92,6767.05,1.236,5427.04,6885.2,5713.38,1.114,0.919,6186.76,10690.89,2.201,22188.15,3.356,13262.73,4344.07,1.67,0.977,1038.96,5.032,0.877,8836.76
2025-05-06,13928.21,1438.84,0.871,1.048,5561.19,6940.96,1.268,5481.7,7018.02,5784.57,1.121,0.932,6299.53,10717.89,2.243,22225.19,3.409,13389.76,4368.08,1.686,0.992,1053.43,5.108,0.891,8882.2
2025-05-07,14134.71,1432.21,0.876,1.048,5595.9,6950.94,1.281,5514.93,7030.19,5813.1,1.129,0.937,6331.34,10790.43,2.253,22420.45,3.408,13489.82,4406.0,1.698,0.986,1057.19,5.125,0.895,8971.86
2025-05-08,14288.9,1446.2,0.896,1.061,5628.18,7004.81,1.289,5545.54,7059.38,5843.26,1.137,0.942,6373.49,10807.39,2.292,22538.79,3.425,13508.08,4420.53,1.698,0.986,1053.35,5.18,0.902,9018.16
2025-05-09,14494.38,1444.5,0.889,1.047,5624.3,6918.86,1.274,5537.16,6996.15,5823.13,1.137,0.939,6329.25,10868.16,2.273,22712.38,3.411,13480.74,4427.95,1.694,0.969,1032.77,5.154,0.897,9063.81
2025-05-12,14516.23,1486.2,0.916,1.063,5689.37,7016.18,1.289,5601.37,7084.47,5892.2,1.152,0.951,6410.22,10905.77,2.334,22723.16,3.456,13593.71,4458.66,1.709,0.977,1037.81,5.243,0.913,9121.81
2025-05-13,14739.02,1472.25,0.914,1.057,5695.3,6997.99,1.29,5610.0,7069.78,5895.78,1.153,0.951,6406.63,10982.01,2.326,22957.89,3.445,13612.96,4468.08,1.709,0.974,1036.22,5.241,0.91,9189.65
2025-05-14,14858.11,1488.09,0.926,1.062,5760.68,7009.17,1.284,5678.15,7091.87,5953.69,1.17,0.959,6451.25,11043.99,2.353,23093.14,3.462,13774.16,4543.52,1.723,0.971,1040.42,5.289,0.916,9308.54
2025-05-15,14841.78,1482.37,0.906,1.046,5716.91,6892.3,1.271,5627.52,6989.67,5892.23,1.161,0.95,6376.45,11005.76,2.305,22997.57,3.427,13675.21,4521.27,1.718,0.952,1027.28,5.218,0.905,9264.23
2025-05-16,14703.39,1490.02,0.905,1.05,5690.12,6906.1,1.278,5601.47,6990.69,5872.13,1.158,0.947,6374.29,10944.62,2.3,22855.92,3.43,13611.64,4482.36,1.713,0.958,1021.54,5.207,0.903,9189.89
2025-05-19,14654.49,1525.39,0.901,1.057,5674.27,6937.56,1.292,5584.44,6997.38,5860.28,1.153,0.946,6383.5,10980.04,2.294,22904.5,3.425,13571.7,4463.26,1.716,0.958,1021.56,5.203,0.901,9179.51
2025-05-20,14683.66,1545.92,0.908,1.064,5711.42,6996.05,1.307,5615.6,7030.49,5891.7,1.16,0.952,6426.11,11014.53,2.312,22986.11,3.474,13625.76,4482.3,1.721,0.965,1024.04,5.251,0.908,9217.6
2025-05-21,14787.57,1552.06,0.919,1.058,5742.45,6981.13,1.304,5643.36,7044.66,5916.4,1.167,0.956,6431.54,11102.38,2.33,23130.14,3.482,13683.67,4503.63,1.728,0.964,1021.79,5.281,0.911,9259.14
2025-05-22,14935.33,1456.84,0.911,1.048,5733.37,6907.67,1.287,5639.93,6980.96,5900.04,1.166,0.953,6392.94,11085.26,2.31,23235.86,3.471,13687.48,4512.23,1.728,0.959,1016.89,5.262,0.905,9292.04
2025-05-23,14790.34,1437.13,0.899,1.035,5686.65,6821.76,1.269,5594.98,6922.21,5852.35,1.158,0.945,6333.89,10980.66,2.284,23053.96,3.463,13584.63,4476.77,1.718,0.944,1006.49,5.22,0.9,9201.96
2025-05-26,14679.16,1464.98,0.888,1.043,5645.32,6867.59,1.287,5563.42,6943.98,5832.4,1.149,0.942,6340.76,10907.94,2.265,22966.21,3.435,13536.52,4456.25,1.715,0.948,1008.22,5.167,0.895,9171.27
2025-05-27,14758.27,1466.57,0.884,1.042,5608.0,6845.85,1.288,5533.66,6923.79,5804.84,1.142,0.937,6321.41,10879.59,2.253,23010.51,3.409,13461.88,4432.91,1.709,0.942,998.63,5.141,0.891,9169.28
2025-05-28,14739.23,1446.52,0.879,1.039,5600.86,6820.56,1.283,5529.53,6906.84,5797.98,1.139,0.935,6309.1,10917.32,2.244,23122.28,3.397,13443.82,4429.24,1.709,0.936,996.33,5.131,0.888,9174.31
2025-05-29,14707.22,1486.67,0.891,1.061,5627.48,6943.13,1.316,5562.33,7009.37,5845.59,1.143,0.943,6382.92,10939.36,2.279,23097.72,3.44,13523.96,4442.17,1.728,0.963,1012.41,5.179,0.9,9186.99
2025-05-30,14801.19,1479.16,0.882,1.048,5592.13,6873.22,1.296,5536.49,6954.14,5813.57,1.14,0.937,6330.09,10956.06,2.259,23176.36,3.422,13474.31,4422.8,1.721,0.95,1003.51,5.141,0.892,9193.12
2025-06-03,15093.94,1496.05,0.882,1.052,5605.45,6923.62,1.302,5553.47,6983.5,5833.12,1.137,0.938,6361.93,10996.08,2.265,23417.63,3.433,13512.89,4437.0,1.727,0.963,1008.39,5.135,0.891,9229.88
2025-06-04,15102.85,1512.58,0.894,1.062,5626.17,6985.77,1.316,5577.59,7039.91,5864.06,1.142,0.942,6406.14,11036.39,2.291,23525.32,3.46,13550.0,4442.83,1.733,0.964,1012.91,5.171,0.9,9246.17
2025-06-05,14998.28,1508.26,0.907,1.07,5638.64,7037.98,1.329,5591.12,7080.3,5883.28,1.142,0.945,6432.66,10973.21,2.318,23348.85,3.47,13572.93,4445.78,1.737,0.981,1023.99,5.196,0.904,9233.8
2025-06-06,15046.15,1500.54,0.902,1.069,5638.46,7024.68,1.324,5589.55,7074.35,5880.78,1.141,0.946,6429.0,10981.29,2.311,23402.1,3.462,13585.49,4445.86,1.739,0.983,1019.09,5.19,0.903,9249.63
2025-06-09,15087.5,1517.0,0.911,1.08,5642.64,7100.47,1.347,5606.2,7129.4,5905.59,1.139,0.949,6476.93,11010.59,2.33,23413.48,3.472,13623.91,4442.52,1.744,0.996,1025.36,5.209,0.91,9266.48
2025-06-10,15162.48,1501.66,0.898,1.07,5609.67,7036.57,1.331,5577.66,7071.56,5870.9,1.133,0.943,6432.49,11010.91,2.305,23451.3,3.45,13569.18,4425.28,1.739,0.976,1010.24,5.165,0.902,9253.25
2025-06-11,15209.1,1501.64,0.912,1.072,5657.07,7066.83,1.338,5621.83,7117.67,5915.27,1.145,0.951,6474.02,11055.18,2.335,23494.66,3.485,13654.79,4453.28,1.747,0.977,1008.22,5.22,0.909,9322.62
2025-06-12,15285.75,1498.24,0.914,1.074,5657.94,7075.32,1.345,5625.02,7128.47,5920.08,1.145,0.951,6482.0,11061.64,2.337,23582.79,3.475,13666.23,4451.86,1.751,0.982,1005.2,5.217,0.91,9335.86
2025-06-13,15151.55,1454.46,0.906,1.061,5627.84,6979.11,1.319,5587.06,7061.31,5876.04,1.138,0.944,6410.85,10994.17,2.314,23416.53,3.447,13609.57,4429.87,1.74,0.971,1000.48,5.173,0.902,9298.34
2025-06-16,15350.97,1481.2,0.915,1.067,5631.43,7027.13,1.332,5601.24,7095.37,5894.43,1.138,0.948,6444.54,11019.13,2.334,23549.41,3.461,13636.46,4444.07,1.745,0.974,998.47,5.179,0.904,9354.94
2025-06-17,15322.17,1475.29,0.912,1.066,5630.58,7021.6,1.329,5596.8,7077.26,5887.07,1.137,0.947,6437.32,11018.05,2.323,23494.85,3.453,13608.64,4442.32,1.744,0.967,990.44,5.173,0.903,9372.32
2025-06-18,15458.57,1466.32,0.917,1.065,5632.16,7016.36,1.328,5604.74,7073.38,5892.42,1.135,0.947,6437.33,11017.7,2.33,23632.36,3.48,13609.83,4436.76,1.747,0.976,995.68,5.192,0.905,9375.9
2025-06-19,15437.28,1437.23,0.902,1.048,5589.94,6918.25,1.305,5559.32,6991.02,5839.27,1.125,0.939,6360.21,10952.08,2.297,23568.76,3.42,13506.54,4412.92,1.735,0.971,990.47,5.137,0.897,9310.91
2025-06-20,15623.73,1417.94,0.895,1.04,5600.62,6865.49,1.298,5569.69,6949.6,5838.43,1.128,0.939,6341.26,10987.24,2.277,23686.52,3.454,13532.81,4436.71,1.735,0.966,985.25,5.133,0.893,9392.28
2025-06-23,15818.91,1440.19,0.898,1.056,5615.65,6956.78,1.325,5586.72,6992.8,5861.02,1.129,0.942,6394.52,11025.58,2.289,23828.9,3.449,13577.2,4455.37,1.745,0.978,988.97,5.135,0.897,9459.48
2025-06-24,15883.52,1492.69,0.919,1.079,5682.85,7090.59,1.353,5653.7,7106.18,5937.64,1.144,0.954,6493.49,11060.89,2.342,23887.09,3.493,13716.45,4507.05,1.761,1.001,1006.8,5.203,0.91,9552.89
2025-06-25,16046.6,1513.43,0.953,1.094,5750.98,7185.64,1.368,5739.45,7226.32,6030.36,1.159,0.967,6583.93,11133.04,2.416,24071.92,3.532,13890.42,4567.42,1.783,1.022,1024.18,5.302,0.925,9685.97
2025-06-26,16218.81,1499.73,0.946,1.087,5734.21,7154.62,1.367,5725.13,7198.33,6013.16,1.155,0.965,6565.19,11141.27,2.398,24180.03,3.511,13866.07,4561.46,1.775,1.002,1018.38,5.266,0.922,9686.21
2025-06-27,15760.08,1515.78,0.951,1.092,5708.48,7189.46,1.373,5693.88,7233.58,5996.41,1.147,0.961,6564.49,11096.46,2.407,23813.16,3.518,13782.13,4512.39,1.768,1.002,1016.57,5.266,0.925,9551.2
2025-06-30,15708.47,1524.0,0.965,1.108,5739.01,7281.31,1.398,5719.97,7299.33,6030.91,1.156,0.969,6622.11,11090.51,2.444,23769.64,3.549,13855.61,4529.19,1.771,1.017,1032.23,5.306,0.933,9543.97
2025-07-01,15949.68,1534.43,0.961,1.109,5744.06,7301.53,1.401,5729.84,7323.62,6043.84,1.154,0.969,6639.14,11180.84,2.436,24015.5,3.569,13873.53,4538.76,1.776,1.02,1023.37,5.3,0.933,9606.86
2025-07-02,16069.74,1516.23,0.949,1.1,5748.83,7227.9,1.397,5731.18,7272.23,6033.81,1.154,0.969,6612.87,11261.08,2.41,24069.18,3.548,13893.82,4546.84,1.778,1.003,1010.93,5.283,0.929,9663.25
2025-07-03,16062.72,1519.45,0.97,1.108,5787.44,7266.88,1.412,5767.32,7309.33,6069.97,1.163,0.974,6652.98,11267.01,2.453,24074.05,3.593,13925.95,4550.18,1.783,1.014,1013.37,5.365,0.938,9675.56
2025-07-04,16362.31,1490.88,0.968,1.103,5802.17,7233.82,1.394,5788.3,7298.19,6083.92,1.168,0.975,6644.05,11329.13,2.444,24302.14,3.591,13987.42,4576.72,1.788,1.009,1013.23,5.368,0.937,9774.16
2025-07-07,16430.0,1477.05,0.956,1.104,5771.36,7251.59,1.4,5766.06,7285.46,6063.85,1.161,0.971,6641.56,11386.58,2.417,24426.11,3.556,13975.44,4566.87,1.792,1.006,1006.53,5.313,0.932,9783.3
2025-07-08,16389.72,1497.14,0.979,1.121,5820.38,7344.56,1.427,5814.49,7380.95,6122.17,1.168,0.982,6712.24,11380.98,2.473,24374.27,3.604,14076.77,4593.05,1.8,1.019,1020.67,5.386,0.944,9798.46
2025-07-09,16443.92,1486.19,0.983,1.118,5808.94,7325.34,1.421,5804.94,7353.11,6108.73,1.168,0.979,6699.43,11422.38,2.478,24506.08,3.592,14030.7,4580.9,1.798,1.01,1011.58,5.387,0.942,9779.03
2025-07-10,16631.62,1483.88,0.987,1.121,5842.97,7344.64,1.426,5835.13,7391.34,6140.49,1.174,0.984,6725.85,11508.42,2.485,24637.83,3.611,14080.48,4609.83,1.805,1.006,1008.46,5.414,0.947,9871.3
2025-07-11,16338.63,1497.2,0.993,1.131,5869.74,7408.99,1.435,5850.28,7447.9,6164.5,1.183,0.989,6756.97,11444.11,2.503,24414.19,3.615,14116.51,4623.29,1.807,1.017,1023.48,5.446,0.953,9834.36
2025-07-14,16446.45,1505.37,0.989,1.134,5872.07,7410.77,1.444,5856.98,7440.56,6168.13,1.181,0.988,6768.09,11512.01,2.494,24589.14,3.614,14155.77,4628.12,1.812,1.018,1021.37,5.439,0.952,9873.43
2025-07-15,16287.9,1488.04,1.01,1.128,5870.37,7389.17,1.433,5859.99,7438.75,6170.08,1.177,0.989,6755.11,11385.29,2.534,24362.01,3.628,14133.3,4612.29,1.805,1.025,1025.34,5.48,0.958,9808.19
2025-07-16,16208.49,1492.1,1.006,1.134,5850.89,7412.21,1.439,5845.41,7437.88,6158.54,1.173,0.989,6758.92,11344.88,2.527,24272.74,3.628,14107.1,4601.67,1.807,1.03,1026.77,5.461,0.956,9763.8
2025-07-17,16163.37,1505.34,1.026,1.151,5890.53,7497.21,1.456,5888.84,7519.46,6209.98,1.181,0.997,6823.71,11342.19,2.574,24228.66,3.69,14187.66,4612.68,1.812,1.049,1035.02,5.537,0.97,9761.5
2025-07-18,16264.19,1495.32,1.03,1.15,5943.21,7517.33,1.452,5930.93,7541.28,6247.47,1.192,1.004,6854.56,11395.88,2.58,24350.29,3.699,14307.54,4654.48,1.821,1.048,1036.95,5.574,0.974,9821.48
2025-07-21,16138.98,1530.88,1.038,1.163,5993.69,7586.78,1.477,5971.02,7617.78,6295.21,1.202,1.01,6917.02,11538.93,2.606,24354.24,3.73,14409.71,4667.49,1.838,1.053,1037.33,5.617,0.985,9875.83
2025-07-22,15978.36,1537.75,1.043,1.163,6059.46,7615.54,1.487,6020.61,7682.49,6347.8,1.216,1.02,6959.87,11728.79,2.622,24401.37,3.752,14552.93,4701.06,1.845,1.058,1045.95,5.67,0.991,9924.47
2025-07-23,16039.34,1513.51,1.043,1.16,6062.93,7582.03,1.47,6022.19,7661.91,6344.59,1.216,1.018,6940.37,11690.25,2.62,24431.9,3.736,14559.51,4716.25,1.843,1.066,1050.67,5.661,0.989,9963.75
2025-07-24,15814.91,1530.1,1.058,1.174,6114.67,7690.0,1.484,6065.46,7781.69,6404.15,1.225,1.03,7015.37,11741.68,2.664,24241.26,3.771,14680.76,4735.18,1.852,1.081,1063.0,5.708,1.0,9968.05
2025-07-25,15787.09,1538.02,1.055,1.176,6082.13,7696.53,1.491,6036.08,7790.85,6383.24,1.218,1.025,7006.33,11672.83,2.656,24078.49,3.787,14619.98,4708.65,1.843,1.088,1085.32,5.682,0.996,9902.0
2025-07-28,15798.8,1534.21,1.069,1.181,6089.02,7723.68,1.498,6050.25,7821.33,6400.86,1.224,1.029,7031.32,11553.33,2.683,23995.71,3.802,14659.3,4722.62,1.846,1.093,1086.26,5.706,1.001,9924.2
2025-07-29,15609.22,1544.7,1.09,1.192,6119.77,7774.06,1.505,6074.94,7862.29,6428.93,1.226,1.034,7063.5,11549.03,2.73,23854.57,3.813,14729.8,4732.44,1.852,1.114,1102.05,5.75,1.008,9874.16
2025-07-30,15708.16,1517.63,1.074,1.179,6116.02,7711.26,1.499,6073.86,7811.23,6417.06,1.223,1.031,7035.54,11579.49,2.686,23953.81,3.796,14765.6,4750.57,1.852,1.099,1089.83,5.703,1.001,9920.33
2025-07-31,15625.38,1499.95,1.05,1.173,5995.31,7645.63,1.484,5964.36,7702.95,6308.4,1.197,1.015,6938.95,11378.74,2.636,23667.0,3.728,14521.15,4677.51,1.834,1.099,1078.81,5.591,0.985,9765.12
2025-08-01,15664.1,1496.52,1.047,1.175,5953.46,7656.41,1.491,5934.19,7687.19,6281.5,1.19,1.009,6928.8,11378.49,2.638,23662.37,3.723,14410.17,4640.77,1.833,1.092,1067.52,5.577,0.983,9736.53
2025-08-04,15783.75,1510.89,1.052,1.194,5977.71,7735.9,1.514,5957.38,7747.24,6312.53,1.193,1.013,6980.53,11431.91,2.65,23805.49,3.722,14474.78,4666.49,1.841,1.112,1080.53,5.594,0.987,9772.06
2025-08-05,16036.41,1514.62,1.057,1.2,6012.74,7790.99,1.532,6005.31,7798.65,6360.96,1.199,1.021,7034.73,11556.36,2.658,24105.96,3.749,14586.63,4702.44,1.857,1.115,1084.89,5.621,0.992,9889.01
2025-08-06,16012.01,1538.58,1.063,1.211,6024.69,7875.9,1.544,6019.99,7865.81,6386.9,1.2,1.024,7078.03,11629.67,2.676,24138.66,3.76,14622.23,4713.72,1.862,1.134,1091.19,5.634,0.999,9894.11
2025-08-07,16079.01,1538.53,1.054,1.209,6027.05,7877.09,1.54,6021.72,7841.61,6383.02,1.199,1.023,7076.82,11649.33,2.658,24216.25,3.773,14635.98,4715.22,1.865,1.13,1089.59,5.621,0.998,9904.54
2025-08-08,16031.78,1519.83,1.052,1.203,6020.27,7849.72,1.539,6009.78,7825.49,6370.24,1.195,1.023,7061.74,11655.42,2.649,24257.01,3.767,14617.52,4700.39,1.867,1.114,1074.66,5.608,0.995,9906.21
2025-08-11,15869.29,1537.74,1.075,1.223,6044.71,7971.31,1.565,6035.47,7909.97,6408.49,1.2,1.028,7131.23,11605.78,2.7,24101.33,3.821,14615.23,4701.61,1.87,1.144,1081.04,5.686,1.01,9868.77
2025-08-12,15920.03,1528.16,1.09,1.226,6070.96,7993.91,1.562,6066.67,7942.64,6439.84,1.201,1.032,7155.27,11670.85,2.732,24186.2,3.83,14690.41,4730.45,1.875,1.151,1101.71,5.725,1.014,9900.56
2025-08-13,15750.54,1541.05,1.133,1.243,6114.86,8109.69,1.575,6114.81,8054.38,6501.46,1.211,1.044,7227.91,11610.69,2.833,24064.53,3.869,14761.93,4740.51,1.886,1.174,1109.84,5.836,1.032,9861.84
2025-08-14,15746.87,1510.42,1.126,1.226,6126.27,8008.95,1.544,6110.92,7957.77,6477.57,1.213,1.039,7167.33,11499.49,2.802,24052.98,3.839,14784.71,4769.72,1.877,1.159,1118.12,5.796,1.022,9875.17
2025-08-15,15516.88,1556.3,1.157,1.249,6151.41,8171.02,1.575,6154.1,8131.43,6548.7,1.221,1.052,7269.0,11527.07,2.874,23987.23,3.878,14860.09,4775.46,1.893,1.198,1134.14,5.877,1.04,9876.08
2025-08-18,15568.57,1662.04,1.189,1.274,6199.21,8308.89,1.595,6208.37,8254.95,6617.64,1.229,1.063,7369.17,11504.94,2.958,24052.83,3.934,14928.52,4785.57,1.903,1.221,1158.37,5.978,1.058,9891.46
2025-08-19,15586.22,1683.17,1.19,1.278,6149.79,8315.26,1.606,6185.28,8239.43,6596.3,1.214,1.056,7365.34,11493.94,2.95,24067.12,3.929,14829.67,4740.98,1.896,1.211,1145.44,5.965,1.059,9845.23
2025-08-20,15654.74,1702.66,1.195,1.287,6221.24,8387.38,1.621,6256.68,8329.8,6671.43,1.231,1.07,7437.19,11580.73,2.965,24261.25,3.985,15039.97,4799.94,1.917,1.238,1182.6,6.041,1.067,9936.41
2025-08-21,15749.27,1675.5,1.186,1.278,6259.33,8327.55,1.611,6281.17,8300.21,6684.09,1.239,1.073,7427.5,11642.85,2.947,24383.6,3.998,15118.84,4825.54,1.917,1.216,1183.63,6.046,1.066,9982.67
2025-08-22,15703.35,1686.97,1.232,1.299,6413.47,8453.44,1.621,6414.12,8447.82,6819.5,1.262,1.099,7550.81,11625.12,3.05,24316.62,4.056,15479.54,4937.55,1.941,1.263,1285.3,6.206,1.092,10070.72
2025-08-25,15816.17,1690.91,1.266,1.317,6559.32,8585.23,1.63,6548.68,8607.6,6958.8,1.283,1.122,7687.9,11710.41,3.136,24538.63,4.13,15844.6,5042.35,1.964,1.288,1326.37,6.337,1.111,10173.83
2025-08-26,15710.74,1678.14,1.258,1.311,6537.56,8583.86,1.641,6524.31,8622.67,6943.09,1.281,1.118,7679.52,11697.03,3.111,24479.24,4.2,15728.53,5008.48,1.959,1.283,1309.0,6.331,1.114,10117.17
2025-08-27,15423.86,1634.43,1.25,1.287,6445.76,8423.17,1.601,6427.05,8497.05,6840.22,1.259,1.1,7544.65,11486.08,3.089,24039.24,4.141,15491.98,4921.8,1.929,1.281,1310.74,6.257,1.099,9906.18
2025-08-28,15486.85,1638.64,1.309,1.306,6563.33,8550.28,1.616,6540.84,8681.04,6968.58,1.273,1.123,7663.45,11510.49,3.215,24084.89,4.201,15765.75,4993.22,1.949,1.319,1405.55,6.417,1.125,9965.97
2025-08-29,15365.75,1659.53,1.342,1.297,6615.15,8540.85,1.6,6591.65,8721.67,7016.91,1.304,1.134,7692.25,11503.57,3.282,23973.51,4.238,15870.87,5019.78,1.952,1.313,1381.56,6.504,1.139,9926.42
2025-09-01,15199.56,1653.6,1.374,1.309,6658.73,8612.75,1.614,6631.78,8803.82,7065.91,1.298,1.142,7753.77,11475.97,3.353,23941.26,4.234,16001.64,5029.0,1.961,1.346,1397.87,6.563,1.149,9852.77
2025-09-02,15497.86,1660.2,1.336,1.279,6626.44,8397.73,1.583,6583.03,8619.83,6988.17,1.295,1.13,7638.93,11512.16,3.263,24141.37,4.155,15948.18,5048.7,1.958,1.301,1368.13,6.436,1.128,9917.01
2025-09-03,15315.59,1635.49,1.354,1.26,6603.3,8274.96,1.548,6538.13,8505.06,6928.41,1.283,1.12,7547.18,11415.15,3.288,23873.24,4.098,15817.66,4994.91,1.934,1.295,1345.68,6.4,1.113,9788.63
2025-09-04,15434.62,1622.36,1.289,1.236,6447.1,8084.8,1.542,6400.17,8294.61,6775.52,1.268,1.096,7395.09,11410.18,3.152,23935.65,4.001,15460.77,4911.21,1.923,1.231,1263.8,6.24,1.083,9781.84
2025-09-05,15283.66,1705.84,1.394,1.271,6613.18,8320.0,1.582,6540.07,8561.47,6942.1,1.295,1.124,7584.23,11445.41,3.373,23827.44,4.139,15715.66,4964.78,1.939,1.289,1306.62,6.495,1.126,9790.26
2025-09-08,15195.59,1736.24,1.365,1.286,6639.64,8395.17,1.607,6550.87,8658.8,6971.53,1.302,1.129,7636.35,11533.79,3.331,23856.63,4.223,15757.96,4960.84,1.947,1.293,1314.15,6.498,1.132,9778.9
2025-09-09,15324.33,1699.76,1.336,1.266,6574.69,8297.98,1.583,6504.96,8580.6,6918.88,1.293,1.119,7567.22,11559.63,3.259,23956.77,4.181,15658.18,4941.85,1.939,1.271,1282.9,6.407,1.122,9802.54
2025-09-10,15341.66,1697.02,1.351,1.266,6587.23,8303.19,1.585,6518.42,8584.93,6930.3,1.291,1.121,7582.85,11503.05,3.294,23914.11,4.185,15699.04,4960.35,1.939,1.27,1296.94,6.426,1.123,9786.72
2025-09-11,15424.48,1724.02,1.432,1.303,6734.91,8498.09,1.61,6669.26,8821.49,7098.86,1.311,1.152,7755.39,11552.73,3.465,23996.86,4.319,15980.81,5033.73,1.961,1.318,1366.15,6.667,1.165,9878.0
2025-09-12,15187.03,1687.6,1.414,1.303,6716.02,8524.77,1.61,6631.51,8852.96,7076.26,1.306,1.143,7742.23,11494.04,3.431,23821.92,4.285,15960.81,5009.91,1.956,1.324,1378.5,6.593,1.157,9766.3
2025-09-15,15049.33,1694.01,1.437,1.299,6742.9,8516.68,1.61,6647.73,8840.35,7086.17,1.315,1.148,7748.89,11457.64,3.479,23638.18,4.31,15957.43,4999.91,1.949,1.325,1380.95,6.665,1.163,9719.97
2025-09-16,14892.94,1704.74,1.453,1.319,6725.24,8595.29,1.632,6634.83,8906.91,7090.5,1.309,1.15,7785.71,11458.41,3.504,23552.92,4.332,15931.13,4974.95,1.949,1.332,1399.13,6.665,1.169,9633.67
2025-09-17,14837.99,1694.52,1.48,1.328,6774.73,8677.3,1.636,6676.25,8992.88,7141.33,1.324,1.158,7838.61,11488.7,3.573,23636.22,4.374,16004.23,4984.68,1.949,1.357,1411.89,6.755,1.181,9649.8
2025-09-18,14555.47,1677.36,1.455,1.309,6701.16,8587.32,1.613,6598.84,8918.38,7064.95,1.306,1.144,7753.86,11284.48,3.514,23167.55,4.357,15832.46,4917.23,1.927,1.364,1422.11,6.688,1.169,9464.94
2025-09-19,14565.73,1663.49,1.455,1.296,6714.66,8544.12,1.607,6604.49,8882.2,7061.54,1.312,1.147,7730.4,11377.28,3.508,23315.69,4.381,15827.81,4912.03,1.93,1.346,1403.87,6.713,1.17,9488.48
2025-09-22,14419.13,1675.28,1.466,1.305,6757.1,8603.26,1.609,6634.84,8950.09,7099.84,1.317,1.152,7769.66,11305.11,3.531,23143.05,4.431,15936.52,4933.02,1.929,1.364,1451.26,6.749,1.178,9437.71
2025-09-23,14643.32,1631.28,1.476,1.285,6754.82,8510.27,1.588,6630.7,8896.12,7084.96,1.314,1.149,7721.71,11346.75,3.543,23308.95,4.411,15875.85,4928.53,1.927,1.348,1449.88,6.749,1.175,9477.25
2025-09-24,14597.86,1664.46,1.505,1.307,6852.91,8655.49,1.618,6699.32,9074.16,7176.85,1.336,1.165,7829.29,11375.76,3.62,23288.22,4.509,16003.73,4962.28,1.935,1.394,1500.53,6.865,1.197,9493.42
2025-09-25,14500.83,1642.08,1.53,1.303,6899.61,8623.94,1.612,6739.93,9096.53,7213.3,1.342,1.174,7842.1,11320.56,3.679,23097.26,4.531,16087.74,4984.61,1.935,1.39,1519.15,6.941,1.203,9446.7
2025-09-26,14525.26,1612.3,1.492,1.286,6824.8,8499.54,1.595,6676.92,8973.23,7137.6,1.329,1.16,7748.34,11354.81,3.585,23106.78,4.452,15973.44,4965.39,1.929,1.363,1494.77,6.815,1.184,9463.27
2025-09-29,14454.34,1623.42,1.539,1.301,6927.16,8614.86,1.605,6779.71,9109.48,7247.08,1.35,1.178,7855.48,11403.68,3.681,23103.06,4.523,16174.85,5019.46,1.947,1.389,1514.95,6.965,1.208,9524.18
2025-09-30,14344.25,1611.98,1.537,1.313,6985.52,8703.63,1.608,6811.55,9186.52,7288.51,1.356,1.185,7903.55,11376.91,3.685,22927.2,4.553,16351.17,5048.63,1.954,1.426,1540.58,6.979,1.209,9489.48
2025-10-09,14313.43,1609.01,1.543,1.321,7119.11,8787.62,1.618,6912.51,9355.76,7403.69,1.38,1.204,8007.66,11462.94,3.706,22980.36,4.636,16644.76,5102.1,1.98,1.442,1585.7,7.064,1.229,9573.0
2025-10-10,14382.77,1589.08,1.465,1.298,6937.3,8656.41,1.616,6776.93,9169.11,7257.79,1.347,1.177,7877.16,11581.0,3.546,23150.99,4.519,16345.24,5024.83,1.964,1.368,1496.68,6.85,1.198,9608.88
2025-10-13,14491.19,1568.52,1.441,1.295,6906.07,8640.55,1.615,6743.87,9142.55,7226.31,1.338,1.171,7848.36,11529.96,3.499,23292.91,4.461,16327.19,5011.92,1.956,1.381,1517.63,6.764,1.184,9595.13
2025-10-14,14857.71,1565.12,1.382,1.27,6803.87,8472.13,1.594,6663.26,8917.51,7114.93,1.325,1.151,7723.82,11659.07,3.361,23705.58,4.334,16144.9,5001.61,1.947,1.328,1453.02,6.595,1.154,9717.04
2025-10-15,14949.49,1590.55,1.419,1.294,6907.12,8599.29,1.618,6763.28,9041.34,7219.57,1.347,1.17,7839.34,11712.15,3.44,23828.56,4.409,16373.05,5070.61,1.968,1.352,1473.31,6.734,1.173,9797.04
2025-10-16,15164.38,1569.89,1.429,1.283,6931.3,8505.9,1.599,6782.75,8963.93,7218.02,1.348,1.166,7805.49,11757.64,3.453,23964.26,4.383,16386.12,5100.76,1.971,1.336,1459.48,6.751,1.17,9863.18
2025-10-17,15116.01,1511.0,1.381,1.244,6771.59,8257.92,1.564,6631.03,8697.55,7042.32,1.321,1.139,7607.1,11667.41,3.339,23881.1,4.263,16041.29,5014.62,1.939,1.28,1404.51,6.557,1.139,9757.18
2025-10-20,15099.52,1507.21,1.413,1.258,6802.71,8319.84,1.581,6666.75,8764.34,7084.57,1.324,1.145,7667.68,11754.93,3.404,23896.19,4.295,16070.37,5026.6,1.946,1.29,1409.47,6.618,1.147,9780.42
2025-10-21,15147.62,1537.95,1.463,1.278,6914.52,8440.49,1.62,6769.11,8908.15,7195.35,1.34,1.163,7791.13,11759.99,3.508,23980.89,4.382,16283.25,5081.34,1.966,1.32,1449.08,6.783,1.171,9821.06
2025-10-22,15294.31,1551.29,1.452,1.271,6888.55,8404.15,1.617,6746.87,8837.96,7162.86,1.332,1.16,7759.25,11771.55,3.481,24129.78,4.355,16223.76,5086.25,1.966,1.309,1448.3,6.747,1.164,9848.67
2025-10-23,15394.21,1534.73,1.452,1.272,6918.14,8399.5,1.623,6767.21,8856.42,7182.69,1.339,1.162,7769.99,11867.91,3.48,24258.42,4.357,16272.15,5114.66,1.971,1.301,1444.02,6.757,1.166,9925.59
2025-10-24,15326.16,1552.35,1.51,1.29,7023.63,8527.91,1.635,6852.31,9000.29,7280.04,1.347,1.179,7867.0,11806.38,3.605,24116.39,4.437,16446.33,5155.17,1.982,1.343,1506.85,6.891,1.188,9914.09
2025-10-27,15330.65,1549.26,1.541,1.305,7097.17,8615.55,1.647,6934.01,9150.83,7376.18,1.358,1.194,7962.24,11861.54,3.676,24129.77,4.504,16672.73,5195.96,2.009,1.362,1529.5,6.983,1.206,9974.91
2025-10-28,15305.38,1530.72,1.538,1.304,7048.56,8597.08,1.654,6899.53,9103.47,7339.1,1.348,1.188,7935.96,11799.23,3.672,24092.84,4.49,16538.85,5164.53,2.002,1.354,1516.7,6.96,1.201,9921.81
2025-10-29,14988.71,1659.52,1.59,1.319,7134.65,8700.44,1.654,6981.96,9277.14,7440.81,1.364,1.205,8027.79,11804.47,3.78,23899.92,4.567,16724.48,5185.87,2.014,1.369,1534.63,7.096,1.223,9926.97
2025-10-30,14994.58,1638.02,1.558,1.298,7093.8,8604.01,1.64,6926.26,9159.67,7372.06,1.355,1.194,7944.07,11756.03,3.711,23921.04,4.536,16608.74,5158.23,2.002,1.358,1505.95,6.998,1.212,9935.4
2025-10-31,14978.55,1669.02,1.513,1.305,6988.3,8629.04,1.653,6824.43,9092.06,7278.16,1.342,1.18,7900.7,11750.01,3.627,23909.16,4.48,16368.05,5098.87,1.992,1.354,1458.95,6.886,1.199,9857.96
2025-11-03,15174.91,1652.69,1.521,1.313,6998.68,8665.21,1.662,6843.6,9095.28,7293.79,1.339,1.182,7930.61,11855.99,3.638,24227.46,4.48,16392.05,5106.99,1.999,1.344,1443.83,6.895,1.201,9945.79
2025-11-04,15489.68,1612.15,1.488,1.296,6935.68,8547.56,1.655,6792.68,8943.01,7221.24,1.325,1.17,7848.88,11899.87,3.565,24481.86,4.405,16286.74,5101.27,1.987,1.322,1429.8,6.796,1.18,10006.23
2025-11-05,15488.71,1608.76,1.505,1.303,6956.11,8581.05,1.672,6805.38,8966.2,7236.14,1.325,1.17,7875.91,11949.86,3.599,24489.24,4.39,16297.17,5092.8,1.992,1.316,1433.05,6.81,1.183,10014.33
2025-11-06,15422.65,1602.69,1.535,1.317,7069.35,8681.05,1.677,6902.66,9110.94,7343.16,1.342,1.19,7971.41,11996.86,3.667,24494.83,4.47,16554.48,5155.06,2.007,1.348,1480.94,6.931,1.204,10094.61
2025-11-07,15401.44,1605.77,1.527,1.315,7054.3,8669.71,1.671,6881.46,9088.88,7321.88,1.341,1.188,7951.15,12011.57,3.649,24498.2,4.449,16519.01,5144.79,2.007,1.338,1459.12,6.888,1.2,10104.35
2025-11-10,15500.94,1595.0,1.504,1.32,7065.77,8694.28,1.692,6906.26,9108.77,7345.49,1.345,1.191,7982.76,12103.68,3.618,24720.03,4.454,16569.54,5172.84,2.016,1.326,1450.74,6.903,1.201,10187.63
2025-11-11,15555.51,1578.78,1.48,1.319,7004.75,8668.59,1.692,6843.18,9044.13,7282.41,1.338,1.179,7941.03,12078.72,3.566,24786.68,4.399,16419.41,5140.28,2.007,1.311,1430.1,6.808,1.19,10154.0
2025-11-12,15629.95,1571.91,1.481,1.312,7003.23,8606.24,1.683,6834.4,8984.53,7262.69,1.343,1.179,7909.01,12086.72,3.561,24974.03,4.391,16394.19,5156.65,2.006,1.299,1421.77,6.814,1.186,10190.99
2025-11-13,15622.73,1613.03,1.514,1.328,7117.04,8726.03,1.698,6917.02,9123.58,7357.07,1.36,1.194,8011.9,12119.24,3.645,24950.12,4.444,16575.04,5206.39,2.019,1.32,1442.22,6.92,1.206,10231.19
2025-11-14,15662.16,1596.77,1.47,1.31,6999.8,8625.32,1.692,6808.31,8975.12,7240.35,1.347,1.177,7909.79,12047.32,3.543,24866.34,4.373,16320.91,5146.7,2.004,1.306,1402.99,6.781,1.185,10163.78
2025-11-17,15458.98,1609.7,1.464,1.313,6955.63,8648.73,1.698,6764.12,8975.92,7206.11,1.332,1.169,7899.2,11988.34,3.533,24673.48,4.358,16207.58,5102.06,1.99,1.312,1395.58,6.732,1.182,10065.78
2025-11-18,15414.51,1562.62,1.449,1.302,6905.09,8562.78,1.68,6721.39,8871.4,7150.26,1.327,1.163,7826.45,11822.18,3.495,24493.08,4.336,16098.1,5086.72,1.978,1.31,1399.58,6.694,1.172,10004.16
2025-11-19,15544.84,1540.79,1.455,1.29,6943.19,8492.99,1.655,6750.96,8836.47,7165.73,1.33,1.165,7804.54,11840.74,3.502,24533.86,4.33,16170.71,5116.08,1.98,1.293,1386.05,6.702,1.171,10081.64
2025-11-20,15679.33,1524.36,1.44,1.282,6895.68,8439.19,1.645,6717.62,8761.06,7123.48,1.32,1.159,7754.57,11818.54,3.467,24647.36,4.293,16093.68,5096.39,1.978,1.284,1368.93,6.662,1.164,10093.28
2025-11-21,15521.06,1452.5,1.384,1.236,6730.16,8125.7,1.586,6554.04,8457.68,6930.56,1.297,1.127,7511.8,11610.37,3.327,24330.36,4.165,15716.84,5007.56,1.942,1.232,1325.28,6.489,1.123,9922.9
2025-11-24,15401.53,1461.62,1.384,1.252,6729.54,8227.71,1.611,6546.06,8521.64,6938.17,1.297,1.127,7556.66,11553.19,3.331,24181.8,4.171,15710.23,4998.78,1.935,1.248,1336.38,6.483,1.126,9871.28
2025-11-25,15606.12,1473.25,1.407,1.268,6796.59,8335.74,1.633,6608.54,8627.89,7009.77,1.303,1.138,7647.97,11611.44,3.392,24333.83,4.255,15806.9,5028.66,1.944,1.265,1342.11,6.567,1.143,9962.27
2025-11-26,15485.54,1467.1,1.447,1.268,6855.58,8334.17,1.633,6648.68,8640.94,7043.85,1.31,1.145,7666.59,11562.47,3.468,24184.62,4.284,15841.15,5034.76,1.942,1.283,1355.38,6.675,1.156,9932.22
2025-11-27,15567.61,1457.94,1.435,1.273,6832.92,8344.61,1.637,6645.41,8623.96,7037.63,1.305,1.144,7666.54,11581.72,3.451,24228.21,4.267,15849.34,5035.55,1.947,1.287,1350.91,6.652,1.15,9955.82
2025-11-28,15440.28,1463.61,1.448,1.291,6850.15,8433.17,1.661,6662.16,8723.54,7072.2,1.312,1.15,7724.31,11593.93,3.477,24193.82,4.299,15886.56,5031.06,1.954,1.301,1367.86,6.675,1.161,9930.32
2025-12-01,15557.95,1485.86,1.468,1.295,6931.76,8493.5,1.666,6735.49,8810.73,7148.13,1.325,1.163,7797.62,11690.06,3.52,24386.58,4.363,16058.39,5071.82,1.966,1.302,1377.76,6.766,1.177,10008.37
2025-12-02,15560.01,1474.82,1.46,1.286,6894.3,8409.0,1.661,6702.89,8734.51,7106.28,1.318,1.156,7748.09,11675.51,3.496,24364.51,4.333,15958.94,5046.05,1.959,1.282,1360.66,6.734,1.169,10003.06
2025-12-03,15422.05,1468.87,1.443,1.277,6857.62,8334.63,1.651,6668.62,8680.02,7067.82,1.313,1.15,7694.47,11652.59,3.459,24249.52,4.302,15905.33,5019.98,1.952,1.271,1348.53,6.696,1.16,9966.22
2025-12-04,15357.35,1463.43,1.461,1.275,6900.5,8335.07,1.639,6691.47,8700.85,7090.11,1.32,1.154,7696.19,11610.17,3.495,24137.53,4.313,15952.56,5039.06,1.951,1.29,1366.87,6.73,1.163,9964.72
2025-12-05,15268.65,1485.64,1.482,1.3,6960.38,8443.27,1.664,6747.36,8806.37,7156.43,1.335,1.167,7783.87,11620.64,3.539,24008.41,4.345,16067.93,5085.94,1.966,1.303,1366.81,6.793,1.176,10062.64
2025-12-08,15272.55,1504.58,1.53,1.315,7009.3,8536.16,1.681,6802.13,8898.84,7219.06,1.341,1.174,7863.03,11556.79,3.633,23952.31,4.381,16146.25,5115.34,1.973,1.328,1392.26,6.878,1.191,10089.32
2025-12-09,15263.32,1478.72,1.535,1.308,6966.87,8487.39,1.672,6767.6,8835.51,7178.48,1.329,1.168,7819.03,11451.03,3.652,23787.2,4.362,16049.11,5079.08,1.968,1.318,1388.46,6.859,1.188,10001.63
2025-12-10,15021.54,1466.13,1.532,1.312,6956.42,8519.25,1.674,6758.18,8878.77,7180.5,1.328,1.169,7827.85,11460.93,3.657,23662.09,4.376,16025.28,5063.28,1.964,1.318,1388.04,6.874,1.192,9955.86
2025-12-11,15071.97,1522.43,1.511,1.3,6901.18,8408.7,1.649,6700.71,8788.07,7116.16,1.321,1.159,7741.72,11369.87,3.604,23558.49,4.348,15915.25,5044.49,1.956,1.304,1366.53,6.787,1.179,9933.89
2025-12-12,15033.07,1527.22,1.527,1.312,6951.51,8476.76,1.649,6743.99,8896.48,7173.28,1.331,1.168,7800.03,11354.27,3.636,23567.11,4.371,16023.56,5074.33,1.959,1.329,1390.29,6.825,1.187,9979.0
2025-12-15,15054.71,1510.62,1.495,1.305,6896.26,8405.61,1.644,6703.6,8827.39,7126.94,1.325,1.16,7752.29,11421.49,3.574,23643.22,4.321,15929.3,5065.88,1.952,1.3,1359.39,6.745,1.175,10037.96
2025-12-16,14973.3,1518.74,1.463,1.279,6802.14,8259.04,1.627,6623.39,8687.68,7034.38,1.31,1.146,7640.0,11332.08,3.506,23537.64,4.276,15735.93,5011.26,1.939,1.276,1333.08,6.669,1.156,9974.27
2025-12-17,14993.23,1518.07,1.517,1.297,6920.81,8382.22,1.643,6745.78,8857.11,7166.27,1.33,1.169,7759.29,11364.87,3.625,23561.74,4.352,15949.56,5075.52,1.956,1.305,1366.02,6.829,1.185,10065.99
2025-12-18,15292.22,1510.36,1.479,1.291,6872.88,8363.45,1.641,6707.32,8811.52,7126.46,1.322,1.161,7729.55,11457.02,3.542,23793.11,4.313,15943.95,5087.13,1.959,1.3,1346.05,6.715,1.17,10131.41
2025-12-19,15224.0,1525.27,1.485,1.309,6903.74,8429.6,1.668,6734.07,8897.01,7165.66,1.329,1.169,7791.14,11477.2,3.559,23758.25,4.345,16014.11,5105.31,1.968,1.303,1348.76,6.753,1.178,10125.82
2025-12-22,15139.42,1528.9,1.521,1.319,6975.54,8519.95,1.683,6798.12,9004.06,7238.6,1.341,1.181,7869.38,11424.62,3.637,23617.05,4.4,16137.89,5132.3,1.978,1.323,1376.23,6.838,1.192,10106.35
2025-12-23,15195.24,1519.04,1.53,1.315,7002.52,8501.63,1.679,6811.77,9005.51,7249.58,1.344,1.185,7864.02,11426.52,3.649,23661.09,4.424,16150.85,5144.69,1.978,1.329,1381.15,6.861,1.195,10142.18
2025-12-24,15149.99,1524.96,1.539,1.338,7015.42,8632.7,1.701,6831.51,9123.92,7290.34,1.347,1.191,7934.5,11453.94,3.68,23684.06,4.452,16198.68,5140.73,1.988,1.354,1393.63,6.88,1.206,10122.38
2025-12-25,15142.03,1538.05,1.542,1.352,7024.91,8716.78,1.725,6845.16,9196.73,7316.59,1.349,1.193,7982.23,11486.25,3.691,23719.93,4.479,16238.86,5156.1,1.995,1.377,1390.47,6.874,1.209,10145.53
2025-12-26,15088.96,1543.41,1.544,1.349,7062.23,8746.89,1.713,6866.84,9256.45,7346.31,1.355,1.2,8008.84,11543.41,3.696,23678.98,4.493,16301.27,5177.46,1.997,1.376,1387.14,6.893,1.218,10164.65
2025-12-29,15243.67,1536.46,1.532,1.343,7016.63,8733.82,1.715,6840.53,9221.57,7318.28,1.344,1.195,7985.71,11518.27,3.672,23685.55,4.499,16238.81,5159.15,1.995,1.377,1387.65,6.865,1.211,10169.83
2025-12-30,15222.26,1530.33,1.544,1.347,7042.29,8737.43,1.707,6858.09,9256.75,7339.53,1.349,1.198,7996.31,11512.98,3.699,23657.76,4.516,16259.7,5162.41,1.997,1.381,1401.62,6.893,1.216,10162.71
2025-12-31,15238.01,1519.56,1.522,1.345,6998.76,8735.38,1.714,6826.62,9265.05,7316.72,1.341,1.194,7983.08,11522.96,3.65,23660.95,4.496,16233.82,5153.18,1.997,1.389,1385.46,6.831,1.211,10163.22
2026-01-05,15185.61,1546.98,1.566,1.375,7165.49,8917.79,1.74,6956.12,9495.41,7467.2,1.373,1.219,8140.73,11567.21,3.759,23650.81,4.596,16557.97,5269.85,2.019,1.43,1446.49,6.95,1.238,10265.63
2026-01-06,15264.04,1575.06,1.573,1.39,7282.97,9045.48,1.762,7063.68,9697.62,7594.52,1.393,1.241,8269.81,11705.23,3.784,23678.54,4.678,16866.27,5370.18,2.045,1.45,1473.18,7.022,1.255,10462.05
2026-01-07,15156.7,1578.47,1.578,1.395,7268.63,9093.48,1.759,7043.03,9773.26,7594.56,1.387,1.24,8284.53,11710.77,3.793,23558.84,4.685,16858.15,5346.98,2.045,1.487,1487.69,7.002,1.255,10392.08
2026-01-08,15017.61,1591.24,1.56,1.411,7217.03,9168.51,1.779,6985.57,9797.58,7554.86,1.368,1.233,8288.67,11672.42,3.766,23412.79,4.668,16795.24,5307.79,2.041,1.496,1499.84,6.926,1.249,10266.97
2026-01-09,14952.92,1608.0,1.567,1.44,7251.18,9349.9,1.803,7017.31,9999.26,7622.82,1.373,1.246,8386.28,11712.44,3.797,23425.43,4.726,16882.25,5328.63,2.059,1.533,1521.27,6.977,1.268,10265.08
2026-01-12,15004.18,1693.98,1.591,1.488,7282.0,9611.94,1.858,7063.39,10238.1,7709.96,1.373,1.259,8532.1,11753.44,3.862,23469.68,4.796,16976.21,5345.37,2.081,1.581,1558.24,7.021,1.292,10253.96
2026-01-13,15098.29,1651.59,1.56,1.457,7236.73,9434.98,1.837,7020.88,10106.76,7648.63,1.366,1.25,8432.08,11713.23,3.787,23529.13,4.753,16905.91,5327.09,2.065,1.535,1514.68,6.945,1.271,10296.99
2026-01-14,14831.71,1667.71,1.571,1.466,7219.65,9497.15,1.826,6994.02,10211.74,7650.13,1.358,1.249,8458.41,11634.13,3.817,23295.33,4.768,16804.77,5291.62,2.06,1.546,1546.98,6.952,1.276,10183.93
2026-01-15,14728.84,1629.7,1.582,1.465,7260.93,9478.36,1.817,7008.2,10206.26,7660.03,1.366,1.25,8444.26,11611.91,3.84,23241.76,4.787,16799.67,5280.57,2.059,1.56,1539.8,7.003,1.28,10159.59
2026-01-16,14568.75,1633.39,1.582,1.468,7236.47,9469.4,1.839,6983.07,10217.94,7642.92,1.359,1.246,8428.93,11513.77,3.833,23050.49,4.786,16753.02,5243.54,2.05,1.601,1560.54,6.994,1.277,10059.38
2026-01-19,14485.15,1633.71,1.563,1.473,7246.43,9507.26,1.868,6986.89,10286.54,7660.59,1.354,1.249,8463.38,11609.14,3.801,23090.38,4.803,16803.04,5237.02,2.059,1.58,1553.11,6.981,1.277,10088.39
2026-01-20,14595.96,1600.97,1.534,1.456,7210.66,9411.94,1.864,6963.9,10236.96,7632.02,1.347,1.244,8413.66,11762.03,3.738,23430.68,4.758,16817.25,5228.02,2.064,1.555,1528.52,6.916,1.265,10183.67
2026-01-21,14365.04,1603.24,1.542,1.469,7229.54,9486.63,1.883,6970.08,10351.53,7661.4,1.341,1.249,8460.5,11690.14,3.759,23239.36,4.793,16856.31,5222.11,2.062,1.574,1582.52,6.927,1.274,10066.42
2026-01-22,14305.29,1614.31,1.558,1.482,7217.64,9557.55,1.905,6971.03,10410.46,7674.76,1.341,1.25,8498.01,11775.25,3.798,23281.68,4.799,16824.01,5198.19,2.067,1.572,1588.96,6.954,1.282,10031.58
2026-01-23,14181.92,1675.93,1.562,1.513,7188.29,9743.2,1.93,6941.39,10661.89,7705.51,1.331,1.257,8578.24,11770.14,3.823,23220.56,4.836,16772.53,5162.55,2.081,1.624,1601.4,6.926,1.294,9961.21
2026-01-26,14235.6,1651.71,1.549,1.489,7200.93,9622.17,1.915,6947.98,10558.28,7688.45,1.335,1.256,8521.59,11846.94,3.786,23341.93,4.75,16809.49,5192.16,2.076,1.579,1579.85,6.891,1.284,10058.6
2026-01-27,14219.86,1650.9,1.563,1.497,7202.85,9641.4,1.923,6946.1,10610.82,7698.25,1.336,1.253,8533.69,11745.91,3.811,23214.71,4.746,16810.69,5196.94,2.074,1.622,1603.74,6.891,1.283,10016.66
2026-01-28,14131.44,1648.28,1.553,1.498,7237.46,9661.69,1.903,6964.26,10675.65,7726.32,1.342,1.262,8544.11,11929.22,3.789,23268.22,4.751,16914.45,5210.84,2.088,1.619,1602.53,6.865,1.283,10037.86
2026-01-29,14351.07,1620.38,1.547,1.483,7285.01,9583.95,1.883,7017.31,10572.23,7745.58,1.36,1.265,8528.35,12076.72,3.771,23604.81,4.715,17043.45,5296.62,2.091,1.579,1553.97,6.876,1.28,10212.42
2026-01-30,14295.68,1615.69,1.577,1.469,7209.05,9494.98,1.89,6947.51,10389.74,7651.97,1.347,1.249,8446.84,11955.83,3.821,23587.79,4.655,16755.22,5221.0,2.069,1.575,1555.78,6.88,1.274,10106.64
2026-02-02,14317.19,1582.86,1.539,1.417,7016.04,9173.57,1.832,6799.36,9975.82,7447.56,1.316,1.213,8216.2,11582.19,3.726,23287.6,4.548,16307.77,5113.12,2.024,1.504,1495.48,6.76,1.237,9947.15
2026-02-03,14200.76,1634.63,1.565,1.463,7109.87,9442.35,1.886,6879.27,10285.7,7576.38,1.337,1.237,8390.09,11670.15,3.795,23245.48,4.646,16535.48,5166.66,2.047,1.552,1516.27,6.852,1.264,9967.19
2026-02-04,14401.45,1623.09,1.555,1.466,7171.13,9440.07,1.89,6936.26,10301.04,7624.17,1.35,1.246,8428.36,11983.09,3.777,23597.22,4.644,16703.17,5225.67,2.06,1.537,1498.14,6.865,1.267,10151.44
2026-02-05,14641.04,1590.09,1.53,1.443,7119.0,9280.29,1.869,6895.07,10111.19,7551.3,1.346,1.232,8335.18,11932.84,3.709,23864.07,4.585,16597.26,5208.31,2.057,1.511,1476.54,6.827,1.249,10167.44
2026-02-06,14598.41,1604.44,1.519,1.439,7082.58,9261.34,1.875,6858.16,10111.65,7522.59,1.342,1.226,8317.1,11904.0,3.699,23785.92,4.603,16519.98,5177.51,2.052,1.502,1466.11,6.783,1.246,10128.12
2026-02-09,14651.04,1626.18,1.568,1.466,7202.64,9471.33,1.91,6970.39,10316.29,7654.09,1.358,1.248,8476.23,11984.85,3.805,23906.11,4.676,16775.02,5253.95,2.074,1.545,1502.97,6.91,1.271,10213.64
2026-02-10,14689.11,1616.34,1.565,1.474,7205.58,9490.37,1.905,6978.22,10310.28,7658.92,1.358,1.251,8481.85,12028.81,3.793,23965.78,4.703,16818.54,5263.55,2.076,1.551,1516.71,6.914,1.271,10211.96
2026-02-11,14718.92,1609.29,1.54,1.471,7194.74,9477.97,1.914,6962.88,10335.52,7652.35,1.355,1.249,8467.88,12116.3,3.75,24031.33,4.691,16849.98,5265.45,2.083,1.537,1499.83,6.85,1.267,10218.27
2026-02-12,14514.6,1617.44,1.56,1.483,7217.14,9564.61,1.919,6972.31,10457.58,7685.88,1.354,1.254,8505.18,12077.48,3.802,23808.98,4.702,16885.36,5251.99,2.084,1.561,1526.5,6.888,1.279,10161.52
2026-02-13,14414.15,1613.86,1.537,1.463,7117.7,9438.07,1.906,6884.89,10303.66,7584.63,1.337,1.237,8407.51,11902.31,3.74,23556.55,4.682,16655.24,5174.6,2.062,1.561,1515.51,6.814,1.265,10026.68
2026-02-24,14378.33,1619.83,1.557,1.479,7194.92,9547.29,1.934,6954.53,10419.52,7663.84,1.346,1.25,8498.96,12083.29,3.775,23708.59,4.732,16807.38,5186.5,2.074,1.537,1510.39,6.92,1.28,10110.18
2026-02-25,14308.88,1632.25,1.576,1.504,7255.06,9692.87,1.954,6996.4,10586.68,7732.36,1.358,1.263,8587.07,12148.72,3.831,23672.42,4.778,16895.64,5209.69,2.084,1.563,1518.56,6.971,1.296,10119.57
2026-02-26,14278.15,1629.83,1.571,1.512,7218.83,9766.82,1.968,6983.09,10623.5,7729.86,1.346,1.261,8604.84,12113.75,3.822,23625.73,4.809,16868.04,5175.83,2.086,1.58,1531.52,6.977,1.299,10062.56
2026-02-27,14274.96,1621.62,1.548,1.53,7189.55,9847.6,1.981,6959.11,10749.2,7738.08,1.34,1.265,8638.26,12235.11,3.782,23698.63,4.793,16890.85,5183.27,2.095,1.581,1533.75,6.91,1.299,10090.98
2026-03-02,14357.07,1556.85,1.544,1.51,7230.99,9751.11,1.944,6985.74,10749.05,7758.84,1.344,1.265,8607.52,12400.03,3.76,23930.94,4.803,16978.58,5195.27,2.106,1.561,1509.78,6.908,1.295,10174.54
2026-03-03,14503.71,1492.93,1.509,1.447,7093.27,9366.32,1.871,6878.23,10281.36,7574.64,1.326,1.238,8354.25,12498.39,3.672,24148.25,4.664,16687.4,5140.36,2.088,1.475,1431.07,6.783,1.258,10214.8
2026-03-04,14347.32,1489.03,1.486,1.442,7017.37,9311.18,1.863,6799.53,10240.81,7504.5,1.305,1.226,8293.63,12296.93,3.613,23844.46,4.695,16506.92,5072.05,2.064,1.47,1424.01,6.703,1.247,10099.05
2026-03-05,14478.67,1505.67,1.511,1.458,7086.7,9399.3,1.899,6866.11,10315.58,7572.51,1.318,1.238,8382.23,12283.01,3.673,23905.56,4.689,16632.79,5096.33,2.071,1.487,1448.54,6.798,1.259,10184.9
2026-03-06,14501.76,1505.81,1.514,1.475,7102.65,9488.72,1.928,6884.95,10379.09,7600.84,1.323,1.24,8441.05,12306.07,3.695,24028.0,4.725,16665.91,5103.58,2.081,1.5,1457.86,6.85,1.268,10203.22
2026-03-09,14406.72,1470.85,1.504,1.461,7039.73,9436.97,1.914,6818.49,10278.72,7527.43,1.312,1.229,8369.56,12314.48,3.667,24039.74,4.688,16495.85,5052.91,2.069,1.482,1433.21,6.776,1.257,10120.92
2026-03-10,14438.22,1499.44,1.551,1.481,7129.91,9605.17,1.955,6906.1,10441.53,7630.74,1.332,1.247,8500.29,12222.04,3.776,23970.42,4.777,16636.39,5085.05,2.081,1.52,1464.19,6.922,1.282,10125.16
2026-03-11,14566.83,1505.53,1.575,1.485,7186.6,9620.62,1.949,6950.03,10432.87,7663.18,1.346,1.253,8523.0,12399.88,3.821,24231.98,4.806,16683.29,5091.04,2.089,1.512,1444.14,7.002,1.292,10225.81
2026-03-12,14657.53,1488.72,1.559,1.476,7143.32,9588.86,1.927,6925.01,10378.42,7631.98,1.338,1.246,8477.98,12549.71,3.79,24363.53,4.796,16632.95,5067.53,2.086,1.5,1426.17,6.954,1.286,10277.58
2026-03-13,14716.23,1473.41,1.556,1.455,7122.9,9448.96,1.915,6897.8,10229.84,7578.87,1.334,1.238,8398.3,12503.36,3.78,24413.41,4.765,16525.85,5042.44,2.074,1.469,1415.84,6.969,1.277,10245.65
2026-03-16,14773.22,1468.23,1.58,1.452,7129.19,9445.58,1.919,6901.38,10162.0,7567.11,1.34,1.236,8393.45,12414.97,3.837,24407.56,4.76,16454.27,5037.73,2.065,1.484,1427.54,7.0,1.278,10169.64
2026-03-17,14896.07,1441.05,1.541,1.417,7088.63,9225.31,1.877,6850.97,9952.03,7482.73,1.339,1.221,8262.64,12322.82,3.75,24463.81,4.699,16360.93,5053.92,2.048,1.442,1395.76,6.943,1.257,10188.35
2026-03-18,14833.39,1451.02,1.578,1.427,7112.94,9313.58,1.901,6881.84,10051.85,7528.24,1.341,1.227,8329.13,12249.16,3.824,24374.85,4.711,16384.71,5050.25,2.055,1.475,1414.75,6.975,1.268,10169.79
2026-03-19,14804.2,1402.64,1.564,1.399,6978.59,9098.06,1.859,6770.92,9779.54,7383.24,1.319,1.206,8153.3,12177.32,3.784,24278.64,4.615,16072.15,4973.18,2.028,1.453,1380.18,6.888,1.245,10077.9
2026-03-20,14763.4,1388.48,1.59,1.372,6950.26,8953.35,1.815,6746.93,9634.21,7333.34,1.317,1.198,8054.35,12121.58,3.827,24200.71,4.588,15886.57,4917.98,2.007,1.444,1358.82,6.929,1.243,9996.6
2026-03-23,14279.29,1312.41,1.533,1.305,6736.52,8522.76,1.7,6526.78,9237.81,7076.46,1.281,1.16,7726.99,11813.9,3.698,23366.13,4.418,15368.66,4761.88,1.946,1.384,1300.2,6.726,1.196,9693.98
2026-03-24,14580.55,1337.83,1.538,1.342,6808.92,8743.33,1.78,6610.59,9432.26,7183.59,1.289,1.172,7889.42,11995.89,3.708,23838.16,4.468,15613.36,4827.58,1.968,1.412,1330.45,6.77,1.208,9820.86
2026-03-25,14672.39,1357.68,1.57,1.364,6907.0,8916.25,1.812,6703.28,9643.68,7301.29,1.31,1.193,8031.01,12025.27,3.789,24009.4,4.56,15813.26,4876.49,1.988,1.434,1355.83,6.899,1.232,9885.25
2026-03-26,14727.69,1336.3,1.549,1.35,6812.65,8787.64,1.785,6614.74,9487.83,7198.75,1.294,1.176,7913.95,12030.64,3.738,23994.48,4.5,15587.55,4817.04,1.973,1.407,1328.41,6.806,1.218,9811.22
2026-03-27,14654.28,1341.3,1.555,1.377,6867.7,8910.65,1.811,6651.72,9606.56,7253.08,1.308,1.185,7995.41,12059.75,3.772,23907.19,4.551,15665.65,4838.58,1.987,1.433,1340.73,6.855,1.229,9810.35
2026-03-30,14726.13,1330.01,1.544,1.377,6838.69,8935.52,1.817,6636.04,9626.56,7245.12,1.301,1.184,7999.46,12171.18,3.739,24138.25,4.559,15645.29,4831.59,1.992,1.433,1329.41,6.815,1.229,9812.81
2026-03-31,14821.79,1316.9,1.503,1.35,6764.3,8765.18,1.795,6574.14,9457.22,7160.48,1.295,1.174,7887.59,12029.08,3.645,24217.55,4.496,15545.21,4819.51,1.983,1.395,1294.93,6.728,1.21,9804.79
2026-04-01,14839.28,1348.37,1.53,1.375,6880.77,8931.23,1.821,6686.44,9622.69,7283.64,1.315,1.192,8028.42,12036.23,3.703,24235.59,4.567,15837.43,4909.33,2.004,1.441,1338.09,6.819,1.225,9885.91
2026-04-02,14917.24,1352.37,1.493,1.357,6796.44,8769.34,1.795,6616.78,9442.9,7190.7,1.302,1.174,7912.12,12064.34,3.625,24340.45,4.506,15677.95,4866.11,1.994,1.411,1300.97,6.732,1.204,9880.99
2026-04-03,14747.48,1323.64,1.485,1.339,6732.95,8669.47,1.77,6560.45,9355.55,7128.0,1.294,1.167,7819.03,11864.39,3.598,23998.61,4.462,15533.11,4827.14,1.98,1.406,1294.81,6.681,1.196,9779.99
2026-04-07,14610.07,1319.14,1.491,1.352,6741.09,8749.32,1.792,6560.3,9400.46,7137.51,1.289,1.166,7861.29,11924.35,3.61,23868.55,4.466,15554.0,4827.01,1.978,1.411,1313.16,6.671,1.198,9748.03
2026-04-08,14728.1,1379.29,1.585,1.418,6987.06,9151.65,1.871,6789.2,9864.88,7415.82,1.332,1.213,8181.28,12020.25,3.832,24097.43,4.662,16024.38,4957.54,2.024,1.495,1394.25,6.964,1.257,9911.89
2026-04-09,14603.65,1357.01,1.572,1.406,6955.46,9112.17,1.854,6745.86,9807.12,7369.6,1.329,1.206,8127.69,11929.3,3.803,23918.86,4.672,15898.26,4919.5,2.011,1.485,1385.24,6.943,1.249,9834.68
2026-04-10,14583.71,1379.55,1.636,1.42,7067.94,9200.62,1.869,6850.09,9894.94,7469.79,1.351,1.223,8222.39,11954.91,3.937,23900.46,4.764,16005.5,4944.78,2.016,1.506,1406.42,7.142,1.277,9873.98
2026-04-13,14586.1,1380.16,1.654,1.421,7095.04,9232.07,1.87,6864.25,9892.92,7480.42,1.352,1.225,8241.0,11945.58,3.973,23822.97,4.786,16004.91,4944.59,2.014,1.505,1417.55,7.186,1.289,9858.2
2026-04-14,14712.71,1396.25,1.698,1.443,7189.32,9369.18,1.897,6945.7,10042.99,7576.19,1.37,1.241,8345.76,11971.09,4.067,23926.42,4.867,16154.16,4986.73,2.031,1.54,1448.25,7.288,1.311,9927.19
2026-04-15,14870.01,1396.18,1.676,1.436,7173.96,9324.82,1.886,6922.33,9987.75,7546.1,1.371,1.235,8308.85,12013.84,4.022,24072.8,4.827,16146.69,5003.84,2.031,1.54,1449.54,7.222,1.296,9952.58
2026-04-16,14814.1,1414.91,1.733,1.463,7257.88,9470.7,1.927,6998.22,10156.62,7641.56,1.387,1.252,8424.32,12043.07,4.152,24069.1,4.908,16227.74,5013.31,2.043,1.567,1465.93,7.378,1.325,9959.96
2026-04-17,14753.24,1482.43,1.762,1.474,7214.28,9556.38,1.932,6986.81,10199.22,7641.79,1.375,1.251,8444.29,11963.46,4.204,24013.99,4.908,16119.72,4964.04,2.041,1.588,1467.09,7.414,1.33,9899.09
2026-04-20,14907.5,1498.99,1.761,1.471,7259.13,9614.33,1.952,7029.32,10293.37,7695.17,1.382,1.26,8506.54,11978.57,4.207,24104.1,4.955,16242.02,5002.88,2.057,1.593,1495.09,7.44,1.336,9935.2
2026-04-21,14962.66,1476.26,1.765,1.475,7284.31,9606.7,1.946,7045.26,10269.36,7702.46,1.39,1.262,8503.71,12084.28,4.217,24235.42,4.97,16258.85,5000.19,2.059,1.594,1470.52,7.471,1.337,9961.2
2026-04-22,14860.41,1499.74,1.805,1.5,7317.79,9756.41,1.958,7096.98,10400.88,7771.05,1.397,1.271,8586.37,12083.3,4.305,24135.44,5.062,16305.38,4997.63,2.071,1.627,1495.73,7.588,1.358,9928.08
2026-04-23,14914.37,1454.17,1.794,1.477,7301.56,9620.22,1.932,7077.31,10300.34,7734.13,1.392,1.267,8513.46,12144.11,4.271,24283.06,5.018,16284.74,4993.12,2.062,1.593,1476.61,7.556,1.347,9942.69
2026-04-24,14871.0,1445.94,1.761,1.469,7319.03,9552.95,1.926,7052.45,10241.57,7702.11,1.392,1.261,8470.52,12133.64,4.209,24247.26,5.008,16268.44,5022.31,2.053,1.599,1498.35,7.486,1.338,9905.81
2026-04-27,14819.01,1436.7,1.748,1.476,7316.1,9592.96,1.943,7054.79,10305.26,7717.6,1.387,1.262,8504.71,12107.45,4.184,24003.43,5.088,16303.38,5012.09,2.057,1.632,1554.73,7.495,1.342,9866.85
2026-04-28,14878.7,1398.79,1.717,1.457,7287.83,9464.4,1.918,7036.24,10187.62,7677.88,1.381,1.255,8437.84,12244.0,4.126,24087.32,5.036,16347.53,5031.48,2.052,1.61,1534.4,7.425,1.328,9929.64
2026-04-29,14824.88,1405.84,1.765,1.481,7393.61,9598.5,1.942,7113.72,10360.08,7775.36,1.402,1.273,8548.48,12364.05,4.232,24159.93,5.081,16454.96,5060.61,2.065,1.625,1539.4,7.562,1.353,9997.38
2026-04-30,14716.3,1404.65,1.759,1.488,7411.74,9643.87,1.95,7109.91,10370.0,7774.51,1.398,1.277,8568.02,12328.65,4.226,23959.91,5.117,16481.58,5091.31,2.065,1.672,1619.34,7.547,1.353,9939.88
2026-05-06,14589.34,1439.71,1.809,1.52,7554.39,9865.48,1.982,7213.12,10666.83,7918.77,1.412,1.299,8734.67,12363.89,4.337,23841.43,5.208,16764.38,5161.12,2.088,1.717,1707.86,7.66,1.384,9952.81
2026-05-07,14543.33,1483.69,1.838,1.547,7571.38,10026.5,2.015,7247.75,10801.41,7974.69,1.416,1.309,8826.17,12164.95,4.405,23759.49,5.256,16820.53,5165.81,2.096,1.759,1730.48,7.733,1.4,9909.07
2026-05-08,14533.42,1517.12,1.821,1.562,7507.3,10057.35,2.039,7205.74,10798.71,7941.32,1.412,1.303,8825.18,12123.91,4.36,23746.94,5.246,16727.66,5122.31,2.1,1.744,1691.05,7.668,1.392,9880.25
2026-05-11,14527.22,1506.51,1.888,1.571,7658.06,10202.84,2.061,7324.27,10981.8,8073.12,1.435,1.326,8962.49,12177.15,4.522,23746.49,5.338,16983.86,5187.2,2.117,1.803,1769.63,7.837,1.426,9927.54
2026-05-12,14493.48,1499.21,1.887,1.567,7657.8,10152.0,2.042,7318.93,10915.16,8054.65,1.437,1.323,8925.31,12158.76,4.514,23730.98,5.317,16959.43,5190.48,2.106,1.807,1776.94,7.828,1.419,9895.52
2026-05-13,14469.52,1519.33,1.944,1.594,7725.46,10305.81,2.075,7396.38,11079.48,8150.37,1.446,1.338,9036.7,12110.01,4.637,23748.44,5.386,17087.34,5201.89,2.125,1.838,1824.74,7.974,1.443,9880.04
2026-05-14,14505.48,1462.64,1.906,1.565,7580.99,10102.98,2.04,7272.54,10773.24,7987.98,1.427,1.311,8856.19,12001.03,4.538,23698.32,5.25,16752.36,5115.39,2.093,1.795,1778.35,7.831,1.412,9817.32
2026-05-15,14440.51,1455.79,1.892,1.554,7498.06,9993.5,2.029,7191.91,10607.64,7889.52,1.411,1.295,8760.23,11971.67,4.548,23538.15,5.17,16544.04,5048.87,2.077,1.786,1748.62,7.769,1.393,9742.55
2026-05-18,14302.06,1433.41,1.887,1.561,7447.6,10037.32,2.036,7153.47,10630.7,7864.46,1.394,1.29,8755.04,11916.51,4.494,23396.75,5.164,16477.97,5010.21,2.074,1.799,1762.75,7.714,1.393,9672.26
2026-05-19,14356.46,1442.08,1.876,1.577,7471.35,10140.25,2.077,7182.62,10722.88,7907.0,1.394,1.299,8821.66,11933.71,4.493,23550.81,5.225,16624.54,5042.82,2.086,1.831,1829.93,7.702,1.396,9707.15
2026-05-20,14229.61,1427.65,1.884,1.578,7486.98,10141.85,2.07,7180.41,10759.78,7913.2,1.395,1.302,8821.45,11896.07,4.505,23469.49,5.207,16652.01,5042.29,2.083,1.889,1888.58,7.708,1.392,9624.46
2026-05-21,14261.95,1400.64,1.84,1.527,7382.77,9800.34,2.002,7080.48,10467.11,7772.4,1.377,1.281,8610.47,11715.36,4.406,23344.84,5.12,16398.37,4986.26,2.053,1.793,1818.82,7.604,1.369,9574.95
2026-05-22,14232.68,1404.35,1.896,1.551,7471.28,10012.18,2.041,7172.75,10663.79,7886.62,1.388,1.296,8761.52,11695.25,4.521,23278.95,5.225,16505.68,4990.69,2.067,1.831,1846.63,7.778,1.398,9566.08
2026-05-25,14233.54,1393.21,1.935,1.561,7595.53,10135.74,2.054,7286.12,10822.34,8009.12,1.407,1.317,8870.74,11756.21,4.621,23244.58,5.322,16753.44,5067.81,2.077,1.888,1955.18,7.919,1.423,9586.49
2026-05-26,14265.03,1358.85,1.954,1.547,7630.73,10007.68,2.03,7325.64,10768.27,8028.37,1.413,1.322,8834.7,11766.83,4.645,23308.16,5.301,16803.43,5075.81,2.081,1.85,1925.97,7.987,1.426,9651.74
2026-05-27,14220.09,1326.79,1.962,1.523,7566.22,9846.92,1.983,7269.07,10611.3,7950.53,1.412,1.306,8716.65,11666.68,4.647,23153.76,5.23,16576.19,5013.07,2.067,1.827,1872.08,7.94,1.412,9577.83
2026-05-28,14128.62,1360.71,2.003,1.536,7581.43,9954.8,2.009,7278.67,10654.72,7967.34,1.412,1.308,8767.7,11646.8,4.74,23046.7,5.236,16497.97,4978.01,2.065,1.865,1901.78,8.036,1.423,9498.23
2026-05-29,14384.21,1317.6,1.965,1.493,7526.52,9694.89,1.944,7247.7,10404.48,7889.48,1.417,1.295,8619.07,11797.2,4.643,23517.1,5.142,16445.67,4992.04,2.052,1.79,1806.11,7.959,1.399,9609.75
2026-06-01,14553.92,1323.57,1.918,1.489,7433.05,9622.86,1.952,7177.02,10299.68,7811.83,1.398,1.279,8555.17,12111.54,4.541,23856.93,5.055,16327.43,4945.59,2.052,1.732,1715.84,7.826,1.377,9714.06
2026-06-02,14642.41,1326.2,1.98,1.485,7540.94,9669.32,1.943,7281.35,10358.93,7905.98,1.423,1.296,8619.78,12074.41,4.664,23818.93,5.123,16461.43,4990.96,2.059,1.753,1743.54,8.006,1.395,9736.64
2026-06-03,14506.6,1320.02,2.017,1.491,7579.03,9725.83,1.949,7317.46,10411.53,7945.44,1.43,1.305,8657.57,12070.01,4.749,23621.24,5.137,16486.48,4992.43,2.06,1.791,1780.28,8.076,1.409,9717.55
2026-06-04,14346.75,1304.41,1.997,1.49,7526.44,9712.48,1.936,7267.64,10406.86,7905.56,1.414,1.296,8621.37,12017.23,4.697,23325.75,5.141,16355.77,4941.94,2.05,1.812,1792.57,8.038,1.403,9643.16
2026-06-05,14535.41,1377.87,1.927,1.481,7366.18,9623.93,1.947,7140.2,10276.55,7778.12,1.391,1.276,8520.57,12026.09,4.556,23395.1,5.027,16139.84,4901.52,2.038,1.777,1720.74,7.837,1.375,9670.77
2026-06-08,14627.86,1396.16,1.852,1.432,7196.34,9325.26,1.887,6987.79,9919.66,7582.59,1.361,1.243,8287.19,11922.75,4.384,23472.92,4.887,15819.87,4831.65,2.004,1.739,1646.84,7.628,1.33,9640.76
2026-06-09,14702.75,1419.08,1.929,1.462,7305.06,9600.82,1.921,7118.71,10186.37,7742.0,1.38,1.268,8471.51,11915.02,4.55,23480.27,5.039,16023.83,4861.89,2.024,1.814,1715.48,7.833,1.37,9649.28
2026-06-10,14940.52,1374.19,1.872,1.439,7219.07,9463.4,1.901,7046.93,10048.72,7656.44,1.367,1.254,8366.23,11842.74,4.433,23628.55,4.93,15977.98,4888.43,2.016,1.789,1704.31,7.662,1.344,9694.12
2026-06-11,14896.37,1328.55,1.848,1.429,7188.13,9420.12,1.883,7009.13,10015.82,7619.87,1.359,1.248,8323.05,11801.99,4.388,23432.45,4.902,15952.01,4880.98,2.014,1.806,1714.85,7.585,1.335,9667.93
2026-06-12,15116.37,1318.3,1.855,1.447,7293.08,9471.9,1.908,7094.65,10105.91,7705.95,1.378,1.264,8401.33,11982.76,4.406,23664.67,4.95,16170.36,4962.74,2.035,1.793,1715.66,7.64,1.345,9787.93
2026-06-15,14889.32,1341.67,1.957,1.488,7466.69,9841.38,1.953,7265.64,10482.69,7919.32,1.405,1.294,8652.1,11863.66,4.634,23431.19,5.07,16468.0,5044.89,2.065,1.889,1803.45,7.881,1.399,9746.15
2026-06-16,14702.77,1355.43,1.986,1.512,7431.07,9987.23,1.992,7254.73,10610.44,7937.21,1.392,1.297,8708.53,11660.07,4.71,23081.02,5.105,16360.42,5002.55,2.057,1.932,1813.91,7.923,1.405,9622.38
2026-06-17,14567.27,1359.08,2.012,1.517,7506.17,10056.33,1.986,7325.56,10760.67,8024.39,1.393,1.314,8785.43,11551.09,4.792,22966.71,5.179,16515.86,5038.57,2.067,1.997,1898.91,8.029,1.426,9622.65
2026-06-18,14189.14,1343.73,2.058,1.533,7552.9,10136.07,2.002,7341.66,10822.88,8050.02,1.396,1.323,8817.69,11316.87,4.891,22409.93,5.221,16495.73,5028.75,2.059,2.046,1971.83,8.116,1.44,9358.28
2026-06-22,14297.77,1350.42,2.112,1.553,7736.38,10246.62,2.006,7517.35,11067.6,8239.7,1.428,1.353,8987.32,11437.51,5.017,22451.03,5.304,16927.19,5172.82,2.088,2.049,2010.42,8.264,1.476,9607.87
2026-06-23,14450.12,1360.79,2.027,1.528,7476.88,10032.21,2.006,7309.07,10843.26,8028.48,1.384,1.314,8797.01,11372.29,4.823,22570.31,5.181,16486.63,5025.53,2.06,2.028,1976.75,7.998,1.426,9533.0
2026-06-24,14092.68,1376.44,2.049,1.543,7539.01,10164.97,2.0,7344.52,11038.21,8096.96,1.392,1.325,8862.57,11209.8,4.878,22130.61,5.261,16602.35,5054.83,2.065,2.094,2052.27,8.044,1.441,9385.17
2026-06-25,13968.42,1357.32,2.115,1.544,7639.07,10203.51,1.97,7459.49,11158.5,8212.81,1.394,1.35,8937.93,11074.27,5.035,21871.42,5.34,16789.55,5112.65,2.069,2.121,2131.63,8.24,1.467,9389.27
2026-06-26,13848.73,1345.87,2.018,1.505,7417.53,9945.87,1.92,7244.11,10870.26,7982.73,1.355,1.309,8693.45,10863.39,4.829,21758.96,5.165,16434.35,5009.36,2.035,2.075,2096.55,7.923,1.423,9260.91
2026-06-29,13913.37,1301.88,2.025,1.505,7555.8,9942.25,1.915,7336.65,11018.45,8086.64,1.383,1.323,8754.16,10943.04,4.853,21903.1,5.156,16778.71,5154.35,2.045,2.148,2193.38,7.936,1.423,9366.51
2026-06-30,13585.64,1329.2,2.088,1.549,7667.45,10187.88,1.95,7415.78,11282.38,8204.0,1.395,1.344,8902.26,10737.09,4.999,21476.52,5.295,16786.09,5152.46,2.055,2.237,2277.83,8.16,1.46,9253.74
2026-07-01,13681.4,1343.91,2.031,1.571,7603.23,10265.54,1.993,7385.59,11279.84,8179.61,1.387,1.337,8918.35,10920.41,4.896,21700.15,5.269,16739.54,5145.29,2.062,2.224,2221.37,8.05,1.45,9427.95
2026-07-02,13846.03,1345.28,1.912,1.524,7367.2,9975.3,1.966,7167.86,10861.71,7920.69,1.365,1.295,8665.02,11024.15,4.624,21875.44,5.085,16346.76,5019.53,2.035,2.102,2050.36,7.723,1.407,9438.27
2026-07-03,13840.79,1368.23,1.914,1.528,7404.27,9970.94,1.978,7213.45,10926.75,7970.23,1.372,1.302,8704.17,11141.63,4.625,21943.08,5.186,16492.92,5052.5,2.043,2.127,2038.47,7.807,1.403,9459.37
2026-07-06,14104.83,1323.76,1.877,1.504,7398.52,9800.57,1.945,7213.96,10810.52,7946.5,1.37,1.298,8632.31,11372.2,4.548,22398.65,5.133,16586.27,5099.48,2.041,2.08,2059.62,7.733,1.389,9586.05
2026-07-07,14126.32,1313.26,1.863,1.467,7329.63,9603.76,1.896,7139.92,10634.07,7851.33,1.361,1.283,8490.19,11213.46,4.505,22265.94,5.101,16347.1,5037.27,2.021,2.068,2065.28,7.662,1.371,9476.98
2026-07-08,14258.53,1279.25,1.832,1.438,7288.86,9392.52,1.854,7085.31,10488.2,7777.88,1.354,1.267,8370.03,11276.44,4.43,22501.92,4.996,16233.26,5035.47,2.014,2.048,2080.39,7.567,1.349,9476.69
2026-07-09,14132.49,1284.91,1.926,1.465,7505.63,9604.38,1.869,7266.38,10818.18,7989.51,1.385,1.3,8571.46,11138.61,4.628,22268.54,5.163,16596.02,5165.24,2.038,2.17,2255.38,7.822,1.387,9484.59
2026-07-10,14223.91,1284.82,1.826,1.464,7316.42,9487.61,1.882,7132.35,10634.69,7845.48,1.355,1.282,8455.39,11129.62,4.424,22344.3,5.091,16451.45,5105.64,2.023,2.076,2130.69,7.569,1.358,9475.35
2026-07-13,14488.4,1197.77,1.773,1.396,7209.95,9012.75,1.784,7007.52,10177.67,7651.87,1.347,1.248,8166.55,11173.97,4.297,22726.92,4.907,16117.33,5034.58,1.992,1.953,2057.78,7.402,1.313,9492.2
2026-07-14,14510.81,1224.72,1.841,1.409,7395.8,9171.77,1.811,7158.68,10351.82,7807.49,1.369,1.273,8326.96,11409.1,4.43,22925.53,5.025,16373.16,5108.04,2.009,1.976,2073.68,7.649,1.343,9596.44
2026-07-15,14682.69,1202.7,1.816,1.394,7385.07,9048.68,1.797,7144.6,10192.16,7763.2,1.377,1.269,8268.34,11568.99,4.385,23217.77,4.995,16344.5,5127.94,2.006,1.915,1985.59,7.613,1.336,9706.48
2026-07-16,14552.57,1170.86,1.768,1.367,7241.94,8834.0,1.776,7018.51,9953.46,7613.96,1.357,1.244,8109.71,11455.85,4.265,23018.43,4.949,16025.39,5022.06,1.975,1.852,1905.73,7.491,1.313,9600.0
2026-07-17,14673.42,1143.9,1.639,1.295,6978.57,8298.78,1.673,6770.28,9402.29,7303.25,1.328,1.195,7725.17,11385.01,3.967,23075.67,4.717,15574.36,4897.52,1.934,1.684,1770.07,7.15,1.246,9609.28
2026-07-20,15014.39,1110.76,1.651,1.257,7137.5,8064.45,1.604,6874.72,9274.91,7359.25,1.353,1.201,7680.73,11748.64,3.983,23694.15,4.627,15867.08,5045.95,1.944,1.611,1773.51,7.188,1.229,9878.39
2026-07-21,14689.82,1146.73,1.766,1.291,7395.62,8405.69,1.646,7085.43,9762.78,7627.16,1.392,1.246,7946.71,11621.15,4.249,23382.63,4.803,16259.59,5151.55,1.971,1.758,1963.87,7.51,1.285,9809.76
2026-07-22,14856.55,1141.85,1.703,1.275,7346.79,8289.77,1.632,7052.97,9704.31,7589.36,1.382,1.238,7889.03,11760.66,4.108,23520.29,4.764,16331.66,5181.41,1.968,1.723,1919.59,7.389,1.269,9903.66
2026-07-23,14939.89,1142.45,1.712,1.287,7372.23,8333.27,1.664,7069.24,9682.75,7597.73,1.394,1.242,7923.79,11875.2,4.121,23624.67,4.782,16339.81,5160.14,1.98,1.682,1846.94,7.412,1.275,9995.1
2026-07-24,14985.79,1096.43,1.668,1.255,7259.66,8102.14,1.623,6952.09,9430.71,7452.77,1.378,1.216,7748.76,11666.9,4.019,23414.06,4.703,16102.4,5121.29,1.956,1.66,1844.37,7.252,1.246,9896.7
2026-07-27,14987.02,1122.15,1.718,1.302,7331.79,8372.11,1.681,7031.82,9666.23,7564.73,1.392,1.237,7913.13,11731.04,4.138,23508.62,4.829,16163.3,5111.05,1.973,1.717,1865.78,7.417,1.277,9898.85
2026-07-28,15212.78,1121.46,1.579,1.268,7090.46,8137.67,1.664,6833.9,9320.28,7336.44,1.362,1.197,7697.01,11744.58,3.843,23703.67,4.65,15949.43,5063.88,1.954,1.614,1747.65,7.074,1.223,9940.58
2026-07-29,15240.65,1131.05,1.604,1.277,7154.02,8217.51,1.668,6880.4,9421.96,7394.32,1.383,1.207,7756.82,11919.96,3.897,23922.34,4.666,16006.07,5050.24,1.959,1.613,1732.77,7.15,1.234,10009.73
2026-07-30,15633.3,1114.88,1.536,1.245,7069.86,7992.94,1.616,6806.04,9152.83,7279.61,1.375,1.188,7606.4,12059.12,3.746,24318.95,4.523,15991.96,5069.79,1.951,1.508,1639.54,6.967,1.204,10159.93
2026-07-31,15419.44,1151.22,1.583,1.277,7120.27,8195.8,1.665,6866.0,9384.34,7375.13,1.38,1.205,7744.01,12041.68,3.858,24227.62,4.62,16079.64,5065.43,1.968,1.58,1688.94,7.07,1.224,10079.08
2026-08-03,15501.42,1143.57,1.57,1.278,7037.32,8200.75,1.687,6799.37,9285.19,7301.88,1.367,1.19,7705.4,12000.51,3.809,24271.39,4.547,15904.93,5003.19,1.956,1.525,1603.18,6.998,1.215,10076.59
2026-08-04,15080.67,1162.08,1.666,1.315,7148.2,8431.77,1.733,6885.8,9526.84,7420.42,1.385,1.211,7860.48,11806.28,4.026,23746.58,4.685,15938.15,4988.66,1.966,1.603,1668.7,7.226,1.254,9901.29
2026-08-05,14911.95,1189.68,1.679,1.357,7216.37,8679.89,1.777,6971.44,9779.45,7540.61,1.389,1.232,8018.01,11781.7,4.078,23456.24,4.773,16235.57,5067.33,1.992,1.689,1748.52,7.3,1.277,9892.62
2026-08-06,14962.16,1193.31,1.664,1.373,7184.75,8723.22,1.805,6961.2,9805.18,7537.87,1.381,1.231,8037.87,11923.77,4.055,23489.08,4.769,16240.35,5060.52,2.002,1.717,1756.39,7.25,1.277,9888.26
2026-08-07,14864.02,1205.39,1.679,1.392,7250.95,8896.22,1.831,7027.38,9996.67,7629.98,1.388,1.245,8150.96,11908.81,4.108,23344.97,4.858,16461.76,5130.34,2.018,1.797,1801.05,7.324,1.292,9864.4
2026-08-10,14927.09,1193.31,1.659,1.402,7256.24,8959.22,1.852,7039.72,10061.11,7653.13,1.397,1.247,8194.2,12031.86,4.077,23450.39,4.856,16542.56,5143.01,2.029,1.802,1794.6,7.292,1.293,9940.05
2026-08-11,14917.97,1183.05,1.666,1.395,7200.45,8917.93,1.838,6983.35,9981.68,7592.08,1.387,1.239,8136.16,11967.12,4.084,23457.39,4.831,16308.19,5077.49,2.016,1.787,1765.4,7.286,1.286,9895.05
2026-08-12,14864.71,1185.83,1.697,1.416,7250.37,9028.83,1.878,7023.97,10079.11,7644.44,1.392,1.247,8214.54,11928.98,4.148,23353.63,4.87,16363.15,5092.15,2.024,1.819,1793.79,7.353,1.299,9866.26
2026-08-13,14936.24,1166.66,1.69,1.399,7199.37,8939.03,1.854,6984.85,9982.73,7593.49,1.384,1.238,8146.04,11825.08,4.129,23322.15,4.819,16229.7,5074.36,2.018,1.805,1773.92,7.309,1.291,9847.19
2026-08-14,14850.17,1155.73,1.712,1.411,7199.96,9001.78,1.876,6988.12,10010.81,7601.91,1.381,1.239,8170.61,11855.31,4.176,23235.83,4.826,16224.21,5054.21,2.016,1.838,1773.85,7.33,1.294,9779.63
2026-08-17,14817.77,1177.79,1.765,1.449,7326.59,9231.83,1.925,7100.77,10254.26,7741.54,1.398,1.262,8336.55,11902.2,4.303,23304.91,4.94,16444.36,5104.96,2.041,1.904,1847.35,7.505,1.327,9817.3
2026-08-18,14912.06,1209.26,1.748,1.443,7303.15,9205.94,1.926,7077.88,10245.01,7721.53,1.395,1.258,8315.86,11977.44,4.265,23386.59,4.916,16420.95,5096.8,2.043,1.925,1849.44,7.448,1.321,9861.77
2026-08-19,15180.64,1150.07,1.64,1.37,7085.2,8709.9,1.834,6873.44,9751.76,7457.44,1.368,1.216,7973.95,12017.48,4.007,23664.67,4.689,16066.15,5018.57,2.006,1.787,1722.04,7.136,1.255,9909.4
2026-08-20,15239.26,1149.42,1.643,1.384,7081.98,8793.61,1.867,6879.65,9835.63,7479.8,1.369,1.217,8023.23,12086.21,4.023,23803.54,4.692,16041.28,4994.09,2.006,1.829,1707.03,7.155,1.26,9910.39
2026-08-21,15194.35,1142.83,1.676,1.388,7139.46,8807.63,1.863,6922.19,9840.9,7514.48,1.378,1.224,8051.98,12077.73,4.078,23696.52,4.728,16056.14,5002.72,2.007,1.816,1707.63,7.243,1.271,9919.38
2026-08-24,15397.04,1119.71,1.621,1.366,7032.82,8679.82,1.838,6838.79,9668.94,7412.83,1.367,1.208,7938.04,12238.05,3.96,23951.9,4.645,15919.96,4980.61,1.999,1.761,1654.73,7.095,1.246,9994.81
2026-08-25,15300.15,1129.89,1.602,1.371,7011.27,8721.56,1.868,6822.16,9661.24,7398.1,1.362,1.204,7957.71,12163.93,3.917,23923.23,4.648,15936.25,4988.77,2.004,1.748,1657.06,7.062,1.24,9982.53
2026-08-26,15419.62,1134.96,1.612,1.37,7068.38,8741.54,1.864,6880.36,9736.34,7459.69,1.375,1.214,8004.94,12250.09,3.932,24009.1,4.696,16072.27,5040.08,2.011,1.748,1685.39,7.117,1.249,10064.66
2026-08-27,15261.05,1142.39,1.635,1.405,7114.77,8959.83,1.892,6941.92,9956.86,7554.21,1.377,1.228,8131.2,12293.61,4.003,23870.95,4.758,16249.32,5083.85,2.028,1.81,1748.86,7.171,1.268,10051.13
2026-08-28,15183.05,1130.52,1.611,1.402,7077.7,8927.66,1.898,6911.23,9893.12,7516.7,1.374,1.222,8099.16,12327.11,3.944,23905.28,4.736,16212.74,5071.73,2.026,1.777,1716.5,7.14,1.258,10051.87
2026-08-31,15437.15,1132.11,1.612,1.415,7073.85,9003.42,1.912,6935.2,9964.71,7550.54,1.367,1.223,8146.12,12385.39,3.959,24079.02,4.751,16254.29,5095.24,2.04,1.822,1739.75,7.117,1.263,10127.81
2026-09-01,15726.7,1147.31,1.594,1.398,7054.54,8911.83,1.913,6914.98,9847.68,7510.21,1.365,1.221,8105.12,12386.75,3.909,24370.84,4.701,16226.48,5103.82,2.04,1.759,1701.69,7.072,1.253,10221.2
2026-09-02,15734.75,1175.97,1.553,1.382,6942.79,8787.53,1.898,6819.79,9685.94,7401.37,1.346,1.201,7998.36,12203.78,3.821,24215.41,4.631,16056.23,5056.32,2.024,1.733,1670.86,6.931,1.23,10129.77
2026-09-03,15655.95,1157.04,1.551,1.389,6948.43,8806.84,1.895,6826.8,9718.7,7413.72,1.349,1.203,8007.15,12208.59,3.815,24192.28,4.63,16096.92,5065.09,2.024,1.738,1664.22,6.926,1.232,10166.73
2026-09-04,15797.24,1155.93,1.543,1.369,6949.96,8700.26,1.888,6820.68,9590.08,7382.11,1.355,1.198,7957.04,12239.09,3.786,24301.44,4.601,16085.95,5073.25,2.021,1.7,1629.3,6.903,1.223,10216.36
2026-09-07,15566.13,1165.71,1.6,1.389,7001.51,8852.54,1.904,6861.13,9723.93,7441.92,1.359,1.207,8043.04,12091.59,3.911,24075.64,4.66,16073.58,5052.29,2.019,1.751,1668.72,7.03,1.243,10079.33
2026-09-08,15623.78,1154.45,1.581,1.397,6970.1,8876.15,1.917,6836.94,9738.31,7425.81,1.353,1.204,8045.49,12250.47,3.868,24311.04,4.653,16082.04,5047.21,2.023,1.734,1643.38,6.971,1.237,10079.19
2026-09-09,15653.03,1149.73,1.579,1.393,6985.06,8863.9,1.91,6857.95,9735.23,7441.76,1.354,1.208,8051.59,12387.45,3.864,24385.4,4.664,16125.89,5050.4,2.031,1.722,1632.12,7.0,1.239,10144.56
2026-09-10,15892.22,1117.42,1.58,1.375,6936.6,8793.6,1.884,6825.04,9672.56,7402.73,1.347,1.2,7989.19,12304.81,3.847,24465.64,4.622,16060.7,5046.74,2.024,1.708,1620.93,6.945,1.231,10182.15
2026-09-11,15818.52,1087.72,1.566,1.346,6881.37,8607.84,1.844,6768.2,9500.57,7322.03,1.335,1.188,7876.51,12094.98,3.827,24232.45,4.583,15872.22,4985.04,2.006,1.665,1604.58,6.912,1.218,10083.63
